:R10,18571.068,8520.586,8980.78,8510.544,44583.0,:R15,22464.562,9032.927,9018.698,8881.8,49398.0,:R20,19588.639,8765.369,9185.042,8628.928,46168.0,:R26,9701.305,3942.6824,5040.19,5025.8223,23710.0
:R10,19526.762,8969.993,9474.425,9718.811,47690.0,:R15,21082.375,8981.598,9226.455,8989.575,48280.0,:R20,16634.873,9214.987,9128.177,9136.97,44115.0,:R26,9196.875,4128.907,4863.12,4892.097,23081.0
:R10,19328.426,8803.509,8593.443,8651.639,45377.0,:R15,21759.303,8970.498,8967.683,9060.531,48758.0,:R20,17695.656,9675.936,9633.438,9356.969,46362.0,:R26,9449.177,4455.9707,5177.265,4818.587,23901.0
:R10,18710.918,7959.459,10852.524,10841.118,48364.0,:R15,20669.264,8808.39,8758.145,8658.19,46894.0,:R20,19430.29,8927.687,8724.768,9072.268,46155.0,:R26,9121.025,3967.6628,4543.8022,4634.499,22267.0
:R10,19378.414,8631.417,8608.936,8898.221,45517.0,:R15,21179.623,8853.826,8799.958,8499.584,47333.0,:R20,18710.22,6680.2417,9014.882,9374.663,43780.0,:R26,9310.677,4238.685,4893.528,4827.11,23270.0
:R10,18456.623,11004.525,11310.341,8034.4873,48806.0,:R15,19962.723,8799.511,8619.392,8615.367,45997.0,:R20,19996.918,9259.565,9382.814,9031.689,47671.0,:R26,9815.253,4619.6567,5281.8647,4830.2236,24547.0
:R10,18700.324,8127.9126,8553.398,8419.345,43801.0,:R15,21571.398,9005.333,8953.707,9265.557,48796.0,:R20,18892.059,9006.079,8399.835,8550.037,44848.0,:R26,9714.815,4247.87,4895.224,5006.094,23864.0
:R10,19575.25,9516.259,6864.614,9476.873,45433.0,:R15,20799.912,9006.417,8939.383,9064.312,47810.0,:R20,19806.31,9085.185,9119.458,9902.042,47913.0,:R26,9655.39,4180.2666,4837.254,4816.086,23489.0
:R10,19720.232,8764.62,9177.795,8591.352,46254.0,:R15,20766.947,8847.317,9000.555,8607.191,47222.0,:R20,18602.193,8119.6523,8193.133,8364.026,43279.0,:R26,9966.853,4134.9614,5010.8364,4725.3423,23838.0
:R10,19085.707,8897.152,8923.117,8969.017,45875.0,:R15,20918.957,8999.368,9013.59,9229.08,48161.0,:R20,19034.758,8602.405,8927.265,8494.572,45059.0,:R26,9348.017,4255.1113,4777.683,4750.187,23131.0
:R10,19619.275,8683.892,8484.397,8918.438,45706.0,:R15,21986.834,8753.806,8894.088,9129.278,48764.0,:R20,18235.303,8552.018,8749.384,8165.288,43702.0,:R26,9893.735,4511.8413,5172.8716,5039.554,24618.0
:R10,19435.885,9357.201,9058.522,6958.3823,44810.0,:R15,21434.832,8916.608,8949.337,9080.236,48381.0,:R20,18831.414,8724.609,8677.937,8600.053,44834.0,:R26,9533.162,4171.775,4982.8228,4677.2363,23365.0
:R10,17093.475,10121.382,9647.426,9701.735,46564.0,:R15,22081.947,9048.434,8782.0625,8891.531,48804.0,:R20,20540.447,9842.969,9841.777,9433.794,49659.0,:R26,9600.17,4217.7925,4861.932,4830.106,23510.0
:R10,20334.602,9240.079,9294.993,8904.327,47774.0,:R15,22121.824,9045.745,8998.635,9084.783,49251.0,:R20,19490.828,9069.643,8524.601,9107.91,46193.0,:R26,9130.669,3888.2783,4760.0986,4698.9624,22478.0
:R10,19846.293,9404.402,9432.059,8954.26,47637.0,:R15,20568.984,8545.248,8928.876,8896.909,46940.0,:R20,20152.39,9124.722,9460.438,9207.456,47945.0,:R26,9308.399,4181.579,4681.14,4877.8823,23049.0
:R10,18571.504,8264.13,8618.992,8377.379,43832.0,:R15,21240.863,9178.843,9065.505,9190.765,48676.0,:R20,18739.432,8704.737,8330.115,8426.728,44201.0,:R26,9464.057,4189.2856,4877.6685,4840.988,23372.0
:R10,19595.656,8652.531,8897.667,9141.127,46287.0,:R15,21865.115,8771.214,9010.81,8741.857,48389.0,:R20,20196.86,10520.52,9859.111,7381.505,47958.0,:R26,9694.026,4334.478,5109.392,4784.098,23922.0
:R10,19331.42,8419.458,8568.202,8848.917,45168.0,:R15,22249.986,9072.597,8808.939,9262.488,49394.0,:R20,18869.744,8568.667,8417.527,8307.066,44163.0,:R26,9582.577,4191.1655,4873.0103,4991.2456,23638.0
:R10,19581.115,9488.215,10269.742,7257.94,46597.0,:R15,21762.725,9127.878,8989.271,8674.121,48554.0,:R20,18929.342,8842.591,8751.501,8950.545,45474.0,:R26,9174.735,4347.056,5190.466,4831.7407,23544.0
:R10,18996.281,8673.9375,8450.68,8575.12,44696.0,:R15,22160.088,8709.1,8751.226,8909.567,48530.0,:R20,17801.34,9700.298,10036.129,10121.226,47659.0,:R26,9629.836,4471.3047,4821.0635,5181.792,24104.0
:R10,19093.04,8782.143,8310.317,8437.509,44623.0,:R15,22647.736,9195.346,9014.338,9155.576,50013.0,:R20,20408.127,9412.542,9066.996,9572.333,48460.0,:R26,9190.789,4069.0706,4774.2134,4832.9233,22867.0
:R10,19303.102,8633.02,8710.374,8735.507,45382.0,:R15,22361.203,9076.886,8903.427,8813.505,49155.0,:R20,19341.838,8903.367,8928.95,8943.84,46118.0,:R26,9171.706,4075.0674,4697.7925,4667.443,22612.0
:R10,18874.48,8052.1187,8589.965,8182.4346,43699.0,:R15,21306.06,8888.123,8653.702,8752.115,47600.0,:R20,19601.088,9024.917,8940.67,9214.337,46781.0,:R26,8938.999,4154.0815,4894.43,4662.482,22650.0
:R10,18643.828,8675.749,8524.91,9305.516,45150.0,:R15,20704.64,8950.67,9086.464,8988.238,47730.0,:R20,17685.871,9258.603,9339.36,9123.154,45407.0,:R26,9486.709,4197.606,4914.9487,4713.73,23313.0
:R10,19468.496,8745.456,8937.7,8723.3545,45875.0,:R15,21657.768,9116.418,9220.534,9165.267,49160.0,:R20,19199.875,8754.178,8916.696,8651.274,45522.0,:R26,9320.455,4225.9478,4744.111,4889.4946,23180.0
:R10,17932.857,9609.969,9729.698,9567.468,46840.0,:R15,21331.873,9139.876,9263.216,8956.005,48691.0,:R20,19360.209,8616.229,8696.398,9068.173,45741.0,:R26,9913.896,4496.463,5274.9556,5196.6816,24882.0
:R10,19209.27,8744.236,8732.663,8610.845,45297.0,:R15,21297.66,8907.024,8844.453,9051.873,48101.0,:R20,18402.305,8578.464,7849.56,8454.672,43285.0,:R26,9249.294,4049.5244,4556.0244,4674.152,22529.0
:R10,20290.16,9070.512,9305.62,9884.6875,48551.0,:R15,20886.611,8984.321,8983.464,8883.581,47738.0,:R20,19485.498,8597.275,8578.181,8908.042,45569.0,:R26,10019.493,4461.574,5210.203,4778.7285,24470.0
:R10,19473.465,8987.864,8756.865,9361.829,46580.0,:R15,21174.82,8822.788,8973.626,8947.761,47919.0,:R20,19484.035,8833.825,8687.908,9698.24,46704.0,:R26,9616.647,4232.562,4875.729,4907.0576,23632.0
:R10,17435.719,10153.149,9618.733,9925.398,47133.0,:R15,22256.617,8811.215,9058.219,8951.975,49078.0,:R20,20871.35,8345.165,11203.905,7905.569,48326.0,:R26,9099.319,4064.7227,4814.851,4669.11,22648.0
:R10,19443.783,8826.202,9063.057,8745.953,46079.0,:R15,20730.74,9115.566,9077.567,9000.125,47924.0,:R20,20020.176,9814.222,9027.116,9628.504,48490.0,:R26,9587.565,4052.495,4769.6177,4850.3203,23260.0
:R10,19138.408,8401.58,8716.268,8942.745,45199.0,:R15,22655.238,9187.097,8917.05,9030.623,49790.0,:R20,19788.709,8820.798,9138.0205,9506.491,47254.0,:R26,8880.99,3965.157,4494.4023,4780.4565,22121.0
:R10,20227.734,9590.524,8758.102,9477.653,48054.0,:R15,20368.371,8959.396,9034.445,8898.776,47261.0,:R20,17917.322,9486.547,9754.852,9379.288,46538.0,:R26,9422.96,4118.1733,4712.4287,4797.442,23051.0
:R10,16766.807,9261.97,9733.969,9422.283,45185.0,:R15,19839.69,8907.816,8907.292,8975.195,46630.0,:R20,19455.273,8438.444,8949.061,8755.218,45598.0,:R26,9805.718,4347.81,4835.363,5138.103,24127.0
:R10,19524.56,8860.106,8531.176,9022.172,45938.0,:R15,22468.537,9125.816,8863.373,8958.25,49416.0,:R20,19485.35,8497.448,8744.8955,8544.31,45272.0,:R26,8942.912,3975.0017,4807.931,4612.1597,22338.0
:R10,20544.686,10055.598,7194.8027,10098.905,47894.0,:R15,20214.436,9008.005,8692.868,8878.698,46794.0,:R20,20129.648,9323.312,9003.715,9471.317,47928.0,:R26,9270.696,4151.5327,4950.767,4745.996,23119.0
:R10,19062.834,8871.792,9036.94,8708.44,45680.0,:R15,21098.21,8966.973,8473.643,8870.1455,47409.0,:R20,19848.648,9358.888,8789.094,9604.39,47601.0,:R26,8805.746,3988.6853,4804.0444,4514.523,22113.0
:R10,19277.635,9145.765,8938.445,8812.1455,46174.0,:R15,21087.906,8889.858,9055.13,9146.115,48179.0,:R20,19134.6,6733.398,9636.982,9703.002,45208.0,:R26,8704.068,4578.8306,5085.064,5237.0474,23605.0
:R10,19339.348,8710.208,8806.416,8664.032,45520.0,:R15,21783.666,9017.571,8755.657,9113.109,48670.0,:R20,18169.611,8132.443,8138.865,8520.087,42961.0,:R26,9663.503,4363.5337,4861.109,5145.863,24034.0
:R10,19064.107,9040.41,8780.838,9075.652,45961.0,:R15,21739.197,9053.739,9042.8125,8920.235,48756.0,:R20,19199.494,8529.944,8574.092,8249.473,44553.0,:R26,9526.382,4036.3616,4810.1655,4831.096,23204.0
:R10,19733.879,9200.01,8831.6455,8615.476,46381.0,:R15,21781.084,8875.355,8825.777,8842.77,48325.0,:R20,19901.11,9082.211,9317.736,9294.942,47596.0,:R26,9437.24,4146.3896,5044.817,4894.5503,23523.0
:R10,16975.46,9882.21,9717.23,9557.104,46132.0,:R15,22311.613,8965.503,8893.379,8831.483,49002.0,:R20,19281.12,9177.585,8670.809,9020.494,46150.0,:R26,9807.128,4376.78,5046.673,4948.4165,24179.0
:R10,20242.123,6886.722,9914.829,9804.338,46848.0,:R15,20245.479,9139.359,8838.815,8839.354,47063.0,:R20,19271.94,8824.083,8936.701,8686.267,45719.0,:R26,8702.333,3885.4792,4667.4844,4422.6997,21678.0
:R10,20221.885,9644.293,9619.718,9812.119,49298.0,:R15,21796.805,9175.55,8901.312,9038.351,48912.0,:R20,19517.613,9379.37,8504.132,9061.874,46463.0,:R26,9643.752,4165.1113,4878.886,4912.2505,23600.0
:R10,19845.527,9316.396,8985.353,9160.7295,47308.0,:R15,22267.684,8803.735,9052.48,8898.09,49022.0,:R20,18357.268,8458.502,8257.257,8173.968,43247.0,:R26,9816.11,4295.4395,4836.445,4756.0195,23704.0
:R10,20324.281,9176.03,9188.559,8853.132,47542.0,:R15,22316.46,8952.1875,8789.871,8803.464,48862.0,:R20,17825.688,8337.583,7747.4175,7853.2944,41764.0,:R26,9462.651,4062.2585,4952.57,4902.5137,23380.0
:R10,19911.58,9536.143,9134.431,9311.851,47894.0,:R15,22505.258,8973.887,8940.548,9240.304,49660.0,:R20,19775.098,10282.51,9866.455,7148.934,47073.0,:R26,10540.255,4846.334,5239.813,5355.595,25982.0
:R10,19334.74,6823.389,9675.353,9650.542,45484.0,:R15,20965.055,9058.427,9164.129,8770.393,47958.0,:R20,18332.373,10161.242,10319.505,10103.879,48917.0,:R26,9234.989,4197.0625,4872.9995,4661.9443,22967.0
:R10,19874.463,9199.189,9078.733,8737.624,46890.0,:R15,22157.186,8868.534,9009.9,8519.39,48555.0,:R20,19171.74,9133.66,6995.7827,9316.842,44618.0,:R26,8927.641,3958.922,4724.764,4694.6675,22306.0
:R10,19376.518,9276.099,8609.192,9224.195,46486.0,:R15,19611.877,8843.614,8866.363,8667.154,45989.0,:R20,19336.688,8990.646,9094.264,9159.412,46581.0,:R26,8950.837,3942.031,4527.9707,4513.1597,21934.0
:R10,19899.041,9142.478,8745.513,8757.95,46545.0,:R15,21180.414,8893.767,8877.374,8866.443,47818.0,:R20,19629.861,8507.7705,8896.043,9183.339,46217.0,:R26,9782.956,4322.3774,4992.639,4804.023,23902.0
:R10,19271.082,8759.473,8742.674,8610.785,45384.0,:R15,21699.777,8806.789,8995.578,8770.853,48273.0,:R20,18887.701,8728.47,8335.253,8237.565,44189.0,:R26,10338.435,4625.5396,5431.2866,5024.746,25420.0
:R10,19005.064,8403.4,8402.808,8474.739,44286.0,:R15,21407.934,9081.249,8958.666,8984.138,48432.0,:R20,19478.68,9364.402,9461.388,9204.536,47509.0,:R26,9695.55,4277.462,4801.6836,5031.32,23806.0
:R10,17007.953,9778.407,9415.563,9351.07,45553.0,:R15,22426.998,9170.062,9169.205,9102.741,49869.0,:R20,19411.941,9702.626,8991.016,9015.419,47121.0,:R26,9569.045,4125.965,4807.553,4786.442,23289.0
:R10,19814.723,9160.062,9131.131,9022.068,47128.0,:R15,22250.172,8770.352,8954.529,8817.935,48793.0,:R20,20264.47,10004.413,9702.955,9682.179,49654.0,:R26,9340.358,4159.806,4834.145,4616.6836,22951.0
:R10,19552.312,9131.071,8831.333,9355.29,46870.0,:R15,22365.295,9021.118,8802.835,9020.733,49210.0,:R20,18517.98,8522.9795,8449.128,8465.922,43956.0,:R26,9566.675,4421.303,5031.44,4903.5767,23923.0
:R10,19847.676,9103.163,8740.72,9490.47,47182.0,:R15,22361.312,9335.513,9214.991,9199.184,50111.0,:R20,19861.28,9147.487,9253.16,8831.078,47093.0,:R26,9609.8,4239.016,5104.359,4990.8203,23944.0
:R10,20552.977,9334.021,9477.963,9272.043,48637.0,:R15,22197.807,9266.254,9215.177,8948.749,49628.0,:R20,19493.656,9475.465,6866.833,9530.052,45366.0,:R26,9793.182,4346.3296,5093.488,4742.0107,23975.0
:R10,17438.988,9141.568,9336.233,9156.212,45073.0,:R15,20729.057,8791.802,8784.522,9006.618,47312.0,:R20,19486.54,8599.908,9063.045,9081.509,46231.0,:R26,8986.306,3858.5447,4779.7095,4552.4487,22177.0
:R10,20009.979,9125.365,8969.346,9467.312,47572.0,:R15,21665.678,8950.75,8707.653,8344.918,47669.0,:R20,19153.686,8292.764,8562.616,9049.911,45059.0,:R26,10235.954,4538.9204,5148.026,4961.098,24884.0
:R10,19504.414,9429.528,9594.627,6698.441,45227.0,:R15,21147.71,9067.927,8653.99,8976.374,47846.0,:R20,18392.414,8658.051,9000.592,8537.926,44589.0,:R26,10176.12,4591.648,5271.3325,4938.8877,24978.0
:R10,19272.262,9218.028,9250.309,8779.386,46520.0,:R15,22583.283,8984.823,9073.358,9203.534,49845.0,:R20,19892.19,10136.12,10162.738,7211.9204,47403.0,:R26,9108.114,4616.261,5297.898,4957.7173,23980.0
:R10,19215.906,8655.508,8800.566,8864.019,45536.0,:R15,20536.61,9160.636,8808.68,8732.096,47238.0,:R20,17000.36,9479.291,9713.992,9901.376,46095.0,:R26,9537.04,4191.9067,4746.192,5090.854,23566.0
:R10,16750.488,9000.422,9177.342,9038.754,43967.0,:R15,20760.213,8920.388,8882.536,8784.863,47348.0,:R20,19564.896,9768.55,7120.7744,9681.772,46136.0,:R26,9965.434,4316.562,4952.0366,4904.976,24139.0
:R10,18918.068,8673.316,8661.244,8581.364,44834.0,:R15,22174.363,8846.116,8915.604,8684.906,48621.0,:R20,20164.682,9245.246,9265.866,9247.205,47923.0,:R26,9481.677,4233.638,4948.4077,4923.292,23587.0
:R10,19555.357,8977.845,9194.49,9029.31,46757.0,:R15,21134.5,8782.856,8857.63,8875.991,47651.0,:R20,20132.914,8935.009,9131.987,9139.086,47339.0,:R26,9230.1045,4117.7944,4727.267,4643.829,22719.0
:R10,17250.094,9495.274,9596.872,9464.765,45807.0,:R15,21947.383,8845.251,8948.004,9018.365,48759.0,:R20,17080.596,9595.866,9827.65,9545.891,46050.0,:R26,9908.525,4445.1743,5039.279,5230.021,24623.0
:R10,18479.068,8396.908,8503.304,8660.708,44040.0,:R15,21431.316,8819.117,8793.27,8592.299,47636.0,:R20,19094.508,8758.614,8853.164,9177.724,45884.0,:R26,9710.731,4054.6853,4888.1377,4883.447,23537.0
:R10,19409.148,8506.186,8419.566,8589.099,44924.0,:R15,20918.643,8977.645,9059.511,9186.203,48142.0,:R20,18641.809,8524.038,8555.373,8543.781,44265.0,:R26,9103.159,3933.6047,4851.725,4850.508,22739.0
:R10,19734.307,9133.818,9517.045,9076.836,47462.0,:R15,22904.664,9248.051,9249.324,9020.953,50423.0,:R20,19924.248,9025.05,9490.406,8867.286,47307.0,:R26,10054.263,4590.44,5257.271,5012.023,24914.0
:R10,19758.61,9819.457,6984.465,10429.464,46992.0,:R15,21831.766,9413.405,9396.269,9098.562,49740.0,:R20,18683.455,8670.236,8405.542,8638.768,44398.0,:R26,9257.806,4191.0527,4968.436,4947.7026,23365.0
:R10,18503.629,8143.0806,8243.237,8328.055,43218.0,:R15,21462.756,8811.262,8935.432,8925.554,48135.0,:R20,19110.484,8679.06,8910.47,9119.0,45819.0,:R26,9556.379,4219.9185,4742.233,5018.47,23537.0
:R10,19682.873,9183.996,8707.853,8979.278,46554.0,:R15,22017.922,9103.138,8942.1875,9079.749,49143.0,:R20,20085.2,9024.304,9304.447,9422.054,47836.0,:R26,9773.809,4291.465,4961.5044,5106.221,24133.0
:R10,20053.504,8702.065,9437.647,8976.781,47170.0,:R15,22482.89,8875.862,8926.007,9010.259,49295.0,:R20,19103.574,8859.708,8573.629,8897.096,45434.0,:R26,9313.654,4167.933,4952.3853,4578.0254,23012.0
:R10,17297.135,9529.975,9697.133,9897.762,46422.0,:R15,22094.742,9081.635,8941.249,9219.344,49337.0,:R20,17217.795,9662.809,9424.706,9352.678,45658.0,:R26,9541.712,4134.369,4860.309,5048.6133,23585.0
:R10,19289.19,8549.504,8992.246,9121.052,45952.0,:R15,21764.74,8967.449,8963.827,8867.004,48563.0,:R20,17987.291,9987.247,9862.842,9438.629,47276.0,:R26,10461.825,4695.404,4929.511,5360.2583,25447.0
:R10,18614.059,6738.9507,8874.012,9192.98,43420.0,:R15,22649.254,9070.723,9257.544,8995.4795,49973.0,:R20,19469.0,8789.867,8709.241,8764.882,45733.0,:R26,9238.864,3900.9395,4790.0425,4686.1445,22616.0
:R10,19519.996,9194.581,9277.531,9208.862,47201.0,:R15,21895.201,9201.81,9085.748,9046.281,49229.0,:R20,19471.01,8937.344,6852.888,9392.739,44654.0,:R26,8877.149,4090.057,4874.2905,4732.501,22574.0
:R10,19720.438,9054.394,9171.615,9353.566,47300.0,:R15,21001.37,8953.847,9017.548,8604.242,47577.0,:R20,19378.402,9138.248,9131.841,9385.495,47034.0,:R26,9277.573,3944.2637,4681.0864,4716.0796,22619.0
:R10,18832.469,8475.406,8186.2285,8362.891,43857.0,:R15,21953.2,9007.997,9022.828,8919.981,48904.0,:R20,18973.602,8449.937,8340.41,8673.043,44437.0,:R26,9902.723,4592.073,5206.807,5208.4,24910.0
:R10,16474.518,9680.32,9076.38,9052.772,44284.0,:R15,20794.426,8965.748,9126.113,9123.718,48010.0,:R20,19461.719,9509.375,9298.551,6980.3584,45250.0,:R26,9458.622,4362.8228,4919.5474,4758.0,23499.0
:R10,18861.45,8462.903,8414.392,8960.256,44699.0,:R15,22027.033,8906.735,8938.941,9197.312,49070.0,:R20,18332.518,10092.498,10359.548,10107.413,48892.0,:R26,9190.821,4228.6763,4787.0703,4780.4316,22987.0
:R10,20063.164,9548.336,9338.495,9096.017,48046.0,:R15,20783.936,8775.828,8820.724,8757.54,47138.0,:R20,19196.621,9137.665,8570.015,8575.697,45480.0,:R26,9776.1045,4294.8647,4965.028,4782.997,23819.0
:R10,18438.01,8587.834,8500.688,8492.472,44019.0,:R15,21600.24,8952.931,8642.964,8848.866,48045.0,:R20,19617.797,8813.814,9010.482,9090.909,46533.0,:R26,9143.765,4057.9324,4861.8447,4911.455,22975.0
:R10,19219.912,8780.189,8378.313,8813.58,45192.0,:R15,22788.9,9082.331,9161.908,8981.876,50015.0,:R20,17767.07,9584.032,9528.495,9657.398,46537.0,:R26,9443.371,4123.5967,4730.8286,4552.1953,22850.0
:R10,20150.309,9095.732,8989.67,9089.299,47325.0,:R15,22224.812,9008.29,8836.269,8935.627,49005.0,:R20,19167.229,9766.207,9167.946,6644.6255,44746.0,:R26,10107.374,4582.569,4937.6597,5210.389,24838.0
:R10,18821.0,8196.329,8635.647,8576.013,44229.0,:R15,21985.945,8943.996,8764.339,8937.718,48632.0,:R20,18023.557,9568.863,9713.674,9926.932,47233.0,:R26,10548.459,4783.053,5205.0347,5473.449,26010.0
:R10,19844.611,9197.196,9031.717,8889.47,46963.0,:R15,22117.436,8780.667,8752.774,8899.105,48550.0,:R20,20091.672,9555.512,9428.7,9107.116,48183.0,:R26,9184.712,4205.1514,4797.5576,4899.5874,23087.0
:R10,19131.564,8885.708,8541.642,9161.085,45720.0,:R15,20724.633,8789.798,8800.165,8886.416,47201.0,:R20,19870.12,8933.028,9003.678,9014.189,46821.0,:R26,9613.137,4125.6665,5012.6084,4795.594,23547.0
:R10,17581.56,10479.393,10267.174,7714.886,46043.0,:R15,20941.38,8913.462,8736.881,8965.279,47557.0,:R20,19779.7,8837.856,9424.442,9458.991,47501.0,:R26,10261.894,4685.9478,5204.2812,5302.8765,25455.0
:R10,19213.885,8545.331,8836.214,8489.565,45085.0,:R15,21187.268,8855.923,8452.896,9025.908,47522.0,:R20,19256.328,8539.68,8345.729,8636.257,44778.0,:R26,9353.651,4268.6665,4824.8613,4868.8276,23316.0
:R10,19259.049,9114.284,9152.055,9110.607,46636.0,:R15,22151.488,9181.167,9100.386,9223.974,49657.0,:R20,18213.67,10599.801,10494.144,7937.3936,47245.0,:R26,9892.087,4202.1294,4698.4634,4993.321,23786.0
:R10,18947.982,8737.039,8622.136,8678.839,44986.0,:R15,22459.918,9214.436,8997.446,8818.22,49490.0,:R20,19203.295,8520.552,8925.825,8710.316,45360.0,:R26,9280.35,4124.9316,4805.4766,4873.2505,23084.0
:R10,17991.867,10032.521,10208.1,9707.499,47940.0,:R15,21425.018,8946.783,8830.975,8843.196,48046.0,:R20,19029.455,8784.638,8454.103,8701.809,44970.0,:R26,9371.7,3960.2966,4838.8345,4573.1714,22744.0
:R10,20262.012,9105.5625,9665.038,9306.378,48339.0,:R15,21284.172,9013.468,8936.331,8534.029,47768.0,:R20,20083.246,9179.245,9512.299,9524.198,48299.0,:R26,9354.103,4174.0347,4890.2563,4808.61,23227.0
:R10,19448.275,8808.962,8827.664,8838.104,45923.0,:R15,21345.725,8699.179,8690.634,8843.459,47579.0,:R20,19621.516,8477.527,9021.595,8949.359,46070.0,:R26,9250.303,4135.6235,4924.972,4694.1055,23005.0
:R10,19583.227,9673.45,9478.734,7022.5903,45758.0,:R15,20788.99,9079.802,8689.306,8983.923,47542.0,:R20,17844.396,8084.5767,7902.513,7787.505,41619.0,:R26,9568.108,4085.8242,4574.784,4894.2896,23123.0
:R10,20028.033,7192.867,10094.469,10056.647,47372.0,:R15,22368.004,9143.347,9266.651,8944.007,49722.0,:R20,19364.576,9087.004,8901.993,9024.429,46378.0,:R26,9208.624,4006.422,4671.0967,4814.8516,22701.0
:R10,19188.662,8417.459,8673.522,8577.351,44857.0,:R15,21712.041,8856.18,8945.994,8881.769,48396.0,:R20,17943.207,9879.787,9638.715,9950.299,47412.0,:R26,9439.98,4072.8274,4918.6035,4693.598,23125.0
:R10,19630.896,8463.636,9121.876,8886.596,46103.0,:R15,22274.938,8746.209,9045.29,8989.566,49056.0,:R20,18210.525,7922.349,8121.529,8296.606,42551.0,:R26,9649.552,4697.758,4835.042,5090.645,24273.0
