:B02,17002.965,8011.246,7975.5034,5384.292,38374.0,:B04,16998.766,8222.574,8162.238,5512.415,38896.0,:B06,16603.85,8203.631,7657.003,5306.519,37771.0,:B07,17042.059,8441.079,8585.498,5779.3574,39848.0,:B09,18393.25,9813.661,7053.6177,6049.4634,41310.0,:B10,16543.332,7873.2466,7945.8574,5207.5605,37570.0,:B16,17179.39,7839.306,7948.5996,5362.6987,38330.0,:B17,16318.094,9194.45,8941.826,6114.623,40569.0,:B19,16528.385,8780.524,8577.143,5852.9404,39739.0,:B20,16989.041,8390.598,8306.071,5650.2856,39336.0,:B22,16461.662,7848.4165,7548.0547,5489.882,37348.0,:B24,16984.203,7951.681,8145.03,5176.096,38257.0,:B26,16403.146,6591.022,6664.2437,7261.5903,36920.0
:B02,16886.836,7926.562,7969.573,5434.0312,38217.0,:B04,17708.941,9087.752,8966.888,5559.4106,41323.0,:B06,16581.11,7939.1846,7887.512,5503.1963,37911.0,:B07,16988.701,8500.982,8858.718,5739.597,40088.0,:B09,16528.11,8487.251,8359.8125,5801.8364,39177.0,:B10,17856.816,8654.754,8657.86,5667.5845,40837.0,:B16,16556.623,8098.131,8263.575,5287.6675,38206.0,:B17,16054.181,8911.038,8493.755,5618.018,39077.0,:B19,16006.646,8890.923,8804.578,5871.8403,39574.0,:B20,17570.922,8175.234,8454.189,5711.648,39912.0,:B22,16133.405,8325.157,8100.075,5415.373,37974.0,:B24,17043.87,8449.393,7998.2188,5650.519,39142.0,:B26,16967.627,6802.272,6758.5586,7380.5376,37909.0
:B02,16492.756,7707.309,7658.5337,5486.3906,37345.0,:B04,16895.705,7842.5054,7898.2393,5121.5503,37758.0,:B06,18088.059,8890.441,8844.24,5623.277,41446.0,:B07,16963.992,8516.86,8645.802,5886.337,40013.0,:B09,14964.451,9474.741,9352.099,6388.703,40180.0,:B10,16847.607,8066.734,8096.7446,5495.9097,38507.0,:B16,16826.236,7879.4424,7937.005,5448.3125,38091.0,:B17,17202.912,8653.358,8889.539,5989.2,40735.0,:B19,15846.302,8599.817,9015.612,5900.278,39362.0,:B20,17008.629,8184.2886,8175.8003,5481.2754,38850.0,:B22,16891.338,8324.954,8121.5635,5360.145,38698.0,:B24,16192.551,7817.1753,7663.3857,5186.9004,36860.0,:B26,17592.63,7060.2617,6958.957,7511.16,39123.0
:B02,16826.69,7694.1655,7560.0557,5527.089,37608.0,:B04,17764.68,8308.276,8417.568,5537.474,40028.0,:B06,17042.674,8031.633,8205.321,5528.373,38808.0,:B07,16468.832,9039.483,9152.8545,6276.8374,40938.0,:B09,17326.498,8763.395,8771.655,5969.4395,40831.0,:B10,16144.611,7695.2983,7528.9365,5302.1533,36671.0,:B16,16551.84,8303.355,8273.737,5381.0776,38510.0,:B17,17336.912,9189.988,9044.171,6086.9233,41658.0,:B19,17171.016,8662.134,8742.804,6053.0547,40629.0,:B20,17184.496,8612.674,8557.756,5712.0684,40067.0,:B22,16915.035,8151.387,8261.141,5700.429,39028.0,:B24,17377.855,9046.844,8858.878,5648.4224,40932.0,:B26,17280.598,6849.5586,6708.865,7377.9907,38217.0
:B02,17021.643,8208.311,8194.6,5702.4517,39127.0,:B04,18338.709,8639.558,8459.09,6072.64,41510.0,:B06,16813.598,8023.423,7951.4966,5405.4775,38194.0,:B07,17844.01,9374.811,9125.581,6022.6035,42367.0,:B09,16772.658,8621.474,9079.162,5812.712,40286.0,:B10,17160.916,8157.5015,8090.463,5424.1274,38833.0,:B16,18002.662,9118.344,8982.235,5829.7617,41933.0,:B17,16487.055,9005.76,9426.877,6031.3145,40951.0,:B19,16671.398,8588.66,8558.091,5615.8564,39434.0,:B20,16654.633,8022.109,8098.4526,5432.812,38208.0,:B22,16902.498,7880.917,8098.292,5644.3,38526.0,:B24,17148.998,7923.922,8097.0703,5482.01,38652.0,:B26,16547.05,7033.5093,6494.236,7268.2026,37343.0
:B02,15763.157,7537.392,7586.0684,5011.385,35898.0,:B04,16537.445,7552.941,7432.9497,5304.6724,36828.0,:B06,16984.967,7834.5874,8157.7905,5477.658,38455.0,:B07,17557.674,8745.533,8969.155,5885.6255,41158.0,:B09,17323.744,8709.092,8691.015,5927.1567,40651.0,:B10,17406.395,8512.981,8406.176,5939.44,40265.0,:B16,17043.07,8171.4663,8110.525,5522.9395,38848.0,:B17,16491.123,8398.388,8251.303,5773.174,38914.0,:B19,15870.435,8346.18,8436.525,5841.854,38495.0,:B20,17123.145,8413.575,8308.98,5917.3115,39763.0,:B22,17197.436,8455.977,8070.6885,5517.908,39242.0,:B24,17103.912,7734.447,8468.228,5528.413,38835.0,:B26,17374.703,6625.746,6639.9824,7193.5874,37834.0
:B02,16509.527,7743.464,8089.185,5325.812,37668.0,:B04,15987.805,7580.936,7710.619,5197.637,36477.0,:B06,17151.807,8051.801,8081.6387,5576.739,38862.0,:B07,16620.775,9323.91,9079.519,6180.788,41205.0,:B09,17120.99,8945.997,8764.839,5631.1714,40463.0,:B10,17431.197,8636.89,8151.5396,5559.374,39779.0,:B16,17968.574,8396.552,8499.717,5810.1636,40675.0,:B17,14530.899,9150.7705,9517.4,6325.9307,39525.0,:B19,16775.457,8490.722,8708.969,5586.8657,39562.0,:B20,16422.674,7837.8696,7741.4497,5455.0166,37457.0,:B22,17039.705,8349.068,8166.9604,5414.27,38970.0,:B24,16789.287,8266.353,8102.6904,5478.666,38637.0,:B26,17446.652,6978.3647,7010.9766,7316.016,38752.0
:B02,17468.934,8056.887,8636.209,5770.967,39933.0,:B04,17046.67,8729.544,8413.259,5730.5215,39920.0,:B06,15962.175,7425.745,7612.2393,5300.8345,36301.0,:B07,15792.547,9287.634,9396.718,6569.1035,41046.0,:B09,15754.5625,8599.988,8923.183,5961.265,39239.0,:B10,16920.879,8613.391,8261.066,5287.6694,39083.0,:B16,16914.223,8118.803,7967.7197,5522.2456,38523.0,:B17,16969.168,8573.62,8834.823,5755.3955,40133.0,:B19,15765.41,9501.499,9773.382,6498.7153,41539.0,:B20,16747.783,8187.084,8636.329,5313.802,38885.0,:B22,16859.908,8244.504,8240.899,5291.691,38637.0,:B24,16097.0625,7797.791,7850.355,5508.7925,37254.0,:B26,17265.318,6708.554,6726.2573,7461.8784,38162.0
:B02,16769.516,7632.269,7687.973,5339.2373,37429.0,:B04,17436.242,8714.229,8300.9375,5676.597,40128.0,:B06,17455.404,8228.876,8014.6816,5794.0337,39493.0,:B07,17877.275,9043.683,9011.605,6067.436,42000.0,:B09,16068.428,8747.369,8978.65,6080.543,39875.0,:B10,17161.291,8109.7515,8185.7935,5923.153,39380.0,:B16,17223.863,8149.2896,8000.788,5366.0586,38740.0,:B17,15907.1,8811.614,8761.934,5828.3486,39309.0,:B19,14895.134,9201.289,9342.012,6414.5747,39853.0,:B20,17012.049,8483.945,8023.656,5458.348,38978.0,:B22,17583.38,8391.755,8578.269,5490.5938,40044.0,:B24,16933.6,7889.1978,8372.992,5334.2153,38530.0,:B26,16389.303,6676.9355,6712.4707,7095.287,36874.0
:B02,16355.224,7481.6577,7477.5645,5182.561,36497.0,:B04,16064.739,7526.022,7390.4297,5245.8223,36227.0,:B06,16399.193,7871.405,7677.8267,5534.5723,37483.0,:B07,15466.359,8671.797,8287.722,5905.1304,38331.0,:B09,14994.147,9386.441,9250.726,6399.693,40031.0,:B10,17741.191,8275.015,8335.084,5751.712,40103.0,:B16,17510.469,8392.459,8343.323,5756.747,40003.0,:B17,14607.973,9372.892,9372.632,6355.5063,39709.0,:B19,16225.033,8645.19,8831.161,5908.6084,39610.0,:B20,17432.217,8366.146,8550.669,5650.974,40000.0,:B22,16849.309,8339.773,7934.65,5375.27,38499.0,:B24,17416.758,8068.1855,8591.827,5757.249,39834.0,:B26,17306.818,6941.7925,6924.4585,7735.937,38909.0
:B02,17940.012,8879.828,8861.063,5903.099,41584.0,:B04,16846.375,7901.9507,7789.724,5561.956,38100.0,:B06,17460.744,8254.281,8431.346,5871.6396,40018.0,:B07,16584.092,9172.355,9056.714,6403.84,41217.0,:B09,17042.287,9096.593,8826.656,6033.457,40999.0,:B10,16295.365,7976.6777,8345.647,5534.3086,38152.0,:B16,17306.227,8293.396,8268.759,5468.6147,39337.0,:B17,15802.361,8559.453,8782.422,5850.7656,38995.0,:B19,15622.501,8802.383,8975.172,5851.9277,39252.0,:B20,16761.04,7573.163,7739.567,5382.232,37456.0,:B22,16961.584,8221.435,8354.112,5434.873,38972.0,:B24,16901.81,8463.259,8012.872,5198.0513,38576.0,:B26,17366.428,6974.557,6889.8774,7410.099,38641.0
:B02,17435.404,8436.806,8573.726,5548.07,39994.0,:B04,17236.627,8335.582,8259.311,5493.479,39325.0,:B06,16648.377,7585.402,7564.4863,5237.7285,37036.0,:B07,16117.589,8675.378,8918.219,6022.8076,39734.0,:B09,15880.443,8796.688,8838.711,5729.1646,39245.0,:B10,17043.154,8179.9062,8289.683,5666.2456,39179.0,:B16,16831.615,8368.44,8433.216,5367.732,39001.0,:B17,17428.184,9405.219,9146.3545,6104.25,42084.0,:B19,14533.137,9346.53,9191.016,6335.3154,39406.0,:B20,17241.861,8399.95,8627.628,5473.574,39743.0,:B22,17598.941,8583.879,8645.534,5663.645,40492.0,:B24,17265.62,7952.985,8465.642,5746.749,39431.0,:B26,16872.354,6573.545,6904.476,7330.601,37681.0
:B02,16739.734,8019.1025,7698.177,5520.9834,37978.0,:B04,17059.969,8159.488,8280.611,5228.9404,38729.0,:B06,17403.223,8152.771,8308.619,5521.3975,39386.0,:B07,17218.633,8734.847,8499.684,5836.823,40290.0,:B09,18020.047,9111.817,9262.772,6183.363,42578.0,:B10,16919.164,7830.5884,7779.847,5319.408,37849.0,:B16,16762.273,8469.981,8131.9414,5405.7954,38770.0,:B17,14614.614,9360.576,9397.444,6389.3774,39762.0,:B19,16801.867,8926.662,8752.776,5791.689,40273.0,:B20,16351.204,7744.425,7848.848,5430.5156,37375.0,:B22,17460.324,8300.608,8550.401,5675.6665,39987.0,:B24,16917.389,8204.779,8358.243,5473.6025,38954.0,:B26,15594.528,6633.6353,6680.711,7362.127,36271.0
:B02,17736.803,8565.561,8947.971,5598.658,40849.0,:B04,17337.23,8319.259,8291.991,5578.518,39527.0,:B06,17251.385,7960.859,8344.934,5462.812,39020.0,:B07,14714.089,9041.321,9072.298,6218.2812,39046.0,:B09,15260.363,8308.715,8533.915,5638.0146,37741.0,:B10,15836.484,7579.254,7453.307,5341.944,36211.0,:B16,17348.086,8319.835,8636.367,5703.7266,40008.0,:B17,16370.843,9273.0625,9547.787,6503.3125,41695.0,:B19,16915.568,8992.346,9364.648,6219.435,41492.0,:B20,16970.68,8316.837,8229.918,5488.5654,39006.0,:B22,16230.594,7540.9604,7826.893,5566.543,37165.0,:B24,17320.193,8564.576,8119.2866,5548.941,39553.0,:B26,17475.654,6874.642,6762.8755,7352.8276,38466.0
:B02,17450.412,8395.551,8418.025,5840.0093,40104.0,:B04,16183.388,7448.8047,7432.3677,5307.444,36372.0,:B06,17383.578,8541.2705,8486.726,5535.4204,39947.0,:B07,15750.436,8605.385,8601.84,5808.3486,38766.0,:B09,15874.079,8491.33,8395.76,5822.8237,38584.0,:B10,16705.512,7877.2217,7586.551,5295.71,37465.0,:B16,16969.826,8161.198,8270.076,5411.91,38813.0,:B17,16567.334,8569.566,8752.158,5763.9346,39653.0,:B19,15515.091,8478.4795,9013.767,5813.6567,38821.0,:B20,17063.535,7971.2324,8326.294,5600.935,38962.0,:B22,17348.244,8828.956,8834.294,5521.5024,40533.0,:B24,17415.379,8547.731,8605.974,5792.9224,40362.0,:B26,17169.754,6730.138,6875.0366,7569.074,38344.0
:B02,16936.416,7916.9155,7945.7974,5487.868,38287.0,:B04,16920.537,8166.448,8337.188,5525.8174,38950.0,:B06,17331.738,8297.345,8559.096,5494.824,39683.0,:B07,17487.54,9124.409,9185.596,6042.465,41840.0,:B09,16444.105,8515.451,8361.219,5871.22,39192.0,:B10,16794.973,7892.4165,8175.2095,5639.3926,38502.0,:B16,17204.87,8019.851,8046.259,5401.0283,38672.0,:B17,15762.774,8577.617,8558.507,5723.1084,38622.0,:B19,15398.621,8547.156,8623.292,5733.9253,38303.0,:B20,17711.738,8475.127,8383.752,5452.3853,40023.0,:B22,16552.045,7875.456,7956.528,5258.9517,37643.0,:B24,17772.986,8413.741,8677.722,5762.549,40627.0,:B26,15276.823,6809.4824,7029.3433,7293.3823,36409.0
:B02,16854.268,7743.4287,8028.638,5647.655,38274.0,:B04,16661.605,7926.6987,8014.4175,5588.281,38191.0,:B06,17212.18,8514.994,8191.7837,5407.0347,39326.0,:B07,16814.836,8535.167,8712.654,5718.348,39781.0,:B09,14621.573,9399.966,9267.621,6299.826,39589.0,:B10,16675.953,8189.036,7736.021,5312.9814,37914.0,:B16,16718.076,7982.1245,7999.9595,4989.8438,37690.0,:B17,17095.924,8899.262,8986.233,6051.581,41033.0,:B19,16155.497,9314.007,9711.468,6531.0425,41712.0,:B20,16678.475,8037.3394,8126.9404,5392.2593,38235.0,:B22,16545.732,7827.7197,7712.969,5405.5884,37492.0,:B24,16988.281,7995.2495,8216.153,5387.32,38587.0,:B26,16961.158,6744.1245,6612.68,7136.0435,37454.0
:B02,17230.572,8234.613,8139.664,5655.142,39260.0,:B04,16550.402,8173.0137,7645.951,5449.636,37819.0,:B06,17428.818,8209.131,8372.981,5694.069,39705.0,:B07,15068.282,8340.201,8735.863,5617.6504,37762.0,:B09,15169.006,9519.526,9643.69,6346.789,40679.0,:B10,17069.34,8085.1074,8117.379,5456.1724,38728.0,:B16,16862.51,7456.6934,7645.015,5487.7734,37452.0,:B17,15620.379,8491.28,8550.748,5835.5845,38498.0,:B19,16613.463,9184.828,9005.565,6114.1387,40918.0,:B20,17994.678,9336.399,9019.265,5704.6533,42055.0,:B22,17785.621,9040.009,9414.994,5670.364,41911.0,:B24,16588.396,7724.7466,7822.415,5425.4443,37561.0,:B26,17577.852,7007.758,6849.6934,7449.713,38885.0
:B02,16943.986,7805.751,7748.932,5551.3335,38050.0,:B04,17232.35,8059.558,8110.785,5364.312,38767.0,:B06,16791.902,8225.99,7875.2295,5222.8774,38116.0,:B07,16424.31,9336.936,9193.479,6133.2744,41088.0,:B09,16559.17,9103.076,9135.777,6034.988,40833.0,:B10,16442.94,8135.3867,8168.9023,5458.7656,38206.0,:B16,16780.104,7950.473,8476.943,5489.475,38697.0,:B17,15712.855,8676.688,8868.91,5923.5483,39182.0,:B19,16253.319,8684.639,8939.054,5807.9995,39685.0,:B20,16218.157,7854.4067,7772.344,5186.091,37031.0,:B22,17168.85,8583.191,8280.475,5457.4834,39490.0,:B24,17457.744,8069.9385,8049.45,5673.8647,39251.0,:B26,17248.56,6847.2407,6798.227,7342.979,38237.0
:B02,17286.88,8495.818,8391.275,5515.0312,39689.0,:B04,16660.463,8278.927,8411.884,5355.721,38707.0,:B06,16443.89,7696.226,7817.0107,5405.8774,37363.0,:B07,16140.013,9573.519,9355.865,6531.598,41601.0,:B09,17218.518,8980.228,8875.725,6107.525,41182.0,:B10,17074.256,8354.819,8423.278,5473.654,39326.0,:B16,17135.24,8472.897,8381.187,5482.6816,39472.0,:B17,15850.646,8984.746,8890.788,5927.8257,39654.0,:B19,16415.44,9175.248,9053.2295,5880.0923,40524.0,:B20,17526.719,8959.42,8547.108,5578.7573,40612.0,:B22,17477.596,8762.083,8460.859,5709.469,40410.0,:B24,17508.225,8935.87,9043.968,5940.929,41429.0,:B26,16204.926,7030.92,6625.9478,7338.2305,37200.0
:B02,17044.385,7997.9077,8023.2007,5371.501,38437.0,:B04,16950.045,8000.4375,8261.506,5212.0117,38424.0,:B06,17721.139,8442.135,8522.917,6024.812,40711.0,:B07,16381.665,9069.432,8798.071,5997.8237,40247.0,:B09,15370.29,8323.474,8637.7705,5571.47,37903.0,:B10,17501.074,8309.698,8053.026,5739.209,39603.0,:B16,17745.783,8748.48,8797.237,5914.508,41206.0,:B17,17577.234,9273.452,6762.3965,5959.917,39573.0,:B19,14183.325,9261.505,9509.484,6687.686,39642.0,:B20,17180.51,8153.4526,7899.048,5260.994,38494.0,:B22,17605.441,8368.613,8897.342,5808.6113,40680.0,:B24,17151.672,8541.294,8607.899,5383.142,39684.0,:B26,17337.053,6846.0386,6742.942,7482.9565,38409.0
:B02,17213.125,8376.673,8085.046,5670.145,39345.0,:B04,16833.861,8054.3657,7970.5034,5296.2695,38155.0,:B06,17575.088,9024.695,8584.12,5736.1045,40920.0,:B07,15578.23,8327.369,8515.429,5721.9834,38143.0,:B09,16608.271,8530.893,8538.714,5763.1196,39441.0,:B10,16559.018,8237.899,8189.127,5405.958,38392.0,:B16,16645.46,7569.327,7624.5654,5404.6475,37244.0,:B17,16030.66,8722.8,8714.435,5968.1025,39436.0,:B19,16033.762,9462.104,9630.066,6428.0513,41554.0,:B20,17390.404,8270.324,8564.056,5800.2188,40025.0,:B22,16511.709,7873.8145,7752.2144,5211.2695,37349.0,:B24,17139.836,8510.914,8352.769,5543.4956,39547.0,:B26,16644.018,6840.1934,6798.193,7238.5854,37521.0
:B02,17447.963,8349.696,8448.587,5746.754,39993.0,:B04,16810.656,8202.212,8205.851,5427.281,38646.0,:B06,16955.543,8267.86,8097.6914,5357.902,38679.0,:B07,16357.403,8436.459,8668.114,5598.019,39060.0,:B09,15498.073,9460.989,9097.268,6430.6724,40487.0,:B10,15688.812,7339.9795,7343.0625,5100.143,35472.0,:B16,17966.67,8568.13,9051.656,5510.53,41097.0,:B17,14859.4375,9551.598,9265.929,6720.05,40397.0,:B19,15925.345,8630.563,8995.009,5790.08,39341.0,:B20,17225.432,8170.291,7943.991,5842.2954,39182.0,:B22,17491.787,8494.038,8470.147,5600.034,40056.0,:B24,16117.426,7814.2925,8082.7554,5464.5205,37479.0,:B26,16823.58,6880.994,6751.865,6987.5415,37444.0
:B02,16225.803,7807.202,7431.4893,5325.508,36790.0,:B04,17257.65,8100.943,8162.6064,5564.797,39086.0,:B06,16536.479,8479.9,8495.64,5303.982,38816.0,:B07,17520.31,9299.953,9102.01,6042.7197,41965.0,:B09,14563.109,9319.831,9273.261,6605.787,39762.0,:B10,17006.486,8048.9194,8267.713,5461.8643,38785.0,:B16,16973.975,8018.498,7829.3823,5493.1504,38315.0,:B17,16710.791,8309.273,8559.608,5803.32,39383.0,:B19,15355.553,8380.931,8331.101,5524.4,37592.0,:B20,17319.861,8242.336,8620.158,5592.656,39775.0,:B22,17600.309,8531.417,8823.687,5538.5786,40494.0,:B24,17777.67,8470.948,8444.009,5910.3794,40603.0,:B26,16760.424,6924.211,6671.9565,7345.4062,37702.0
:B02,17104.264,8236.993,8598.434,5241.3057,39181.0,:B04,16561.002,7856.399,7616.2544,5370.349,37404.0,:B06,18436.717,9335.014,5527.742,5398.5195,38698.0,:B07,16097.627,8777.293,8795.814,6061.2676,39732.0,:B09,17532.404,8983.714,9152.022,5996.854,41665.0,:B10,16814.559,8188.2095,8251.758,5379.4746,38634.0,:B16,16451.994,8179.9805,8158.2886,5338.7437,38129.0,:B17,14529.098,9091.692,9381.887,6480.313,39483.0,:B19,16719.541,9066.529,8859.828,6111.0884,40757.0,:B20,17626.643,8482.969,8810.539,5421.845,40342.0,:B22,17019.209,8262.553,8130.31,5282.932,38695.0,:B24,17418.771,8484.792,8145.3696,5641.0693,39690.0,:B26,16810.72,6885.432,6675.3184,7457.537,37829.0
:B02,16832.555,8123.3506,8106.977,5431.1123,38494.0,:B04,16717.568,8303.868,8167.9116,5386.656,38576.0,:B06,17402.635,8288.411,7911.4067,5538.5522,39141.0,:B07,15760.702,8768.063,8682.772,6203.473,39415.0,:B09,16318.474,8780.882,8549.664,6171.9834,39821.0,:B10,17190.717,8143.621,8095.399,5616.2534,39046.0,:B16,16609.922,7955.609,7994.2344,5717.24,38277.0,:B17,15666.87,9233.939,9102.232,6576.9663,40580.0,:B19,16111.453,8916.522,8951.643,5948.361,39928.0,:B20,17319.107,8150.1855,7977.165,5533.549,38980.0,:B22,17474.477,8687.66,8630.666,5724.2017,40517.0,:B24,16939.338,7853.549,7815.206,5345.8965,37954.0,:B26,17147.596,7168.3184,7046.393,7431.672,38794.0
:B02,17341.379,8238.111,8242.582,5530.9316,39353.0,:B04,16877.943,8102.1606,8237.33,5453.559,38671.0,:B06,16725.377,7686.3774,7686.623,5616.62,37715.0,:B07,16045.842,8782.206,8765.294,6041.656,39635.0,:B09,15073.311,9412.612,9543.373,6637.7104,40667.0,:B10,17299.64,8543.607,8670.364,5526.391,40040.0,:B16,16249.555,7740.866,7569.8613,5479.721,37040.0,:B17,16955.396,8649.801,8778.182,5895.626,40279.0,:B19,16609.7,8836.615,6686.87,5624.8096,37758.0,:B20,17250.83,8212.044,8172.689,5620.44,39256.0,:B22,17649.207,8565.353,8415.937,5606.503,40237.0,:B24,16953.26,8003.5396,7968.9116,5529.2876,38455.0,:B26,16309.116,6595.433,6736.1094,7341.3247,36982.0
:B02,17731.395,9054.992,8809.831,5564.7896,41161.0,:B04,16393.652,7883.957,7762.275,5082.1187,37122.0,:B06,17041.055,7939.4116,8198.563,5695.961,38875.0,:B07,15910.283,8717.931,9038.179,5795.613,39462.0,:B09,17701.418,9021.152,9386.318,5949.123,42058.0,:B10,16550.295,7531.0933,8061.237,5408.3735,37551.0,:B16,17545.629,8040.324,8039.4487,5726.6035,39352.0,:B17,17407.127,9145.243,9033.83,5968.7817,41555.0,:B19,15480.2295,8486.054,8785.811,5683.912,38436.0,:B20,16670.496,8111.5327,8059.408,5187.5654,38029.0,:B22,17061.111,8072.664,8256.133,5895.095,39285.0,:B24,16066.196,7955.3413,7822.2886,5150.1675,36994.0,:B26,17093.244,7122.7466,6755.097,6958.924,37930.0
:B02,17061.068,7974.5728,7778.0884,5460.255,38274.0,:B04,16715.13,8118.023,8035.2954,5477.562,38346.0,:B06,16849.969,8050.5005,7977.211,5216.32,38094.0,:B07,16159.729,8389.666,8425.922,5574.6924,38550.0,:B09,16150.701,8100.1294,8284.445,5340.725,37876.0,:B10,16978.258,7981.8213,8003.048,5388.87,38352.0,:B16,17737.455,8302.48,8243.92,5720.146,40004.0,:B17,15909.392,8556.062,8440.129,5715.429,38621.0,:B19,16924.002,8793.485,8626.512,5745.998,40090.0,:B20,16957.293,8155.2207,8131.2793,5474.212,38718.0,:B22,16543.404,7708.8403,7545.9336,5393.8174,37192.0,:B24,16937.72,8171.079,8001.5806,5843.632,38954.0,:B26,17085.855,6631.9204,6807.789,7325.4453,37851.0
:B02,16668.63,7949.463,7876.983,5781.9272,38277.0,:B04,16753.209,8038.1006,7928.9683,5540.723,38261.0,:B06,16592.758,8134.943,8092.082,5276.2275,38096.0,:B07,14984.199,9289.501,9365.167,6501.122,40140.0,:B09,17286.791,8893.121,8540.426,5696.669,40417.0,:B10,18017.299,8226.447,8396.0625,5796.1934,40436.0,:B16,17025.793,8817.892,8077.635,5358.694,39280.0,:B17,14855.995,9247.922,9218.314,6380.7725,39703.0,:B19,15529.421,9391.84,9134.747,6453.996,40510.0,:B20,16417.057,8246.921,8209.803,5433.216,38307.0,:B22,17476.002,8508.43,8397.602,6027.9775,40410.0,:B24,17437.12,8389.143,8074.3335,5685.41,39586.0,:B26,17659.553,6705.8755,6811.0454,7298.5137,38475.0
:B02,16783.082,7611.221,7986.1616,5646.5366,38027.0,:B04,16290.042,7728.356,7785.9404,5317.659,37122.0,:B06,16860.379,8768.106,8354.863,5332.644,39316.0,:B07,14727.4795,9494.908,9621.8955,6475.7227,40320.0,:B09,15197.687,8665.887,8591.322,5802.109,38257.0,:B10,16841.566,8306.9,8387.561,5233.967,38770.0,:B16,16789.01,7463.2734,7833.9575,5241.7603,37328.0,:B17,16128.43,8866.088,8977.251,6022.2256,39994.0,:B19,15516.534,8730.74,8329.8545,5837.8613,38415.0,:B20,17619.188,8424.741,8594.475,5484.6084,40123.0,:B22,16428.568,7955.8833,7753.217,5382.329,37520.0,:B24,16340.251,7812.018,7766.4263,5512.3047,37431.0,:B26,17400.328,6968.521,7077.938,7417.207,38864.0
:B02,16957.656,8311.647,8256.543,5551.1577,39077.0,:B04,16881.414,8186.586,8274.449,5426.5454,38769.0,:B06,16080.973,7879.1245,7644.1353,5381.786,36986.0,:B07,16071.652,9038.092,8623.127,5926.1333,39659.0,:B09,15875.493,8630.085,8400.537,5885.8936,38792.0,:B10,17025.307,7820.269,8030.5874,5499.828,38376.0,:B16,16775.535,8408.052,8556.95,5241.4673,38982.0,:B17,17247.234,8728.803,8623.306,5577.6665,40177.0,:B19,16463.512,9369.912,9479.079,6453.5024,41766.0,:B20,16710.367,8145.49,8142.6484,5770.49,38769.0,:B22,17224.719,8080.701,8198.357,5384.2173,38888.0,:B24,17411.531,7883.0273,8089.758,5405.6772,38790.0,:B26,16557.393,7003.094,6928.5386,7482.978,37972.0
:B02,16328.184,7725.184,7823.192,5091.4307,36968.0,:B04,16184.945,7733.0513,7536.96,5396.0557,36851.0,:B06,17787.293,9127.285,8991.469,5583.951,41490.0,:B07,17152.191,8799.104,8648.686,5936.015,40536.0,:B09,15218.751,7427.307,9912.021,7000.921,39559.0,:B10,17638.37,8600.779,8794.122,5635.721,40669.0,:B16,17133.064,8409.815,7960.786,5499.3325,39003.0,:B17,15984.487,9769.215,9430.948,6416.3564,41601.0,:B19,14994.003,9369.088,9312.513,6664.3843,40340.0,:B20,16920.6,7952.851,7641.637,5439.917,37955.0,:B22,17271.111,8114.054,7832.846,5543.9834,38762.0,:B24,17606.258,8508.453,7977.5225,5591.758,39684.0,:B26,16278.853,6703.7563,6745.2437,7417.1323,37145.0
:B02,17195.719,8338.226,8396.984,5543.073,39474.0,:B04,16760.049,8264.937,8160.9077,5424.114,38610.0,:B06,16764.75,8241.545,7869.3228,5456.3906,38332.0,:B07,15320.152,8871.951,8468.084,5842.8105,38503.0,:B09,16226.747,8816.846,8959.109,5928.3037,39931.0,:B10,17699.84,8550.4795,8739.561,5548.117,40538.0,:B16,17147.895,8896.326,8724.886,5740.889,40510.0,:B17,16454.562,8672.739,8562.509,5853.175,39543.0,:B19,14768.67,9389.813,9290.52,6488.9893,39938.0,:B20,17049.602,8340.036,8704.799,5444.567,39539.0,:B22,16088.535,8031.796,7830.9526,5654.7,37606.0,:B24,16557.953,7856.7207,7686.181,5382.141,37483.0,:B26,16216.267,6937.2495,6683.7573,7291.731,37129.0
:B02,17108.754,8132.9346,8328.936,5297.377,38868.0,:B04,17113.871,8257.727,8655.672,5273.7334,39301.0,:B06,16832.137,7938.6914,8156.334,5431.8384,38359.0,:B07,16704.23,9255.0205,9191.831,6040.922,41192.0,:B09,14847.035,9365.0,9477.593,6564.3755,40254.0,:B10,16609.086,8130.304,8411.554,5314.0625,38465.0,:B16,16525.506,8077.6294,7881.0522,5436.812,37921.0,:B17,16161.151,8910.104,9051.815,6019.943,40143.0,:B19,15534.629,8506.732,8309.293,5694.347,38045.0,:B20,17152.717,8074.1436,8463.848,5495.2876,39186.0,:B22,17441.379,9044.004,8603.982,5302.6333,40392.0,:B24,16752.07,7621.346,8311.636,5423.948,38109.0,:B26,17093.55,6742.2656,6906.2075,7234.9785,37977.0
:B02,17912.438,9075.659,9170.923,5626.979,41786.0,:B04,17120.883,8459.39,8151.163,5673.5664,39405.0,:B06,16884.49,8118.988,8245.734,5748.794,38998.0,:B07,14813.507,9476.545,9237.257,6456.689,39984.0,:B09,14736.673,8903.508,9169.019,6346.801,39156.0,:B10,17385.832,8319.12,8123.167,5362.8857,39191.0,:B16,16808.086,8139.5034,7794.986,5437.4126,38180.0,:B17,16207.946,8630.593,8641.279,5851.196,39331.0,:B19,14507.291,9491.048,9456.062,6442.6113,39897.0,:B20,16658.766,8565.805,8051.743,5253.6777,38530.0,:B22,16843.361,8509.261,8185.1533,5315.223,38853.0,:B24,16776.555,8451.466,8685.53,5240.4565,39154.0,:B26,16767.764,6816.381,6644.4653,7384.3984,37613.0
:B02,16746.379,7772.6743,7866.2734,5495.6772,37881.0,:B04,17894.092,8332.131,8845.053,5738.727,40810.0,:B06,17056.348,8670.133,8692.049,5355.485,39774.0,:B07,16059.584,8752.6,8910.431,5941.3853,39664.0,:B09,15976.442,8832.958,8957.309,5964.2935,39731.0,:B10,16661.979,7868.4624,7668.783,5580.778,37780.0,:B16,16914.729,7973.448,7662.475,5457.3423,38008.0,:B17,16149.026,8648.617,8520.523,5845.8423,39164.0,:B19,16374.369,8780.495,8850.84,5882.303,39888.0,:B20,17842.879,8377.598,8657.172,5670.3535,40548.0,:B22,16573.193,7633.9175,7940.1353,5627.755,37775.0,:B24,16969.408,8309.855,8393.201,5498.5386,39171.0,:B26,16495.604,6777.977,6765.283,7539.1523,37578.0
:B02,16882.924,7894.324,8155.9224,5710.8286,38644.0,:B04,17088.156,8092.2583,8356.963,5543.625,39081.0,:B06,16353.263,8310.818,7966.368,5255.564,37886.0,:B07,15147.55,8375.437,8261.419,5680.588,37465.0,:B09,16987.006,8597.355,8812.604,5985.035,40382.0,:B10,17123.234,8112.208,8327.047,5283.5044,38846.0,:B16,17018.908,8060.2217,8082.057,5331.816,38493.0,:B17,16714.213,8790.692,8609.516,5696.586,39811.0,:B19,15721.483,9069.965,8590.67,6032.887,39415.0,:B20,16991.662,8078.7144,8441.83,5560.7915,39073.0,:B22,17229.54,8167.2446,8413.901,5548.3237,39359.0,:B24,17090.594,8299.477,8279.459,5335.4766,39005.0,:B26,16284.415,6704.287,6714.027,7372.275,37075.0
:B02,17320.258,8235.8545,8518.737,5388.153,39463.0,:B04,17641.877,8668.78,8551.693,5626.6543,40489.0,:B06,16873.955,7897.652,7982.311,5556.0864,38310.0,:B07,15701.024,9238.8125,9343.315,6619.852,40903.0,:B09,15786.452,8677.671,8722.396,5893.4766,39080.0,:B10,17091.09,8171.9824,7941.4565,5508.468,38713.0,:B16,16394.184,8345.749,8169.307,5404.7544,38314.0,:B17,15683.255,8855.854,8658.438,5935.458,39133.0,:B19,16979.857,8140.928,8409.501,5655.713,39186.0,:B20,17275.89,8716.749,8713.363,5463.9995,40170.0,:B22,17474.004,8516.21,8165.9507,5787.832,39944.0,:B24,17212.56,8159.114,8522.811,5834.522,39729.0,:B26,17413.078,6869.3853,6908.06,7379.4707,38570.0
:B02,16787.693,8497.545,8534.462,5601.3027,39421.0,:B04,16624.414,7753.1626,8010.689,5453.74,37842.0,:B06,17206.725,8282.118,7994.708,5521.4463,39005.0,:B07,16350.771,8597.758,8488.193,5607.2817,39044.0,:B09,16427.74,8999.746,9295.149,6114.3677,40837.0,:B10,16470.586,8007.8364,7938.8545,5315.718,37733.0,:B16,17210.533,8398.784,8364.891,5783.7974,39758.0,:B17,17684.596,9090.67,9237.57,6101.151,42114.0,:B19,16100.905,8482.5205,8618.929,5767.653,38970.0,:B20,16677.822,8040.921,7849.3037,5373.9565,37942.0,:B22,16409.71,7775.0977,7448.1855,5439.0054,37072.0,:B24,17871.295,8551.935,8513.047,5577.737,40514.0,:B26,17252.436,6734.6133,6772.6934,7280.2676,38040.0
:B02,15739.575,7483.563,7633.3696,5054.493,35911.0,:B04,17147.986,8395.164,8145.4175,5481.421,39170.0,:B06,17819.244,8747.369,8188.7817,5663.6167,40419.0,:B07,17556.541,9023.486,8909.451,5990.535,41480.0,:B09,16315.832,8701.629,8717.223,6014.3125,39749.0,:B10,17867.305,8531.087,9052.564,5870.0347,41321.0,:B16,16611.555,7745.684,7960.224,5753.537,38071.0,:B17,17483.38,9035.248,9158.354,5970.025,41647.0,:B19,16048.967,8792.645,8833.535,5963.853,39639.0,:B20,17609.42,8433.217,8336.646,5511.7383,39891.0,:B22,16932.387,8173.9224,8169.449,5772.244,39048.0,:B24,17558.406,8070.7095,8627.835,5684.041,39941.0,:B26,17133.658,6763.365,6960.018,7264.9487,38122.0
:B02,16808.117,7823.5317,7907.243,5188.106,37727.0,:B04,17931.555,8964.07,8985.947,5887.422,41769.0,:B06,17068.055,8177.169,8515.429,5807.342,39568.0,:B07,16253.808,8651.986,8517.061,5696.154,39119.0,:B09,14769.5,9381.564,9262.627,6520.311,39934.0,:B10,16421.441,7674.63,8026.1016,5463.8223,37586.0,:B16,18327.727,8533.714,8361.951,5622.609,40846.0,:B17,16497.068,8749.378,8629.949,5776.5986,39653.0,:B19,16245.694,8756.492,8526.0625,5915.751,39444.0,:B20,16805.883,8090.328,7707.061,5520.7236,38124.0,:B22,16455.074,7795.226,7877.3574,5464.335,37592.0,:B24,17200.303,8052.449,8271.202,5422.043,38946.0,:B26,17099.215,6862.0415,6684.3237,7276.4272,37922.0
:B02,17384.541,8371.611,8001.7173,5643.1357,39401.0,:B04,17161.34,7910.777,7918.453,5447.4155,38438.0,:B06,17748.41,9082.186,9084.944,5657.4536,41573.0,:B07,17127.031,8637.351,8944.03,5798.5894,40507.0,:B09,15165.102,9351.491,9472.806,6206.61,40196.0,:B10,17188.611,8038.2217,8691.838,5597.326,39516.0,:B16,17017.506,7530.486,7955.5493,5351.4453,37855.0,:B17,15434.0,8354.0,8448.754,5726.251,37963.0,:B19,17413.705,8592.267,8900.079,5761.9546,40668.0,:B20,17273.947,8241.364,8175.8105,5708.871,39400.0,:B22,17854.162,8542.957,8391.644,5762.2354,40551.0,:B24,17214.924,8560.058,8633.38,5477.636,39886.0,:B26,16000.344,6913.273,7002.0215,7783.3774,37699.0
:B02,17134.686,8300.979,8419.338,5677.0015,39532.0,:B04,16658.307,7940.2847,7971.643,5457.773,38028.0,:B06,16733.98,7807.6025,8236.698,5823.7134,38602.0,:B07,16278.12,8281.123,8327.731,5715.0186,38602.0,:B09,16796.574,8663.529,8641.832,5890.062,39992.0,:B10,16573.252,7764.726,8291.419,5409.6104,38039.0,:B16,16052.192,7543.398,7330.4116,5438.997,36365.0,:B17,15923.989,8569.009,8914.079,5851.9277,39259.0,:B19,16990.23,8783.932,8465.815,5681.015,39921.0,:B20,17283.178,8158.983,8057.2314,5549.6187,39049.0,:B22,16510.76,8141.5835,7630.5625,5383.097,37666.0,:B24,16895.201,8796.006,8445.644,5614.1553,39751.0,:B26,16811.316,6663.5444,6755.898,7399.234,37630.0
:B02,17536.674,8428.102,8588.201,5992.001,40545.0,:B04,16848.887,7756.9883,7802.795,5283.322,37692.0,:B06,16870.463,8460.157,8336.19,5581.2,39248.0,:B07,17239.406,8986.391,9232.255,6118.953,41577.0,:B09,15037.841,9148.559,9419.891,6652.708,40259.0,:B10,16357.165,7950.9517,7862.349,5496.537,37667.0,:B16,16670.889,8159.362,8276.483,5579.254,38686.0,:B17,16674.518,8978.473,9293.623,6077.391,41024.0,:B19,15952.512,8529.466,8810.857,5667.1533,38960.0,:B20,16459.672,7848.484,7766.133,5616.7085,37691.0,:B22,17382.72,8197.785,7871.066,5533.423,38985.0,:B24,16710.062,7837.6743,8415.873,5627.3877,38591.0,:B26,16214.712,6638.2896,6690.9785,7267.0137,36811.0
:B02,17170.781,7942.006,7994.604,5655.5938,38763.0,:B04,16571.982,7616.6016,7641.312,5445.0884,37275.0,:B06,17405.781,8366.25,8591.989,5773.972,40138.0,:B07,17285.994,8709.351,8889.058,6083.5903,40968.0,:B09,16736.318,8976.924,8991.749,6113.0137,40818.0,:B10,17273.822,8853.304,8756.475,5631.394,40515.0,:B16,16839.42,7668.255,7861.4424,5476.881,37846.0,:B17,16433.781,9198.873,8955.334,6079.9985,40668.0,:B19,15475.419,8530.91,8584.677,5724.9907,38316.0,:B20,17051.393,8261.541,8293.877,5241.1895,38848.0,:B22,17251.074,8158.5503,8285.117,5893.25,39588.0,:B24,17875.186,8682.355,8750.287,5759.1675,41067.0,:B26,16542.814,6669.897,6804.063,7462.2163,37479.0
:B02,16691.432,7620.6914,7809.64,5223.229,37345.0,:B04,17160.572,8053.9185,8377.98,5796.5415,39389.0,:B06,17392.166,8188.7163,8235.016,5626.1113,39442.0,:B07,16779.578,8589.922,8593.2705,5782.232,39745.0,:B09,16395.639,8805.146,9108.147,5908.082,40217.0,:B10,16591.299,7864.023,7738.4175,5490.2603,37684.0,:B16,16816.963,8043.221,8206.6455,5387.177,38454.0,:B17,15924.99,8716.662,8549.423,5819.9233,39011.0,:B19,15553.816,9142.418,9165.381,6204.388,40066.0,:B20,17133.459,8747.825,8062.0176,5603.7075,39547.0,:B22,17176.465,7998.5166,8021.9697,5679.0474,38876.0,:B24,17355.832,8622.022,7974.22,5687.922,39640.0,:B26,15619.6045,7137.0234,6721.6016,7336.7773,36815.0
:B02,17353.635,8591.555,8242.59,5467.2236,39655.0,:B04,16857.21,8143.747,8046.744,5659.298,38707.0,:B06,17200.148,8554.858,8085.8125,5441.169,39282.0,:B07,17005.043,8722.03,8976.57,5973.3623,40677.0,:B09,14913.251,9123.502,9146.227,6496.0146,39679.0,:B10,16472.709,8046.1147,8094.6816,5664.4956,38278.0,:B16,16842.475,8286.049,8044.699,5325.7754,38499.0,:B17,16718.082,8460.91,8785.883,5739.116,39704.0,:B19,17063.54,8849.191,8724.904,5884.3706,40522.0,:B20,17164.344,8375.324,7924.5513,5971.765,39436.0,:B22,16851.576,8153.0605,7926.415,5545.95,38477.0,:B24,16436.797,7625.387,7611.957,5423.856,37098.0,:B26,16649.953,6766.0747,6657.9214,7375.0645,37449.0
:B02,17688.56,7999.293,8451.5205,5611.6396,39751.0,:B04,16686.477,7669.9395,7944.5283,5559.0537,37860.0,:B06,16845.566,8153.69,8306.53,5501.214,38807.0,:B07,15898.377,9278.932,9172.987,6367.7017,40718.0,:B09,15492.847,8329.312,8479.1455,5652.697,37954.0,:B10,17345.898,8177.831,8344.583,5527.6953,39396.0,:B16,18369.45,9281.863,8812.481,5634.199,42098.0,:B17,15815.701,8587.154,8703.016,5976.1206,39082.0,:B19,16283.897,8818.017,8734.205,5944.8765,39781.0,:B20,16462.168,7814.8906,7929.7163,5072.212,37279.0,:B22,17600.803,8830.774,8499.967,5507.47,40439.0,:B24,17728.916,8347.095,8528.277,5695.6978,40300.0,:B26,16068.122,6870.498,7005.3286,7414.0337,37358.0
:B02,17656.195,8666.182,8173.3115,5638.3145,40134.0,:B04,17372.955,8616.462,8570.708,5748.8745,40309.0,:B06,17395.887,8188.9536,8261.685,5592.474,39439.0,:B07,17034.541,8559.788,9411.31,5973.3677,40979.0,:B09,17493.43,8956.945,9006.161,6024.4673,41481.0,:B10,16702.691,8095.0825,7957.297,5355.927,38111.0,:B16,16696.107,7949.6855,7655.578,5397.6274,37699.0,:B17,15977.943,8795.489,8612.861,6037.7236,39424.0,:B19,16885.729,8454.237,8519.532,5749.4976,39609.0,:B20,16899.014,7915.688,8012.2627,5762.027,38589.0,:B22,16730.586,7967.022,7884.9785,5550.4062,38133.0,:B24,16211.279,7805.472,7995.162,5118.0845,37130.0,:B26,17330.639,6926.785,6629.3477,7287.25,38174.0
:B02,17379.316,8674.854,8454.67,5445.155,39954.0,:B04,17193.0,8395.158,8349.08,5431.7656,39369.0,:B06,16697.543,8116.1836,8029.393,5527.878,38371.0,:B07,16046.502,8644.826,8863.218,5944.452,39499.0,:B09,15905.164,8637.562,8734.893,5690.38,38968.0,:B10,17429.861,8254.064,8492.774,5695.294,39872.0,:B16,17125.52,8082.9604,8285.7,5365.824,38860.0,:B17,17269.645,9040.818,8805.802,6015.7344,41132.0,:B19,17308.32,9115.714,9006.987,5981.99,41413.0,:B20,16839.867,8211.573,8023.6235,5738.931,38814.0,:B22,16777.406,8039.3315,8151.515,5698.7573,38667.0,:B24,16596.96,7853.861,8097.0205,5462.163,38010.0,:B26,15977.69,6618.224,6855.6055,7403.469,36855.0
:B02,17358.262,8269.873,8244.732,5597.132,39470.0,:B04,16436.049,7952.3823,7783.8955,5373.6763,37546.0,:B06,17102.902,8145.067,8093.657,5423.376,38765.0,:B07,16918.55,8979.146,8832.026,5635.2686,40365.0,:B09,15532.135,8425.338,8771.07,5798.442,38527.0,:B10,16782.307,8360.507,8203.038,5470.1455,38816.0,:B16,17154.455,8481.535,8515.64,5539.357,39691.0,:B17,15775.012,8713.031,8461.479,5711.494,38661.0,:B19,15526.067,9117.461,9410.318,6275.1494,40329.0,:B20,16828.154,7976.0728,7878.56,5358.214,38041.0,:B22,17423.26,8513.402,8901.702,5678.6396,40517.0,:B24,16295.448,7605.575,7756.2227,5229.7476,36887.0,:B26,16365.945,6715.682,6777.4297,7176.9556,37036.0
:B02,17655.695,8697.843,8345.026,5868.444,40567.0,:B04,16227.541,7381.564,7484.3774,5156.5107,36250.0,:B06,17132.744,8556.57,8437.773,5321.9126,39449.0,:B07,14662.878,9176.329,9410.484,6408.314,39658.0,:B09,17721.262,9066.533,8990.258,6104.948,41883.0,:B10,17465.31,8495.367,8739.376,5915.949,40616.0,:B16,17182.695,7904.078,8276.519,5879.7036,39243.0,:B17,17052.627,8808.841,8752.32,5712.213,40326.0,:B19,15648.466,8369.158,8475.64,5589.7417,38083.0,:B20,16655.773,7832.569,7807.164,5490.4956,37786.0,:B22,16577.168,7478.274,7631.6533,5375.9067,37063.0,:B24,16748.518,7745.5986,7764.9634,5606.9136,37866.0,:B26,16783.559,6841.93,6829.5996,7074.9,37530.0
:B02,17184.81,8246.574,8049.576,5588.035,39069.0,:B04,17079.547,8540.633,8504.627,5608.1846,39733.0,:B06,17438.46,8043.992,8181.8735,5536.679,39201.0,:B07,17298.785,8936.377,8920.067,5883.77,41039.0,:B09,15658.953,9176.347,9426.272,6474.4517,40736.0,:B10,16774.236,7909.357,8211.188,5327.215,38222.0,:B16,17133.176,8215.411,8367.209,5325.195,39041.0,:B17,14813.229,9444.984,9213.934,6611.8506,40084.0,:B19,17200.738,8488.47,8899.433,5749.3555,40338.0,:B20,17214.133,8213.496,8024.974,5752.383,39205.0,:B22,17363.193,8263.231,8020.011,5693.5674,39340.0,:B24,17634.744,8113.4526,8450.748,5989.064,40188.0,:B26,15446.62,6700.879,6664.016,7212.5044,36024.0
:B02,16957.4,7834.3047,7635.141,5598.157,38025.0,:B04,16245.425,7849.3535,7555.5815,5269.6294,36920.0,:B06,16473.836,7809.9766,8321.248,5222.9385,37828.0,:B07,16120.788,8493.253,8147.035,5407.9253,38169.0,:B09,15344.276,9080.232,9401.989,6395.5,40222.0,:B10,17036.11,7995.7017,8398.563,5274.6074,38705.0,:B16,17511.566,8316.735,8496.817,5993.88,40319.0,:B17,17181.95,9021.576,8527.783,5938.6924,40670.0,:B19,15602.049,8981.826,8762.581,5830.546,39177.0,:B20,17165.318,8162.8296,8363.652,5500.206,39192.0,:B22,17190.248,8419.843,8510.59,5723.329,39844.0,:B24,16860.475,8021.8447,7985.102,5680.5757,38548.0,:B26,17148.68,6637.181,6657.1587,7135.986,37579.0
:B02,16242.839,7543.854,7573.021,5240.286,36600.0,:B04,16471.766,7873.347,8305.9375,5526.9517,38178.0,:B06,17746.355,8442.688,8438.889,5787.069,40415.0,:B07,15377.925,8842.431,8571.503,5709.145,38501.0,:B09,16234.919,8778.374,8586.366,6117.3477,39717.0,:B10,17012.97,7949.1206,7687.195,5532.7153,38182.0,:B16,17221.076,8071.5396,7862.89,5569.494,38725.0,:B17,16835.188,8735.316,8616.381,5790.116,39977.0,:B19,16925.857,8631.349,8617.342,5792.4385,39967.0,:B20,17376.15,8106.9805,8510.555,5644.3057,39638.0,:B22,17690.21,8445.636,8487.426,5532.7163,40156.0,:B24,16912.688,8188.8726,8013.539,5334.907,38450.0,:B26,17447.152,6793.285,7061.1724,7374.398,38676.0
:B02,17297.639,8296.238,8352.611,5426.518,39373.0,:B04,18010.693,8869.685,8802.201,5873.427,41556.0,:B06,17254.643,8727.439,8199.145,5546.7686,39728.0,:B07,16542.74,8286.593,8258.901,5707.7607,38796.0,:B09,14596.858,9220.378,9314.744,6495.0166,39627.0,:B10,17537.932,8870.92,8376.596,5562.547,40348.0,:B16,16539.98,7818.599,7669.218,5427.2046,37455.0,:B17,16148.153,8543.171,8695.717,5887.961,39275.0,:B19,15992.753,9311.756,9289.175,6278.3257,40872.0,:B20,16551.781,7542.479,7723.8647,5292.8833,37111.0,:B22,17067.895,8288.689,8569.943,5746.4873,39673.0,:B24,17810.562,8669.185,8767.07,5786.1714,41033.0,:B26,17234.527,6760.066,6671.8457,7233.5503,37900.0
:B02,17759.57,8192.365,8467.22,5580.8467,40000.0,:B04,17746.209,8440.261,8368.212,5800.3193,40355.0,:B06,18340.883,8890.584,9004.668,5997.862,42234.0,:B07,16564.594,8560.303,8518.608,5740.496,39384.0,:B09,16233.801,9586.128,9194.158,6381.9087,41396.0,:B10,16264.971,7846.862,7907.4697,4961.695,36981.0,:B16,17790.85,8722.322,8540.264,5697.5586,40751.0,:B17,16287.769,8802.989,9169.144,5838.1025,40098.0,:B19,15346.311,9400.317,9216.03,6343.3403,40306.0,:B20,17422.742,8447.952,8696.132,5633.1772,40200.0,:B22,17137.97,8432.736,8250.594,5814.7036,39636.0,:B24,16250.093,7457.527,7447.883,5205.4966,36361.0,:B26,16637.33,6641.598,6922.588,7204.5356,37406.0
:B02,16898.645,7945.6987,8201.596,5702.057,38748.0,:B04,17055.49,8387.831,8189.515,5686.17,39319.0,:B06,16729.836,7771.6675,7780.4277,5560.079,37842.0,:B07,17338.21,8758.093,9181.217,5912.4775,41190.0,:B09,15966.679,8651.704,8620.303,5874.3223,39113.0,:B10,16398.88,7478.5825,7861.254,5302.289,37041.0,:B16,16781.156,8146.688,8232.787,5678.3706,38839.0,:B17,17057.818,9031.813,8669.1455,5706.2324,40465.0,:B19,16144.113,8933.539,8946.871,6024.4883,40049.0,:B20,16904.105,8012.555,8074.9385,5548.39,38540.0,:B22,17373.111,8355.884,8567.41,5580.5967,39877.0,:B24,16524.42,8006.3135,7758.8877,5135.39,37425.0,:B26,17367.115,6907.1606,6707.4507,7292.2676,38274.0
:B02,17825.27,8659.609,8786.3,5832.8325,41104.0,:B04,16736.42,8077.6694,8301.959,5379.9556,38496.0,:B06,18041.496,8477.035,9055.995,6149.466,41724.0,:B07,16120.66,8485.517,8790.319,6023.513,39420.0,:B09,17239.582,8743.144,9082.537,5880.7397,40946.0,:B10,16870.586,7899.7095,7812.7095,5321.995,37905.0,:B16,16123.179,7749.87,7895.53,5288.412,37057.0,:B17,15147.427,8514.089,8519.959,5448.53,37630.0,:B19,16313.605,8865.4795,8870.74,5977.171,40027.0,:B20,17352.402,8111.1094,8474.171,5689.305,39627.0,:B22,17285.254,8023.984,8341.968,5781.792,39433.0,:B24,16954.123,7803.0854,7875.174,5559.6245,38192.0,:B26,17140.889,7050.912,6903.9556,7411.2305,38507.0
:B02,17079.104,8404.81,8388.257,5781.831,39654.0,:B04,17370.203,7871.3525,8022.1763,5707.2812,38971.0,:B06,17201.848,8924.657,8818.6045,5269.889,40215.0,:B07,15488.519,8809.463,8880.76,5814.2534,38993.0,:B09,15399.581,8463.932,8871.598,5912.8857,38648.0,:B10,17945.387,8713.802,8592.908,5633.8994,40886.0,:B16,16872.27,8431.753,8046.68,5307.2993,38658.0,:B17,15499.035,8532.246,8391.868,5688.854,38112.0,:B19,17451.113,9082.195,9131.137,5975.54,41640.0,:B20,16357.402,7685.7485,8060.7163,5592.1274,37696.0,:B22,16471.09,7913.2974,7599.2363,5427.3765,37411.0,:B24,17392.678,7856.774,8151.966,5832.587,39234.0,:B26,16721.879,7239.541,7001.5625,7624.0,38587.0
:B02,16566.791,8036.8267,8264.472,5384.907,38253.0,:B04,16192.017,7969.787,7781.9604,5518.228,37462.0,:B06,16568.426,8012.69,8156.4673,5394.402,38132.0,:B07,15573.174,8375.488,8490.76,5707.569,38147.0,:B09,15734.537,8418.981,8688.934,5750.5376,38593.0,:B10,17484.541,8617.918,8389.919,5398.633,39891.0,:B16,17761.512,8997.886,8843.395,6008.217,41611.0,:B17,15867.062,8646.609,8898.684,5978.652,39391.0,:B19,16303.077,9142.74,8913.995,5972.1963,40332.0,:B20,17963.055,8743.135,8562.388,5592.418,40861.0,:B22,17864.86,8481.917,8393.874,5863.344,40604.0,:B24,15823.171,7502.3003,7429.2646,5016.2666,35771.0,:B26,17415.209,6768.4,6731.0435,7305.348,38220.0
:B02,17941.414,9420.925,8914.585,5791.078,42068.0,:B04,16495.713,7972.2925,8030.9395,5307.056,37806.0,:B06,15733.254,7646.781,7472.1533,5087.81,35940.0,:B07,16550.58,8759.457,9087.488,5925.4785,40323.0,:B09,16448.266,8648.014,8354.564,5692.1533,39143.0,:B10,16404.973,8092.212,7591.433,5077.385,37166.0,:B16,17194.283,7910.052,8445.958,5751.705,39302.0,:B17,16458.408,8820.715,9078.117,5755.769,40113.0,:B19,15369.156,8299.11,8283.327,5517.4116,37469.0,:B20,16851.457,7948.7393,7878.4595,5306.3457,37985.0,:B22,17561.934,8056.636,8219.702,5519.7285,39358.0,:B24,17330.047,8658.506,8532.18,5646.2715,40167.0,:B26,15622.184,6653.021,6603.033,7088.768,35967.0
:B02,16937.475,8711.463,8461.035,5513.023,39623.0,:B04,16841.25,8680.679,8439.641,5526.4355,39488.0,:B06,16562.84,7695.5083,7720.076,5154.5786,37133.0,:B07,17757.812,9031.791,9084.973,6162.423,42037.0,:B09,16686.156,8904.344,9069.529,6021.9785,40682.0,:B10,16897.082,7959.5684,7766.2993,5598.046,38221.0,:B16,18058.135,8627.706,8620.769,5563.391,40870.0,:B17,16128.766,8848.22,8950.38,6010.6396,39938.0,:B19,16977.365,9061.541,8701.915,6029.1753,40770.0,:B20,15815.557,7817.0474,8020.0728,4977.317,36630.0,:B22,16927.285,7993.4263,8195.46,5637.8394,38754.0,:B24,15764.526,7519.058,7313.352,5201.054,35798.0,:B26,16952.916,6666.403,6740.1567,7407.5396,37767.0
:B02,16972.242,7804.352,8076.9463,5467.446,38321.0,:B04,17276.322,7981.6636,8508.055,5473.9575,39240.0,:B06,17158.148,8137.256,8423.697,5347.8975,39067.0,:B07,17017.416,8772.071,8957.21,6076.3115,40823.0,:B09,16283.312,9048.691,9132.007,6001.9746,40466.0,:B10,16694.232,8317.183,8186.517,5967.0664,39165.0,:B16,17426.785,8920.283,8467.132,5472.8022,40287.0,:B17,17013.244,8907.299,9072.047,6108.409,41101.0,:B19,14790.441,9426.458,9495.901,6448.211,40161.0,:B20,17993.25,8527.608,8891.419,5881.717,41294.0,:B22,17655.773,8332.922,8109.653,5567.652,39666.0,:B24,16378.998,7869.4453,8314.042,5324.5054,37887.0,:B26,16128.845,7166.32,7020.3677,7649.473,37965.0
:B02,15872.114,7596.805,7519.3477,5208.738,36197.0,:B04,17662.965,9043.724,8832.988,5507.312,41047.0,:B06,15215.691,7400.8237,7455.69,5085.792,35158.0,:B07,17308.988,8876.467,8916.362,5915.1743,41017.0,:B09,15868.595,8513.477,8658.565,5795.369,38836.0,:B10,17385.299,8439.2705,8611.887,5481.5483,39918.0,:B16,18052.012,9158.442,8991.861,5671.68,41874.0,:B17,16023.313,8908.577,8886.229,5848.878,39667.0,:B19,15856.956,8972.484,8895.429,5833.14,39558.0,:B20,17610.203,8573.904,8571.585,5650.3174,40406.0,:B22,17385.713,8539.828,8651.059,5770.4053,40347.0,:B24,16910.37,8367.568,8775.975,5367.077,39421.0,:B26,17481.076,6911.297,6952.511,7327.1196,38672.0
:B02,17558.424,8561.019,8518.311,5734.248,40372.0,:B04,16577.941,7633.9443,8060.2983,5430.81,37703.0,:B06,16921.627,7636.45,7760.227,5303.695,37622.0,:B07,15770.998,8775.854,8452.637,5904.5073,38904.0,:B09,17594.75,9310.865,9112.048,6122.326,42140.0,:B10,16987.307,8051.1353,7991.101,5689.4565,38719.0,:B16,16765.836,7876.6846,8329.595,5492.859,38465.0,:B17,15986.804,9057.264,9008.595,5843.3286,39896.0,:B19,16141.577,8677.778,8965.955,6013.699,39799.0,:B20,18221.656,9078.058,8873.518,5738.76,41912.0,:B22,17379.379,7993.245,8497.638,5670.731,39541.0,:B24,18530.254,9496.548,9257.288,5689.9097,42974.0,:B26,16686.174,6803.047,6693.0356,7380.735,37563.0
:B02,16753.516,7890.684,7674.794,5326.011,37645.0,:B04,16666.947,8011.8,8010.7812,5455.463,38145.0,:B06,16310.3,7577.8965,7924.6045,5235.189,37048.0,:B07,16305.818,8790.407,8885.852,5718.9233,39701.0,:B09,16608.809,9191.461,9302.505,6272.2173,41375.0,:B10,17459.824,8109.3623,8257.226,5887.587,39714.0,:B16,16325.441,7773.9033,7518.6714,5466.9946,37085.0,:B17,14563.347,9122.432,8892.992,6380.229,38959.0,:B19,15622.392,8534.004,8673.218,5950.389,38780.0,:B20,16436.357,7850.8213,7775.5806,5397.234,37460.0,:B22,16970.09,8129.5957,8354.079,5697.2397,39151.0,:B24,18009.799,8798.915,8874.892,5489.3833,41173.0,:B26,17242.896,6577.479,7052.0234,7507.612,38380.0
:B02,16530.266,7998.635,7763.669,5348.429,37641.0,:B04,17120.422,8316.2,8166.1235,5197.2534,38800.0,:B06,16963.734,8522.756,8533.617,5337.899,39358.0,:B07,16235.316,8616.837,8436.169,5542.6807,38831.0,:B09,15493.214,8903.894,8945.481,5793.415,39136.0,:B10,16325.431,7769.932,7860.361,5104.2793,37060.0,:B16,17467.299,8225.773,8499.305,5815.6177,40008.0,:B17,14571.262,9379.034,9229.578,6436.1294,39616.0,:B19,16891.484,8700.812,8582.18,5774.523,39949.0,:B20,16926.29,8123.35,8498.887,5408.476,38957.0,:B22,17235.627,8095.519,7859.426,5523.4385,38714.0,:B24,17163.729,8238.799,8637.586,5445.8813,39486.0,:B26,17748.006,7013.984,6992.2583,7335.7593,39090.0
:B02,16875.828,8398.791,8342.645,5355.741,38973.0,:B04,16252.2705,7982.28,7927.6763,5612.7666,37775.0,:B06,17235.979,8688.174,8346.464,5114.3804,39385.0,:B07,15758.02,9216.813,9318.47,6521.6978,40815.0,:B09,16381.348,8584.173,8780.432,5866.0435,39612.0,:B10,17041.23,8111.044,8374.555,5445.1675,38972.0,:B16,16091.411,7747.7817,7886.8403,5014.957,36741.0,:B17,15084.874,9386.348,9315.5205,6418.2593,40205.0,:B19,17322.941,9080.122,8833.025,5986.908,41223.0,:B20,17425.58,9065.647,8430.45,5808.317,40730.0,:B22,16655.223,7874.8633,8108.754,5532.1626,38171.0,:B24,17570.941,8665.337,8966.044,5514.6826,40717.0,:B26,16852.775,6757.361,6645.482,7290.381,37546.0
:B02,17006.492,8054.9185,8233.368,5816.212,39111.0,:B04,17253.012,8561.187,8612.308,5529.4995,39956.0,:B06,15528.07,7286.772,7219.489,5264.6694,35299.0,:B07,16252.678,8842.34,8813.412,5824.575,39733.0,:B09,17013.287,8607.125,8873.553,5873.0386,40367.0,:B10,17320.63,8514.3125,8417.97,5356.0977,39609.0,:B16,16898.324,7937.03,7710.0005,5312.651,37858.0,:B17,15868.488,8825.873,8492.257,5736.3867,38923.0,:B19,16118.054,8633.763,8714.312,6202.853,39669.0,:B20,17579.127,8725.621,8441.167,5416.095,40162.0,:B22,16831.967,8323.517,8650.749,5198.759,39005.0,:B24,17221.113,8250.288,8028.951,5677.652,39178.0,:B26,17494.736,6895.276,6892.026,7556.9604,38839.0
:B02,17643.719,8417.045,8676.438,5833.8,40571.0,:B04,16108.162,7634.9194,7815.7695,5182.143,36741.0,:B06,16903.354,8027.3687,7686.9004,5556.38,38174.0,:B07,16115.701,8718.404,8863.415,5932.4795,39630.0,:B09,15678.327,8531.985,8618.863,5669.8193,38499.0,:B10,16856.871,8578.608,8345.201,5403.3257,39184.0,:B16,17503.932,8484.47,8445.893,5560.7124,39995.0,:B17,15661.695,8485.244,8470.262,5566.8047,38184.0,:B19,17222.691,8886.191,8844.521,5921.6006,40875.0,:B20,16889.87,7789.351,7986.3994,5680.3916,38346.0,:B22,16984.168,8120.6787,8189.841,5519.3193,38814.0,:B24,17071.375,7922.463,8193.962,5628.2,38816.0,:B26,17330.072,6844.4927,6930.846,7436.596,38542.0
:B02,16441.572,8048.623,7936.4893,5424.318,37851.0,:B04,17479.47,8607.685,8437.362,5609.482,40134.0,:B06,17500.414,8411.533,8620.291,5793.7637,40326.0,:B07,15009.023,8606.082,8298.217,5691.6846,37605.0,:B09,16088.414,9019.988,8755.434,6029.1694,39893.0,:B10,16283.098,8152.5615,8026.6353,5282.705,37745.0,:B16,16974.941,7881.91,7973.3965,5552.75,38383.0,:B17,17253.684,9146.296,8661.958,5836.0693,40898.0,:B19,16298.914,8973.671,8921.197,6190.203,40384.0,:B20,16379.747,8378.059,8190.789,5592.3994,38541.0,:B22,16406.453,7617.447,7786.1216,5419.9775,37230.0,:B24,16877.58,8154.2993,7961.153,5546.9688,38540.0,:B26,16130.349,6745.686,6658.5933,7309.375,36844.0
:B02,16262.295,7703.352,7898.579,5460.768,37325.0,:B04,17371.703,8433.991,8368.691,5661.615,39836.0,:B06,16000.976,7613.723,7581.848,5131.472,36328.0,:B07,16575.018,8393.583,8469.691,5757.708,39196.0,:B09,16098.946,8290.2705,8270.345,5428.452,38088.0,:B10,16392.602,7708.2046,7844.1416,5391.0454,37336.0,:B16,17292.207,8145.594,8135.5938,5664.6133,39238.0,:B17,15189.128,9476.562,9332.697,6632.615,40631.0,:B19,16684.172,8759.321,8713.672,5988.8257,40146.0,:B20,16646.607,8109.8467,8062.689,5419.86,38239.0,:B22,16443.637,7622.98,7806.6294,5303.749,37177.0,:B24,16695.316,8208.084,8217.794,5483.8022,38605.0,:B26,15657.25,6865.756,6699.985,7335.987,36559.0
:B02,16812.664,8133.862,8343.034,5415.4478,38705.0,:B04,17085.213,8222.45,8145.303,5395.0234,38848.0,:B06,17072.48,7863.331,8074.174,5687.0244,38697.0,:B07,15644.875,8750.653,8407.689,5786.7803,38590.0,:B09,15700.591,8425.084,8796.291,5943.045,38865.0,:B10,17273.693,8746.277,8290.281,5552.7397,39863.0,:B16,17130.322,8233.113,8190.521,5618.0464,39172.0,:B17,16638.799,8123.8965,8626.052,5689.2476,39078.0,:B19,16391.566,9068.921,9029.79,6153.7236,40644.0,:B20,16624.768,8060.9834,8068.585,5176.6626,37931.0,:B22,17983.557,8898.355,8655.576,5726.5005,41264.0,:B24,16531.502,7673.8623,7749.205,5459.436,37414.0,:B26,16402.955,6637.345,6861.144,7228.5776,37130.0
:B02,16732.613,8000.6577,7989.4497,5582.28,38305.0,:B04,17016.238,7588.29,7848.6895,5344.7876,37798.0,:B06,17795.584,8655.532,8734.549,5622.3394,40808.0,:B07,16138.516,8669.299,8656.773,5865.415,39330.0,:B09,16341.503,8511.831,8725.395,5951.264,39530.0,:B10,17560.107,9004.348,8526.223,5717.3267,40808.0,:B16,16369.253,7481.1187,7677.247,5258.3965,36786.0,:B17,16181.651,8771.377,8476.805,5890.1655,39320.0,:B19,16733.25,9123.776,9018.0205,6165.9473,41041.0,:B20,16667.115,7992.3516,8282.591,5285.955,38228.0,:B22,16532.35,8516.56,8243.661,5415.433,38708.0,:B24,16684.062,8076.107,7938.962,5375.8735,38075.0,:B26,16207.118,6640.6333,6509.644,7267.6206,36625.0
:B02,16610.64,7867.9272,7887.573,5621.856,37988.0,:B04,16172.71,7853.624,7488.175,5397.4946,36912.0,:B06,17123.15,8046.127,7989.843,5484.876,38644.0,:B07,17650.348,9329.417,8808.251,6096.9834,41885.0,:B09,16229.211,8849.115,8872.917,5908.755,39860.0,:B10,16742.533,7781.6074,7574.478,5454.383,37553.0,:B16,17939.094,9211.3955,8896.671,5895.837,41943.0,:B17,16807.771,8727.514,9073.66,5492.0493,40101.0,:B19,17235.855,8632.748,8706.484,5759.914,40335.0,:B20,17263.736,8182.3633,8555.246,5435.641,39437.0,:B22,16809.611,7948.779,7910.423,5205.1816,37874.0,:B24,17450.498,8183.4907,8305.05,5549.966,39489.0,:B26,17163.596,6572.2495,6681.139,7440.0137,37857.0
:B02,16134.371,7506.625,7751.484,5637.5176,37030.0,:B04,16534.686,7692.0234,8165.7803,5433.502,37826.0,:B06,17245.61,8104.45,7785.5054,5760.4336,38896.0,:B07,15696.969,8356.464,8295.26,5933.316,38282.0,:B09,17561.984,6593.67,9075.272,6433.071,39664.0,:B10,17971.62,9072.265,8151.3857,5840.727,41036.0,:B16,17696.385,8492.455,8658.06,5654.092,40501.0,:B17,14434.676,9140.655,9271.515,6536.1533,39383.0,:B19,17019.541,8852.118,8871.035,5798.306,40541.0,:B20,18169.438,8964.758,9069.798,5681.014,41885.0,:B22,17704.32,8295.872,8398.806,5778.0103,40177.0,:B24,16573.023,8057.326,7804.603,5309.0576,37744.0,:B26,16685.363,6479.5356,6815.5923,7321.5093,37302.0
:B02,17675.27,8989.387,8974.035,5572.309,41211.0,:B04,16621.932,7975.549,8055.6704,5231.853,37885.0,:B06,17149.7,8333.933,8245.201,5343.1665,39072.0,:B07,16192.408,8823.318,9024.475,5772.806,39813.0,:B09,15386.415,8245.361,8143.5405,5606.6763,37382.0,:B10,16826.74,8332.792,8294.996,5540.4736,38995.0,:B16,17314.324,8592.292,8550.156,5631.2344,40088.0,:B17,16016.039,8632.539,8739.249,5761.1743,39149.0,:B19,16012.852,9027.873,8715.102,5943.17,39699.0,:B20,17830.027,8895.171,8756.105,5629.6943,41111.0,:B22,16854.371,8223.21,8230.217,5335.2007,38643.0,:B24,17250.371,8225.379,8188.553,5994.6855,39659.0,:B26,16352.1045,6728.1284,6658.381,7190.4116,36929.0
:B02,17083.586,8353.95,8694.038,5462.424,39594.0,:B04,17393.895,8622.16,8528.781,5790.174,40335.0,:B06,16564.934,8167.929,8128.3647,5277.7783,38139.0,:B07,15196.328,9345.701,9271.025,6564.945,40378.0,:B09,16521.037,8530.779,8796.015,5751.1665,39599.0,:B10,16730.943,7744.414,7893.5176,5383.1353,37752.0,:B16,16817.98,7852.9526,8016.413,5658.641,38346.0,:B17,17439.955,9130.451,9044.231,6026.3677,41641.0,:B19,16736.62,8695.41,9123.528,5825.446,40381.0,:B20,16228.756,7692.5806,7542.4336,5241.2334,36705.0,:B22,17194.719,7988.9487,7930.932,5680.388,38795.0,:B24,16684.479,7879.7925,7909.595,5421.1465,37895.0,:B26,16427.146,6744.1567,6659.349,7319.35,37150.0
:B02,16702.104,8075.031,8382.453,5402.401,38562.0,:B04,16984.684,8259.149,8312.518,5413.6616,38970.0,:B06,16914.652,7747.8525,7953.2026,5362.2925,37978.0,:B07,16714.154,8818.824,9032.511,5738.506,40304.0,:B09,17504.594,8958.816,8911.333,5771.247,41146.0,:B10,17651.275,8624.164,8673.834,5766.7207,40716.0,:B16,16684.068,8121.4004,8588.82,5565.6978,38960.0,:B17,15805.65,8581.737,8308.019,5773.5854,38469.0,:B19,16080.43,8744.819,8666.368,5873.389,39365.0,:B20,17148.135,8091.7974,8015.766,5455.316,38711.0,:B22,17722.535,8552.521,8697.257,5427.6987,40400.0,:B24,16545.945,8179.4727,7633.13,5530.45,37889.0,:B26,17813.824,6967.549,6963.7417,7427.865,39173.0
:B02,17065.76,7759.2295,7918.9775,5301.024,38045.0,:B04,17176.969,8156.4917,8688.112,5367.427,39389.0,:B06,17862.932,8394.837,8741.58,5636.637,40636.0,:B07,17196.361,8813.617,9162.642,5990.376,41163.0,:B09,16702.004,8691.464,8968.3125,6004.2246,40366.0,:B10,17026.31,8555.081,8581.607,5825.003,39988.0,:B16,16798.42,8394.534,8359.092,5361.944,38914.0,:B17,15624.879,8451.873,8422.108,5812.1533,38311.0,:B19,17271.693,8682.099,8842.709,5792.4966,40589.0,:B20,16767.695,7912.2627,8013.9946,5438.0503,38132.0,:B22,17501.143,8169.5054,8443.168,5532.1904,39646.0,:B24,18161.082,9056.236,8960.638,5997.037,42175.0,:B26,17311.477,6768.2173,6886.057,7414.262,38380.0
:B02,17418.188,8429.979,8649.679,5606.1567,40104.0,:B04,16681.076,8370.717,8214.375,5358.8247,38625.0,:B06,17304.285,8164.481,8274.323,5715.9165,39459.0,:B07,15004.341,9653.684,9645.303,6509.6704,40813.0,:B09,15734.263,8828.194,8510.794,6045.7383,39119.0,:B10,16464.445,7656.0034,7608.7095,5600.846,37330.0,:B16,17412.75,8572.239,8671.2705,6065.742,40722.0,:B17,15743.654,8722.984,8714.41,6027.9443,39209.0,:B19,15582.16,8885.891,8743.645,5887.3145,39099.0,:B20,16284.086,7292.9443,7598.504,5257.464,36433.0,:B22,17673.785,8399.591,8173.723,5672.895,39920.0,:B24,17293.139,8408.736,7994.1025,5573.0415,39269.0,:B26,17458.639,7050.9243,7012.739,7331.6978,38854.0
:B02,17863.303,9371.588,8858.939,5642.1807,41736.0,:B04,16805.855,8329.534,7887.3022,5579.2935,38602.0,:B06,17229.586,8618.05,8759.531,5389.838,39997.0,:B07,16335.041,8973.87,8953.198,6011.883,40274.0,:B09,17152.707,9276.46,8848.021,6212.8267,41490.0,:B10,16572.111,7914.3525,7623.1064,5482.4414,37592.0,:B16,16526.34,7814.8643,7719.0513,5369.7383,37430.0,:B17,15835.829,8669.801,8433.034,5527.3257,38466.0,:B19,15521.853,8574.514,8531.744,5920.8887,38549.0,:B20,16554.941,8098.6763,8118.3335,5355.047,38127.0,:B22,17304.855,8393.449,8505.376,5618.3164,39822.0,:B24,17322.625,8660.221,8350.546,5408.6074,39742.0,:B26,16323.513,6694.9478,6554.858,7336.699,36910.0
:B02,16867.469,8451.25,8008.461,5363.8315,38691.0,:B04,17210.717,8364.127,8266.738,5245.4126,39087.0,:B06,16295.356,8107.2554,7965.055,5299.3296,37667.0,:B07,16182.244,8836.663,8811.184,6165.9126,39996.0,:B09,16456.43,9133.995,6640.08,5770.4863,38001.0,:B10,18206.404,8359.885,8617.865,5865.851,41050.0,:B16,17668.334,8656.818,8266.243,5585.6147,40177.0,:B17,14979.857,9374.796,9423.497,6714.8564,40493.0,:B19,17230.787,8760.838,9013.65,6161.7275,41167.0,:B20,17014.889,8050.036,8257.58,5435.4966,38758.0,:B22,16525.307,7818.08,7822.376,5398.2397,37564.0,:B24,16710.879,8203.383,8686.722,5690.019,39291.0,:B26,16989.955,6831.8774,6918.683,7428.5024,38169.0
:B02,16668.043,8115.867,8213.362,5597.7314,38595.0,:B04,17001.615,7927.7334,7969.39,5453.2583,38352.0,:B06,17834.895,9292.445,8802.283,5873.369,41803.0,:B07,16307.94,8431.001,8925.598,5772.457,39437.0,:B09,15979.66,8821.743,8685.262,6083.3447,39570.0,:B10,16672.523,7986.7285,7751.684,5382.0547,37793.0,:B16,16878.275,8177.6113,8218.382,5450.727,38725.0,:B17,16788.123,8623.064,8724.275,6078.532,40214.0,:B19,16604.717,8989.16,9168.517,6010.6025,40773.0,:B20,17387.984,7983.1685,8032.0005,5516.842,38920.0,:B22,16295.427,7664.999,7372.285,5171.2935,36504.0,:B24,17186.621,7995.6255,7941.8506,5731.9155,38856.0,:B26,17089.502,6727.606,6672.9688,7310.932,37801.0
:B02,16801.654,8385.528,8029.031,5397.789,38614.0,:B04,17418.814,8144.158,8246.639,5927.393,39737.0,:B06,16631.31,7788.0884,7950.137,5175.4614,37545.0,:B07,16128.796,8751.849,8872.173,6041.1865,39794.0,:B09,16920.703,8767.153,8692.89,5788.253,40169.0,:B10,16992.125,8097.3687,8449.379,5274.135,38813.0,:B16,16982.121,8227.717,8271.197,5263.964,38745.0,:B17,16635.541,9171.161,9191.173,6185.126,41183.0,:B19,17358.738,9067.254,9356.237,6078.771,41861.0,:B20,17066.271,8402.242,8521.462,5481.0166,39471.0,:B22,16971.426,8063.9385,7944.7627,5464.8774,38445.0,:B24,16632.293,8339.19,8095.917,5238.598,38306.0,:B26,16809.502,6970.8926,6798.6587,7489.9575,38069.0
:B02,16931.035,8271.162,8281.525,5506.279,38990.0,:B04,17052.037,8054.138,8062.924,5632.907,38802.0,:B06,17329.215,8497.586,8734.275,5562.9204,40124.0,:B07,16324.515,9046.762,8953.864,6016.8525,40342.0,:B09,16520.256,8273.141,8445.645,5557.95,38797.0,:B10,16502.266,8390.841,8513.244,5492.66,38899.0,:B16,17278.69,8811.661,8277.273,5499.3633,39867.0,:B17,16025.33,8886.807,8691.548,5866.3276,39470.0,:B19,17208.404,8832.805,8826.746,5668.0566,40536.0,:B20,17831.814,8147.68,8239.867,5892.6274,40112.0,:B22,17330.44,8137.7485,8252.658,5690.154,39411.0,:B24,17005.705,8030.97,7992.1274,5668.213,38697.0,:B26,16910.371,6546.1206,6554.73,7306.787,37318.0
:B02,16664.604,7864.0728,7863.865,5087.4526,37480.0,:B04,17142.4,8155.328,8813.617,5490.6567,39602.0,:B06,16686.678,7798.7456,7803.841,5354.737,37644.0,:B07,16706.121,8512.693,8457.054,5786.139,39462.0,:B09,17145.66,8906.429,9069.956,6001.955,41124.0,:B10,17634.271,8459.481,8617.698,5604.555,40316.0,:B16,17595.326,8923.866,9229.922,5541.89,41291.0,:B17,16102.873,9087.004,8464.956,5883.158,39538.0,:B19,16611.79,9420.994,6823.5044,6006.7163,38863.0,:B20,16843.627,7808.721,8013.575,5420.0684,38086.0,:B22,16108.2295,7906.4795,8044.725,5347.5664,37407.0,:B24,16924.908,8394.637,8406.894,5629.555,39356.0,:B26,17279.58,6827.273,6952.7583,7267.403,38327.0
:B02,16868.744,7630.951,7907.643,5601.663,38009.0,:B04,17426.508,8440.298,8663.005,5338.1953,39868.0,:B06,17483.232,8293.256,8318.291,5713.2217,39808.0,:B07,15805.745,8753.09,8920.075,5937.078,39416.0,:B09,15782.265,8990.826,8614.025,5704.891,39092.0,:B10,16898.979,8261.934,8406.308,5479.7803,39047.0,:B16,16941.479,7959.0967,8015.1914,5507.233,38423.0,:B17,14697.717,9412.232,9124.403,6474.647,39709.0,:B19,17388.973,8687.928,9136.97,5997.132,41211.0,:B20,17714.045,8085.1436,8170.888,5721.916,39692.0,:B22,17310.625,8607.815,8500.912,5615.645,40035.0,:B24,17430.701,8468.513,8319.171,5418.6104,39637.0,:B26,16167.058,6730.908,6701.6875,7275.3647,36875.0
:B02,16556.799,8123.1475,8170.9526,5314.101,38165.0,:B04,17089.2,8248.286,8117.348,5572.1626,39027.0,:B06,17227.271,8211.763,8265.838,5427.127,39132.0,:B07,16343.09,8553.501,8866.926,5639.4873,39403.0,:B09,15902.078,8452.862,8416.421,5615.643,38387.0,:B10,17154.25,8395.445,8640.977,5410.3213,39601.0,:B16,16415.531,7632.557,7722.306,5404.6104,37175.0,:B17,15674.385,8499.8,8558.548,5845.2705,38578.0,:B19,15746.526,8419.03,8347.615,5684.8213,38198.0,:B20,17300.742,8605.376,8357.8125,5650.055,39914.0,:B22,17305.203,8459.243,8592.886,5491.678,39849.0,:B24,17218.15,8170.908,8477.924,5566.016,39433.0,:B26,16819.357,7002.5234,6783.924,7395.2036,38001.0
:B02,17068.307,7831.7925,8081.8813,5614.019,38596.0,:B04,16641.232,8340.9375,8209.716,5446.109,38638.0,:B06,16909.97,7915.473,7909.8823,5215.682,37951.0,:B07,16581.56,8640.354,8775.654,5698.436,39696.0,:B09,16925.92,9036.4375,9290.346,6253.3096,41506.0,:B10,16394.84,7689.967,8022.4663,5229.7153,37337.0,:B16,17485.684,8253.618,8164.3804,5796.3164,39700.0,:B17,16334.402,9102.812,8733.133,5977.643,40148.0,:B19,16967.688,8920.95,8809.567,5744.7905,40443.0,:B20,16984.086,8127.328,8093.0605,5265.532,38470.0,:B22,16574.926,7508.79,7819.067,5451.207,37354.0,:B24,17069.445,8976.348,8297.839,5209.3687,39553.0,:B26,16664.383,6712.7104,6718.586,7249.3228,37345.0
:B02,17075.213,8169.6255,8246.947,5403.215,38895.0,:B04,17789.652,8702.373,8473.937,6003.035,40969.0,:B06,17106.408,7949.25,8197.873,5715.4585,38969.0,:B07,15492.964,8460.212,8653.391,5797.427,38404.0,:B09,16367.321,8429.599,8592.171,5724.9077,39114.0,:B10,17568.736,8508.71,8202.176,5591.383,39871.0,:B16,17449.115,8306.641,8169.654,5718.5884,39644.0,:B17,16691.148,8552.055,8499.728,5641.0635,39384.0,:B19,16113.303,8273.811,8352.047,5459.8394,38199.0,:B20,17829.188,9349.036,9163.588,5666.2,42008.0,:B22,17306.486,8548.891,8619.587,5552.048,40027.0,:B24,15753.622,7411.4663,7660.463,5171.4478,35997.0,:B26,17236.668,6832.752,6715.8047,7264.768,38050.0
:B02,17079.424,7951.708,7862.569,5522.3066,38416.0,:B04,16676.434,8031.505,8251.782,5434.2905,38394.0,:B06,16227.656,7842.687,7873.4785,5418.175,37362.0,:B07,15642.813,8514.867,8480.284,5927.0356,38565.0,:B09,17226.73,8782.6045,8596.313,5862.3496,40468.0,:B10,17776.01,8630.732,8933.578,5453.6807,40794.0,:B16,17121.602,8384.319,9055.629,5457.4604,40019.0,:B17,15629.827,8441.215,8762.235,5818.73,38652.0,:B19,16298.39,8686.789,8715.508,5987.309,39688.0,:B20,17260.43,8252.491,8172.288,5601.804,39287.0,:B22,17349.533,8418.634,8192.518,5708.334,39669.0,:B24,16803.283,8288.027,8247.234,5490.445,38829.0,:B26,15151.742,6547.0054,6541.737,7221.4917,35462.0
:B02,17136.541,8454.587,8333.268,5338.5923,39263.0,:B04,17414.068,7962.5723,7963.4644,5729.891,39070.0,:B06,17064.24,8417.881,7742.305,5592.561,38817.0,:B07,16050.649,8776.784,8692.697,6043.8687,39564.0,:B09,17280.387,8784.82,8890.757,5956.0347,40912.0,:B10,16492.45,7927.995,7857.192,5281.363,37559.0,:B16,16308.922,7996.9355,7835.211,5329.9473,37471.0,:B17,17187.89,8786.864,8711.21,5837.0356,40523.0,:B19,15687.171,9626.386,9213.3545,6438.063,40965.0,:B20,17508.62,8247.199,8120.0293,5745.1523,39621.0,:B22,17051.156,7844.66,8210.024,5684.161,38790.0,:B24,16613.965,7951.5684,7530.2983,5272.1797,37368.0,:B26,16020.129,6844.498,6851.383,7334.984,37051.0
:B02,17373.19,8444.64,8145.4326,5777.7334,39741.0,:B04,16758.697,7906.669,8095.925,5312.7114,38074.0,:B06,16947.357,8181.2095,8327.144,5402.282,38858.0,:B07,16455.375,8749.426,8451.048,5571.155,39227.0,:B09,15738.3,8448.156,8414.435,5691.1196,38292.0,:B10,16531.324,7921.05,8445.992,5611.631,38510.0,:B16,17575.238,8909.809,8916.373,5617.5737,41019.0,:B17,16769.271,9045.268,9038.509,6009.938,40863.0,:B19,16708.566,8424.536,8300.326,5646.565,39080.0,:B20,16652.162,7875.203,8093.7544,5239.8745,37861.0,:B22,16809.828,8176.8706,8260.9795,5410.336,38658.0,:B24,16176.908,7453.6074,7659.7153,5201.7705,36492.0,:B26,17142.182,7087.672,6953.961,7104.181,38288.0
:B02,16964.473,8053.723,7868.7554,5753.0586,38640.0,:B04,16931.857,8346.292,8637.45,5541.392,39457.0,:B06,17712.936,8832.054,9125.097,5556.9287,41227.0,:B07,15968.003,9185.593,8788.854,5929.549,39872.0,:B09,16311.071,8783.708,8817.06,5956.1685,39868.0,:B10,17831.426,9498.845,8999.854,5774.8833,42105.0,:B16,17169.662,7753.741,7755.9556,5423.6465,38103.0,:B17,17710.674,9208.472,9016.362,5992.489,41928.0,:B19,16209.659,8768.242,8598.749,6059.3433,39636.0,:B20,16522.084,7874.916,7668.348,5415.666,37481.0,:B22,16918.047,8122.4946,8422.725,5624.725,39088.0,:B24,17121.64,8087.4253,8109.6694,5380.271,38699.0,:B26,16836.904,6720.699,6912.1074,7483.303,37953.0
:B02,16909.021,8601.596,8256.176,5409.2153,39176.0,:B04,17538.742,8707.21,8539.19,5541.862,40327.0,:B06,17477.637,8623.342,8434.287,5607.741,40143.0,:B07,16864.94,8834.611,8747.81,5917.6343,40365.0,:B09,16639.621,9265.026,8880.699,6100.6636,40886.0,:B10,17409.67,8107.148,8137.577,5778.6074,39433.0,:B16,16966.87,7834.4614,7692.325,5425.36,37919.0,:B17,16558.725,8688.341,8869.279,5998.6514,40115.0,:B19,14831.933,9310.997,9591.752,6515.311,40250.0,:B20,16637.627,7978.1084,8024.549,5771.7246,38412.0,:B22,16313.272,7513.676,7536.7925,5501.258,36865.0,:B24,17452.465,8435.734,8316.238,5596.559,39801.0,:B26,16686.48,7077.4707,6873.853,7428.2046,38066.0
:B02,17277.428,8649.966,8806.969,5514.6533,40249.0,:B04,18351.623,8916.104,8980.983,5890.2974,42139.0,:B06,15990.022,7348.01,7555.792,5397.1724,36291.0,:B07,16219.449,8933.165,9373.088,6029.298,40555.0,:B09,15496.617,8390.813,8182.935,5639.639,37710.0,:B10,17866.377,8737.531,8741.789,5805.3003,41151.0,:B16,16744.562,8559.471,8139.784,5555.1787,38999.0,:B17,16754.662,8572.335,9425.027,5654.9785,40407.0,:B19,18136.08,9355.25,9432.68,6098.9907,43023.0,:B20,17650.633,8537.189,8466.4375,5993.738,40648.0,:B22,16742.775,7940.9995,8190.2524,5590.979,38465.0,:B24,18282.803,9041.679,9449.315,5732.207,42506.0,:B26,17133.326,6746.156,6726.4087,7270.0996,37876.0
:B02,17688.133,8458.801,8222.42,5522.6533,39892.0,:B04,17002.752,8389.1455,8017.636,5364.4595,38774.0,:B06,17172.338,7738.114,7819.0176,5449.525,38179.0,:B07,14700.188,9284.978,9446.305,6473.5483,39905.0,:B09,17222.879,9203.831,9269.325,6140.9585,41837.0,:B10,17584.584,8659.413,8658.268,5776.7236,40679.0,:B16,17213.512,8360.842,8154.062,5529.5913,39258.0,:B17,17610.984,9006.169,8862.415,5996.432,41476.0,:B19,17245.955,8708.725,8835.756,5722.5693,40513.0,:B20,16571.738,7968.421,7749.6377,5547.201,37837.0,:B22,17338.47,8631.442,8507.405,5642.6787,40120.0,:B24,17540.861,8742.606,8505.937,5837.5947,40627.0,:B26,16307.612,6763.844,6892.135,7283.4023,37247.0
