:G02,17357.861,5608.117,8790.802,8993.224,40750.0,:G04,16726.896,5408.2344,8292.916,8553.941,38982.0,:G06,16343.495,5456.5654,7610.8853,7810.0576,37221.0,:G07,15890.602,5996.3975,8728.141,8966.8545,39582.0,:G09,14837.548,6511.3193,9605.282,9323.865,40278.0,:G10,16815.508,5450.7495,8059.236,7890.5093,38216.0,:G16,16896.24,5256.4375,7611.7515,7907.5566,37672.0,:G17,15265.181,5631.983,8362.408,8748.435,38008.0,:G19,15884.3125,5822.479,8350.889,8721.311,38779.0,:G20,16579.729,5512.4746,7891.3706,7774.4346,37758.0,:G22,16600.375,5404.2427,8037.645,8292.738,38335.0,:G24,16013.609,5102.975,7433.452,7777.955,36328.0,:G26,17123.707,7201.3315,6801.687,6787.2925,37914.0
:G02,17396.828,5677.1074,8660.828,8537.224,40272.0,:G04,17237.1,5416.892,8188.838,8184.1675,39027.0,:G06,16622.096,5335.047,7827.3037,7779.5547,37564.0,:G07,17239.04,6408.4424,9045.336,9268.181,41961.0,:G09,16584.469,5709.845,8463.298,8768.391,39526.0,:G10,16068.42,5156.558,8303.193,8027.8315,37556.0,:G16,17168.23,5501.5376,8521.523,8221.707,39413.0,:G17,16185.138,5741.578,8783.471,8672.8125,39383.0,:G19,17242.143,5934.5176,8931.166,8875.157,40983.0,:G20,16930.54,5591.1904,7761.2944,7986.9814,38270.0,:G22,17812.928,5547.7886,8557.226,8595.048,40513.0,:G24,16603.473,5445.5693,8227.156,8246.805,38523.0,:G26,16692.615,7600.994,6825.601,6584.7793,37704.0
:G02,16971.727,5573.236,7918.4043,8072.636,38536.0,:G04,17593.08,5661.6587,8617.101,8782.164,40654.0,:G06,17640.793,5431.565,8571.092,8404.542,40048.0,:G07,16950.898,5918.5713,8856.706,8839.832,40566.0,:G09,15973.064,5779.2246,8647.318,8841.394,39241.0,:G10,17198.816,5608.2437,8345.697,8298.244,39451.0,:G16,15820.687,5108.34,7347.4795,7341.486,35618.0,:G17,17106.266,5792.803,8647.862,8823.078,40370.0,:G19,16220.537,5971.3296,8803.323,9077.803,40073.0,:G20,17498.86,5489.0195,8555.02,8183.1084,39726.0,:G22,16220.3125,5214.486,7432.105,7386.104,36253.0,:G24,15978.225,5211.804,7705.291,7478.673,36374.0,:G26,17438.236,7413.3716,6825.316,6663.0757,38340.0
:G02,17500.8,5714.6504,8147.4287,7950.115,39313.0,:G04,17671.795,5369.0654,8547.158,8330.966,39919.0,:G06,16782.113,5565.2505,8286.116,8621.512,39255.0,:G07,16478.713,5971.104,8818.829,8875.354,40144.0,:G09,15524.199,5755.59,8416.266,8483.959,38180.0,:G10,16650.314,5266.075,7740.9517,8071.6685,37729.0,:G16,16584.965,5577.7676,8077.807,8064.473,38305.0,:G17,16537.229,5629.0713,8481.321,8540.388,39188.0,:G19,14696.096,6555.2085,9327.225,9322.458,39901.0,:G20,15916.554,5290.472,7494.7764,7317.1924,36019.0,:G22,16693.533,5197.8687,7552.5317,7844.061,37288.0,:G24,17046.186,5434.7593,8315.733,8480.333,39277.0,:G26,17472.61,7475.1646,7088.6934,6919.5483,38956.0
:G02,17425.74,5771.2603,8685.563,8563.425,40446.0,:G04,16924.574,5562.7974,8121.414,8295.226,38904.0,:G06,16546.133,5407.208,7786.478,7676.1724,37416.0,:G07,15938.424,5945.154,8761.381,8646.048,39291.0,:G09,16249.578,6066.384,8757.057,8828.985,39902.0,:G10,17676.74,5824.5684,8229.417,8225.263,39956.0,:G16,17192.582,5524.73,8570.74,8424.941,39713.0,:G17,15371.086,5713.991,8713.101,8684.814,38483.0,:G19,17103.803,5812.632,8611.58,8701.993,40230.0,:G20,17025.936,5379.7563,8414.095,8638.204,39458.0,:G22,17185.807,5714.3906,8287.18,8739.621,39927.0,:G24,16638.264,5369.1226,7938.1895,7780.4272,37726.0,:G26,16189.905,7516.7593,6799.6445,7060.687,37567.0
:G02,16469.232,5516.7837,7908.0776,8168.8994,38063.0,:G04,17381.11,5609.1743,8488.12,8525.592,40004.0,:G06,16453.324,5492.6313,8671.533,8375.514,38993.0,:G07,17294.547,5733.0503,8652.643,8623.767,40304.0,:G09,17945.686,6113.4155,7083.4746,9371.414,40514.0,:G10,17305.63,5575.187,7918.848,8050.339,38850.0,:G16,17223.324,5591.4795,7942.204,7985.9927,38743.0,:G17,16675.172,6005.2563,9338.212,8838.351,40857.0,:G19,17174.252,5765.201,8761.165,8840.381,40541.0,:G20,16430.836,5598.2754,7771.734,7753.146,37554.0,:G22,16685.822,5353.8447,7838.83,7730.5034,37609.0,:G24,17670.05,5544.867,9021.348,9022.74,41259.0,:G26,15596.552,7180.613,6496.0933,6562.739,35836.0
:G02,17330.39,5567.3164,8357.347,8402.9375,39658.0,:G04,16925.082,5170.5864,7889.32,7853.996,37839.0,:G06,16837.957,5448.9106,7788.868,7849.262,37925.0,:G07,15532.961,5679.7256,8786.883,8620.443,38620.0,:G09,16859.6,6232.7305,8897.503,9202.161,41192.0,:G10,17304.604,5646.832,8396.474,8281.096,39629.0,:G16,17859.303,5585.9536,8524.049,8547.678,40517.0,:G17,17670.057,6103.6597,9336.095,9257.203,42367.0,:G19,15899.687,6274.2554,9425.277,9290.792,40890.0,:G20,17734.664,5607.6943,8757.345,8466.295,40566.0,:G22,17142.13,5942.4443,8051.9175,8549.505,39686.0,:G24,17317.145,5490.644,8330.715,8471.488,39610.0,:G26,15817.091,6948.7383,6627.111,6567.051,35960.0
:G02,16625.041,5336.13,7669.248,7619.584,37250.0,:G04,17169.143,5617.7285,8027.906,8027.2246,38842.0,:G06,16578.287,5325.548,7569.576,7614.5986,37088.0,:G07,16074.764,5937.503,8922.334,8727.3955,39662.0,:G09,16625.793,6181.183,9062.512,9173.527,41043.0,:G10,16449.338,5406.4375,7829.25,8159.9673,37845.0,:G16,16315.98,5318.2837,7727.7783,7903.9585,37266.0,:G17,16778.492,5771.92,8795.498,8510.091,39856.0,:G19,14902.63,6423.0894,9418.496,9393.776,40138.0,:G20,17176.148,5353.8003,8081.826,8092.214,38704.0,:G22,17875.273,5536.869,9125.198,8979.663,41517.0,:G24,17577.762,5596.955,8660.696,8354.593,40190.0,:G26,16628.783,7467.308,6730.3164,6830.5977,37657.0
:G02,17473.436,5758.857,8514.983,8551.723,40299.0,:G04,16863.73,5288.443,8216.514,8014.297,38383.0,:G06,17000.871,5589.026,8278.414,8235.683,39104.0,:G07,17240.574,5885.636,8707.599,8765.187,40599.0,:G09,16576.719,6107.174,9154.296,9087.818,40926.0,:G10,17292.516,5526.013,8201.02,8666.458,39686.0,:G16,16947.498,5633.2197,8249.631,8246.665,39077.0,:G17,17911.473,6034.6914,9394.217,9175.613,42516.0,:G19,16781.943,5610.7563,8423.739,8661.566,39478.0,:G20,17483.402,5840.118,8400.465,8344.021,40068.0,:G22,17166.703,5457.1553,8759.274,8597.865,39981.0,:G24,15858.857,5316.4507,7719.7207,7587.969,36483.0,:G26,17111.455,7072.1855,6736.8267,6712.531,37633.0
:G02,16627.129,5521.3193,7877.2856,8086.2715,38112.0,:G04,17527.479,5276.9043,8654.382,8510.23,39969.0,:G06,17317.135,5548.319,8337.964,8391.588,39595.0,:G07,17510.24,5934.1416,9200.544,9089.084,41734.0,:G09,17284.271,6039.3174,9305.923,9203.479,41833.0,:G10,17228.09,5476.212,8313.759,8243.937,39262.0,:G16,17308.746,5749.2837,8758.232,8640.741,40457.0,:G17,17256.709,6145.252,8995.885,8866.16,41264.0,:G19,14781.089,6551.6,9332.705,9277.601,39943.0,:G20,17007.723,5636.6626,7760.281,7840.3315,38245.0,:G22,17043.803,5262.437,8404.274,8691.478,39402.0,:G24,16085.638,5342.5317,7432.9795,7433.8457,36295.0,:G26,16912.057,7298.5015,6733.229,7023.194,37967.0
:G02,16848.07,5182.0264,8058.0986,7895.792,37984.0,:G04,16812.21,5427.955,8075.7354,7859.0986,38175.0,:G06,17208.367,5817.207,8442.549,8389.882,39858.0,:G07,16217.594,7104.96,7556.5254,9937.931,40817.0,:G09,15448.121,5949.895,8775.802,9183.183,39357.0,:G10,16741.025,5743.665,8138.596,8018.7256,38642.0,:G16,18100.328,5857.7637,8652.44,8494.471,41105.0,:G17,16701.045,5843.8975,8592.245,8455.815,39593.0,:G19,16385.11,6044.4614,9050.583,9099.859,40580.0,:G20,17309.387,5602.787,8120.3774,7694.4453,38727.0,:G22,18048.549,5730.9326,9013.97,9109.542,41903.0,:G24,17461.273,5300.6963,8297.656,8186.372,39246.0,:G26,17461.19,7503.3403,6680.508,6792.9453,38438.0
:G02,17431.885,5770.2065,8305.153,8645.747,40153.0,:G04,16908.541,5573.8228,8619.469,8355.172,39457.0,:G06,15829.047,5117.2104,7320.455,7105.2886,35372.0,:G07,14265.467,6634.3896,9707.086,9383.059,39990.0,:G09,16903.21,6310.1357,9213.42,9457.217,41884.0,:G10,17489.04,5726.449,8061.0737,8680.446,39957.0,:G16,16605.305,5305.6133,7769.197,7822.8735,37503.0,:G17,16393.492,5982.0127,9213.776,9108.728,40698.0,:G19,15670.129,5764.417,8533.357,8708.097,38676.0,:G20,17531.717,5516.3228,8653.421,8558.543,40260.0,:G22,16513.145,5459.907,7980.5957,7881.362,37835.0,:G24,16960.732,5557.775,8038.195,8011.306,38568.0,:G26,17362.348,7281.7285,6834.685,6771.2305,38250.0
:G02,17715.404,5617.417,8837.633,8651.534,40822.0,:G04,16374.018,5318.911,7774.5103,7582.5537,37050.0,:G06,16810.55,5465.2217,8274.548,8201.678,38752.0,:G07,17007.203,5742.536,8634.647,8783.6045,40168.0,:G09,15796.811,5714.783,8439.522,8501.881,38453.0,:G10,17681.234,5778.038,8446.307,9012.42,40918.0,:G16,17310.887,5341.947,8920.948,8530.228,40104.0,:G17,15513.904,5927.5454,8678.475,8975.087,39095.0,:G19,16172.19,5435.514,8340.245,8395.058,38343.0,:G20,18024.203,5955.5493,8375.257,8620.979,40976.0,:G22,17487.2,5570.643,8694.727,8805.43,40558.0,:G24,16999.377,5729.873,8570.407,8720.358,40020.0,:G26,16963.025,7335.012,6815.719,6744.246,37858.0
:G02,17303.584,5710.3657,8179.6826,8368.357,39562.0,:G04,17259.494,5284.456,8318.935,8074.11,38937.0,:G06,17018.395,5348.3555,8155.7773,8351.475,38874.0,:G07,16188.509,6047.2617,9064.502,8646.741,39947.0,:G09,16496.412,6234.81,8760.501,9163.275,40655.0,:G10,18050.367,5710.774,9291.119,9129.741,42182.0,:G16,16816.777,5813.165,8235.4795,7923.5796,38789.0,:G17,16029.85,6140.261,8995.382,8384.512,39550.0,:G19,16412.951,5997.714,8718.005,8925.3125,40054.0,:G20,17007.656,5604.8735,8222.0,8356.4795,39191.0,:G22,17694.96,5658.9272,9198.831,8859.2705,41412.0,:G24,16427.41,5386.377,8285.267,8291.947,38391.0,:G26,17249.205,7203.334,6702.4956,6912.971,38068.0
:G02,16087.483,5061.206,7831.048,8196.258,37176.0,:G04,16760.486,5579.5034,7949.2964,8587.707,38877.0,:G06,16762.15,5351.076,7985.36,7886.407,37985.0,:G07,15719.541,5751.019,8767.017,8784.423,39022.0,:G09,17308.809,5764.6445,8725.984,8913.581,40713.0,:G10,16995.84,5674.6606,8671.932,8223.576,39566.0,:G16,16898.99,5680.555,7792.1885,7511.2783,37883.0,:G17,17322.52,6113.205,8886.812,8892.463,41215.0,:G19,16576.54,6111.755,9188.74,9342.974,41220.0,:G20,16997.713,5472.783,8521.277,8217.226,39209.0,:G22,17602.393,5655.8486,8848.478,9105.277,41212.0,:G24,17129.22,5514.439,8280.697,7983.6387,38908.0,:G26,17320.014,7270.6626,6651.5454,6796.7793,38039.0
:G02,15623.124,5252.0947,7672.7964,7329.983,35878.0,:G04,17781.951,5807.944,8700.043,8675.056,40965.0,:G06,17873.072,5706.805,8618.185,8720.938,40919.0,:G07,15973.483,5981.4043,8736.596,8675.526,39367.0,:G09,17522.705,5933.3174,9364.52,9083.466,41904.0,:G10,16928.246,5573.5337,8110.074,8008.158,38620.0,:G16,17494.469,5797.409,8135.8877,8138.231,39566.0,:G17,15955.72,5794.6865,8833.238,8646.362,39230.0,:G19,16191.247,5770.0015,8854.067,8722.679,39538.0,:G20,17796.771,5530.314,8797.172,8801.747,40926.0,:G22,17890.08,5792.687,8657.326,8541.916,40882.0,:G24,16353.537,5298.628,7828.5396,7768.295,37249.0,:G26,15922.269,7252.215,6782.894,6693.6284,36651.0
:G02,16867.117,5398.234,8160.997,7971.6445,38398.0,:G04,16817.209,5333.153,7913.7524,7760.882,37825.0,:G06,16031.4,5408.684,7649.549,7765.361,36855.0,:G07,15625.635,6515.869,9349.212,9116.288,40607.0,:G09,15435.961,5958.1084,8546.61,8467.321,38408.0,:G10,17916.596,5646.5444,8773.851,8259.999,40597.0,:G16,17318.893,5743.3623,8653.743,8577.018,40293.0,:G17,17049.81,5877.0674,8858.257,8816.866,40602.0,:G19,16327.779,5902.7856,8748.649,8914.784,39894.0,:G20,17068.05,5622.773,8269.514,8796.661,39757.0,:G22,16934.717,5442.647,7754.2104,7980.428,38112.0,:G24,16976.107,5445.0806,8483.432,7930.3755,38835.0,:G26,16234.405,7176.612,6697.678,6610.3105,36719.0
:G02,16484.479,5449.901,7976.925,7996.697,37908.0,:G04,17303.674,5503.3086,7899.122,8259.901,38966.0,:G06,17482.643,5804.843,8498.231,7987.2812,39773.0,:G07,16115.657,6335.7793,9643.047,9576.508,41671.0,:G09,15260.274,6322.0957,9397.7705,9285.878,40266.0,:G10,16932.682,5649.832,8320.897,8136.5835,39040.0,:G16,17904.576,5677.5503,8891.762,8547.099,41021.0,:G17,14049.35,6484.064,9151.65,8858.941,38544.0,:G19,16982.717,5925.1943,8864.332,8927.753,40700.0,:G20,16844.393,5375.568,7819.4565,7835.5825,37875.0,:G22,17672.594,5662.0903,8705.243,8340.064,40380.0,:G24,17361.146,5685.2896,8249.537,8150.0317,39446.0,:G26,16816.967,7543.3555,6934.8726,6851.819,38147.0
:G02,17406.734,5524.3413,8318.457,8598.467,39848.0,:G04,17716.238,5681.746,9275.247,9054.767,41728.0,:G06,16718.62,5576.1113,7858.7393,7678.54,37832.0,:G07,15919.168,5883.859,8606.482,8738.498,39148.0,:G09,15812.153,5782.512,8226.597,8916.733,38738.0,:G10,16806.92,5794.443,7986.768,8153.8633,38742.0,:G16,17394.47,5678.409,8254.725,8129.3887,39457.0,:G17,17536.697,6148.0913,9340.093,9097.114,42122.0,:G19,15460.409,5775.6655,8786.949,8943.983,38967.0,:G20,17222.863,5543.4834,8254.288,8195.355,39216.0,:G22,16972.217,5441.0205,7701.9185,7658.853,37774.0,:G24,17120.176,5874.2817,8007.833,8158.7173,39161.0,:G26,17056.479,7263.765,6737.9946,6773.7417,37832.0
:G02,17053.203,5678.3853,7958.018,7934.397,38624.0,:G04,16719.943,5405.1836,8028.6533,8347.218,38501.0,:G06,17071.996,5455.518,7828.074,7954.405,38310.0,:G07,15925.189,5857.88,8877.281,8781.651,39442.0,:G09,16700.95,5521.2437,8246.492,8338.3125,38807.0,:G10,17288.955,5750.0825,8715.564,7982.395,39737.0,:G16,15865.021,5196.2163,7620.809,7436.9634,36119.0,:G17,15369.58,5504.9053,8467.189,8530.332,37872.0,:G19,15053.847,5611.1304,8236.94,8299.084,37201.0,:G20,17169.287,5785.502,7913.281,8434.9375,39303.0,:G22,16835.748,5452.772,8224.098,8284.38,38797.0,:G24,16143.855,5261.9844,7530.6597,7663.4966,36600.0,:G26,17175.334,7502.7036,6911.389,6908.584,38498.0
:G02,16448.818,5866.333,7997.9473,7953.908,38267.0,:G04,17991.543,5703.6064,8895.497,8395.3545,40986.0,:G06,17540.453,5829.257,8404.718,8654.5625,40429.0,:G07,15448.642,5723.031,8410.438,8211.893,37794.0,:G09,16216.634,6082.2974,9289.319,8857.753,40446.0,:G10,17555.004,5437.0576,8797.521,8854.419,40644.0,:G16,17461.86,5541.1914,8661.945,8594.998,40260.0,:G17,16912.113,5671.928,8696.228,8553.728,39834.0,:G19,16070.946,5890.23,8831.929,8645.9,39439.0,:G20,16707.488,5419.388,8264.362,8158.775,38550.0,:G22,16111.519,5273.7783,7468.3813,7690.317,36544.0,:G24,17095.037,5577.6772,8454.643,8479.656,39607.0,:G26,16211.27,7191.989,6633.5605,6707.179,36744.0
:G02,17265.633,5709.6826,8649.254,8573.425,40198.0,:G04,17304.361,5432.5923,8275.521,8517.529,39530.0,:G06,16410.309,5175.0303,8033.6973,8005.968,37625.0,:G07,16737.803,5863.1045,8670.817,8225.272,39497.0,:G09,16336.301,5938.1543,8833.389,8791.148,39899.0,:G10,17835.008,5866.582,8223.034,8371.378,40296.0,:G16,17304.664,5677.096,8177.7983,8454.435,39614.0,:G17,16857.91,5787.058,8924.761,8748.275,40318.0,:G19,16055.811,5890.819,8716.111,8824.253,39487.0,:G20,17489.479,5617.3066,8174.371,8146.8403,39428.0,:G22,16736.912,5269.187,7696.095,7931.812,37634.0,:G24,18087.924,5788.789,9492.576,8781.695,42151.0,:G26,17117.34,7344.6177,6728.361,6624.6704,37815.0
:G02,17934.654,5768.334,8266.477,8488.532,40458.0,:G04,17400.113,5760.4453,8574.436,8357.01,40092.0,:G06,16773.404,5345.3774,8006.693,7973.5146,38099.0,:G07,17478.562,5998.102,9220.591,9357.746,42055.0,:G09,16636.76,5751.0073,8742.354,8453.885,39584.0,:G10,16714.613,5603.55,7870.677,7966.1597,38155.0,:G16,17293.732,5721.4326,8014.2417,8230.588,39260.0,:G17,16226.167,6166.9014,8752.36,9089.572,40235.0,:G19,15537.253,5768.4995,8660.706,8348.547,38315.0,:G20,17223.268,5799.706,8037.729,8206.292,39267.0,:G22,17412.988,5715.8633,8540.944,8762.193,40432.0,:G24,16714.346,5338.3564,7742.8877,7928.409,37724.0,:G26,16756.473,7278.2114,6705.773,6755.554,37496.0
:G02,16471.227,5245.5894,7776.289,7949.906,37443.0,:G04,16637.125,5590.2065,8461.886,8006.7827,38696.0,:G06,17024.553,5579.586,8334.54,8553.312,39492.0,:G07,15842.917,5942.9795,8614.311,8726.797,39127.0,:G09,16833.553,5891.672,8822.799,8641.972,40190.0,:G10,16515.02,5340.348,8074.59,8137.0483,38067.0,:G16,17437.367,5353.8584,8430.809,8167.9604,39390.0,:G17,17171.258,5884.7017,9308.78,8914.256,41279.0,:G19,15848.125,6128.5166,9072.2,8944.168,39993.0,:G20,17246.826,5779.7114,8073.3247,8210.131,39310.0,:G22,16574.645,5193.0063,8029.9272,8072.422,37870.0,:G24,17095.2,5754.6343,8607.301,8009.8677,39467.0,:G26,16631.166,7354.2246,6962.5454,6561.0415,37509.0
:G02,16987.285,5679.851,8019.6987,8108.1597,38795.0,:G04,16895.914,5492.587,7755.9946,7769.501,37914.0,:G06,16216.903,5243.097,7643.386,7572.6035,36676.0,:G07,16387.574,5857.5366,8756.077,9237.807,40239.0,:G09,15784.688,6086.839,8859.742,8845.725,39577.0,:G10,17471.98,5733.1304,8605.127,8291.771,40102.0,:G16,17619.953,5910.9736,8335.68,8359.383,40226.0,:G17,15373.46,5694.8823,8354.878,8565.778,37989.0,:G19,14495.849,6393.9956,9168.415,9077.749,39136.0,:G20,16667.271,5399.207,8025.2065,7953.3145,38045.0,:G22,17033.889,5714.3926,8115.7344,7859.977,38724.0,:G24,17028.95,5313.7686,8029.992,8000.3,38373.0,:G26,17637.787,7311.8145,6885.4106,6726.978,38562.0
:G02,16439.227,5439.437,7881.2417,7614.107,37374.0,:G04,16641.363,5278.3926,7691.5054,7593.7583,37205.0,:G06,17554.49,5417.6924,8405.326,8645.485,40023.0,:G07,17395.33,6032.4673,9192.438,8965.768,41586.0,:G09,16498.658,5949.982,8758.287,8808.076,40015.0,:G10,17113.463,5670.9814,8219.637,8066.8945,39071.0,:G16,17404.393,5389.178,8099.519,8195.914,39089.0,:G17,15989.978,5883.769,8740.271,8610.979,39225.0,:G19,16008.406,5979.39,8818.035,8879.164,39685.0,:G20,17112.14,5597.2456,8127.494,8197.117,39034.0,:G22,17330.87,5834.7925,8051.633,8770.699,39988.0,:G24,16194.047,5319.0825,7553.4414,7655.423,36722.0,:G26,17058.432,7105.558,6485.813,6734.2085,37384.0
:G02,16818.14,5336.768,7758.6924,7616.406,37530.0,:G04,17402.1,5711.8755,8122.1104,8560.928,39797.0,:G06,17053.238,5589.9014,7868.626,7846.2285,38358.0,:G07,15686.157,5783.379,8961.96,8522.506,38954.0,:G09,17064.7,5638.4,6661.384,9238.517,38603.0,:G10,17366.945,5706.1274,8092.9077,8413.016,39579.0,:G16,17769.549,5844.603,8246.655,8196.199,40057.0,:G17,17425.494,5917.6313,6747.2524,9522.628,39613.0,:G19,16653.174,6034.7495,8984.83,8931.259,40604.0,:G20,17336.818,5534.217,8505.978,8550.991,39928.0,:G22,17090.383,5838.999,8089.769,8044.8535,39064.0,:G24,17781.146,5620.4966,8677.535,9207.815,41287.0,:G26,16722.678,7285.894,6758.9,6839.5156,37607.0
:G02,17888.04,5779.99,8728.935,8783.036,41180.0,:G04,16649.021,5379.062,8348.158,8171.7515,38548.0,:G06,16611.219,5457.0557,8295.274,8371.452,38735.0,:G07,16217.736,5801.8516,8464.184,8710.229,39194.0,:G09,17453.148,5907.8135,9007.971,8940.072,41309.0,:G10,17053.26,5193.953,8193.912,8070.871,38512.0,:G16,17312.006,6012.9766,8335.062,8640.963,40301.0,:G17,15787.962,6115.7173,8642.837,8580.486,39127.0,:G19,15857.3,5990.7563,8516.5,8557.439,38922.0,:G20,17032.43,5564.138,8074.0454,7819.3906,38490.0,:G22,16219.398,5408.5747,7687.3716,7750.6562,37066.0,:G24,16053.493,5353.1597,7550.27,7479.0635,36436.0,:G26,17220.275,7327.0938,6909.262,6675.359,38132.0
:G02,16560.045,5496.789,7620.826,7869.3403,37547.0,:G04,16836.209,5400.2188,8101.9795,8319.6,38658.0,:G06,17256.13,5624.136,8205.198,8097.539,39183.0,:G07,16949.357,5882.584,8830.181,8551.876,40214.0,:G09,17780.188,6177.7627,9044.102,9094.954,42097.0,:G10,17077.047,5695.741,8388.591,8101.625,39263.0,:G16,16710.281,5420.614,8316.64,7703.476,38151.0,:G17,15781.441,6439.482,9485.761,9363.302,41070.0,:G19,15984.942,5831.346,8704.147,8640.559,39161.0,:G20,17482.14,5782.6826,8086.505,8174.669,39526.0,:G22,17304.748,5723.8643,8011.294,8408.093,39448.0,:G24,16499.264,5446.2056,7936.2104,8216.31,38098.0,:G26,16291.8545,7174.1,6604.609,6585.434,36656.0
:G02,16533.193,5261.4805,8082.653,7716.68,37594.0,:G04,16677.922,5445.355,8124.3857,8175.337,38423.0,:G06,17941.621,5737.033,8648.859,8906.4795,41234.0,:G07,15455.838,5695.8896,8525.648,8458.622,38136.0,:G09,14990.714,6592.593,9281.769,9312.931,40178.0,:G10,17188.236,5499.51,7887.632,8149.628,38725.0,:G16,16108.16,5502.1807,7679.2983,7621.3545,36911.0,:G17,15993.234,5758.1626,8733.016,8673.581,39158.0,:G19,15563.871,6392.1636,9581.939,9222.012,40760.0,:G20,17035.33,5433.9097,8638.979,8190.7905,39299.0,:G22,16661.086,5302.313,7701.6455,7808.953,37474.0,:G24,16021.823,5140.5264,7799.037,8031.608,36993.0,:G26,16294.177,7126.432,6621.18,6580.2085,36622.0
:G02,17285.84,5767.1685,8476.307,8012.6846,39542.0,:G04,16672.605,5646.8164,7918.1543,8064.4165,38302.0,:G06,15777.41,5284.046,7757.3965,7426.15,36245.0,:G07,17015.203,5924.247,8608.986,9045.57,40594.0,:G09,15897.82,5875.2993,8698.764,8468.109,38940.0,:G10,17102.57,5574.81,8008.404,8049.2266,38735.0,:G16,16933.031,5609.916,7893.224,8108.824,38545.0,:G17,16207.511,6633.9316,9213.587,9432.974,41488.0,:G19,14311.344,6348.9106,9403.9375,9467.809,39532.0,:G20,16617.52,5100.0464,8290.291,8216.137,38224.0,:G22,16765.76,5370.489,7780.4897,7732.2593,37649.0,:G24,18263.525,5748.6523,9267.277,8990.563,42270.0,:G26,17102.785,7205.8657,6904.722,6681.646,37895.0
:G02,17384.07,5557.536,8222.177,7961.2227,39125.0,:G04,17107.57,5478.0464,8021.9365,8362.448,38970.0,:G06,17081.729,5688.592,7942.841,7827.839,38541.0,:G07,16926.203,5957.542,8752.881,8656.38,40293.0,:G09,16535.889,5724.3394,8666.193,8537.584,39464.0,:G10,16797.084,5426.684,8379.143,8155.0835,38758.0,:G16,18036.734,5946.4683,8828.639,8331.1455,41143.0,:G17,15941.66,6474.8076,9529.155,9647.373,41593.0,:G19,16254.184,6169.494,8968.362,9067.959,40460.0,:G20,17066.828,5508.604,8249.5,8045.0737,38870.0,:G22,17205.482,5613.725,8136.53,7820.2744,38776.0,:G24,17243.572,5451.125,8222.566,8286.744,39204.0,:G26,16580.719,7357.5933,6888.8164,6947.849,37775.0
:G02,17559.242,5293.489,8826.406,8536.859,40216.0,:G04,17603.17,5704.4233,8694.547,8661.852,40664.0,:G06,16144.727,5169.552,7748.552,7715.1675,36778.0,:G07,15931.9,6553.2427,9566.205,9575.644,41627.0,:G09,16448.41,5885.2305,8846.723,8406.6455,39587.0,:G10,17273.818,5962.6055,8452.737,8660.844,40350.0,:G16,17639.41,5916.912,8443.952,8348.71,40349.0,:G17,16356.32,5702.605,8419.3545,8452.729,38931.0,:G19,16317.934,5867.033,8723.577,8431.458,39340.0,:G20,16720.264,5305.1475,8155.776,8262.813,38444.0,:G22,16732.002,5245.8984,7815.7744,7979.3315,37773.0,:G24,17894.059,5804.1475,8940.201,8338.596,40977.0,:G26,17034.568,7348.697,6654.3496,6840.4272,37878.0
:G02,17532.857,5672.0312,8334.7295,8773.382,40313.0,:G04,16827.744,5507.936,8104.197,7949.129,38389.0,:G06,17386.0,5590.659,8487.134,8306.179,39770.0,:G07,17341.209,5942.4253,8433.254,8726.124,40443.0,:G09,15790.2,5746.8726,8702.583,8833.343,39073.0,:G10,16288.676,5314.647,7713.7573,7579.914,36897.0,:G16,18075.93,5817.609,8782.524,9018.944,41695.0,:G17,16046.543,5938.0933,8896.496,8627.869,39509.0,:G19,17654.99,5883.3477,9128.272,9124.376,41791.0,:G20,16595.885,5205.84,8368.041,8050.239,38220.0,:G22,16745.723,5343.503,7734.3086,7850.4663,37674.0,:G24,15422.316,5087.9233,7516.948,7457.81,35485.0,:G26,16718.68,7477.832,6674.1655,6882.3086,37753.0
:G02,16996.898,5790.211,8087.3345,8066.542,38941.0,:G04,18284.717,5747.282,9412.879,9005.125,42450.0,:G06,17212.943,5656.0522,8327.842,8479.164,39676.0,:G07,16571.953,5709.409,8453.158,8808.486,39543.0,:G09,16243.464,6158.1895,8805.75,9007.581,40215.0,:G10,17305.52,5434.8457,8621.638,8147.011,39509.0,:G16,17304.508,5984.9375,8783.71,8396.85,40470.0,:G17,16649.895,6022.208,8874.508,9160.391,40707.0,:G19,17110.975,6028.3784,8800.225,8749.431,40689.0,:G20,17344.729,5555.114,8780.128,8446.032,40126.0,:G22,17607.402,5902.773,8691.064,8703.762,40905.0,:G24,17291.502,5774.5117,8542.842,7964.141,39573.0,:G26,15423.434,7195.4253,6736.3384,6895.807,36251.0
:G02,16410.736,5455.768,8261.536,8134.956,38263.0,:G04,17133.781,5551.7827,8330.379,8259.061,39275.0,:G06,16531.033,5362.6953,7795.229,7895.0522,37584.0,:G07,16760.861,6179.73,9190.462,8999.9375,41131.0,:G09,16296.996,6061.7,8830.826,9002.48,40192.0,:G10,16989.53,5421.061,8067.975,8187.4375,38666.0,:G16,17318.256,5639.9517,8742.191,8293.623,39994.0,:G17,15701.092,5662.4673,8430.336,8640.101,38434.0,:G19,16420.209,5935.1963,8805.409,8452.185,39613.0,:G20,17052.643,5338.878,8519.208,8193.268,39104.0,:G22,16787.572,5276.4907,7774.731,7699.2017,37538.0,:G24,16897.996,5429.1895,8156.385,7922.4453,38406.0,:G26,16733.285,7384.0083,6807.572,6600.1343,37525.0
:G02,17802.703,5596.2656,8651.0205,8655.019,40705.0,:G04,16502.252,5514.611,7707.185,7809.9614,37534.0,:G06,17733.986,5595.6104,8538.533,8741.876,40610.0,:G07,14595.616,6456.2793,9363.571,9394.527,39810.0,:G09,16419.691,5972.288,8960.506,9487.522,40840.0,:G10,16839.85,5606.325,8469.305,8409.531,39325.0,:G16,17022.393,5605.409,8361.725,8165.467,39155.0,:G17,15648.984,5906.918,8573.361,8756.745,38886.0,:G19,17598.932,5953.08,8565.523,9060.467,41178.0,:G20,16606.152,5342.206,7957.9116,7805.7285,37712.0,:G22,17069.402,5464.558,8577.062,8282.976,39394.0,:G24,17020.61,5650.067,7599.1025,8228.223,38498.0,:G26,16269.343,7596.4253,6916.9165,7000.3296,37783.0
:G02,16252.379,5194.6997,7631.63,7415.289,36494.0,:G04,17694.56,5682.3735,8838.028,8440.037,40655.0,:G06,17414.822,5702.0825,8202.783,8613.314,39933.0,:G07,16138.851,5665.7676,8808.732,8573.6455,39187.0,:G09,17660.318,6122.51,9200.789,8824.38,41808.0,:G10,16889.701,5545.3887,8449.969,8771.951,39657.0,:G16,17424.574,5561.9727,8426.115,8350.347,39763.0,:G17,16316.276,5998.611,8720.511,8877.613,39913.0,:G19,16756.135,5930.603,8921.039,8827.225,40435.0,:G20,17426.865,5455.409,8655.934,8606.795,40145.0,:G22,17781.164,5896.118,8461.93,8505.79,40645.0,:G24,16795.938,5384.452,8655.916,8298.684,39135.0,:G26,16770.545,7287.75,6874.211,6721.512,37654.0
:G02,17307.14,5689.292,8500.203,8827.359,40324.0,:G04,17257.877,5555.153,8172.6724,8201.3,39187.0,:G06,16502.914,5565.6973,8055.3213,8140.054,38264.0,:G07,16687.924,5887.6675,8748.346,8802.058,40126.0,:G09,17268.7,5576.9,6546.8076,8913.584,38306.0,:G10,17650.08,5850.7944,8020.7334,8128.397,39650.0,:G16,16812.271,5637.538,8315.29,8381.8955,39147.0,:G17,16509.836,5585.27,8369.94,8103.942,38569.0,:G19,17984.863,5871.703,9563.306,6878.121,40298.0,:G20,17388.93,5541.966,8761.633,8074.471,39767.0,:G22,17397.555,5354.295,8665.573,8170.5767,39588.0,:G24,17291.883,5786.303,8426.091,8365.72,39870.0,:G26,16390.854,7214.231,6704.2324,6873.6763,37183.0
:G02,17437.521,5585.0957,7937.5503,8104.846,39065.0,:G04,17262.629,5272.5415,8665.126,8645.712,39846.0,:G06,16290.517,5359.8657,7953.8916,7739.718,37344.0,:G07,15848.249,5857.9565,8839.388,8701.398,39247.0,:G09,16796.732,5656.1587,8485.009,8569.103,39507.0,:G10,17086.473,5507.2593,8189.449,8369.818,39153.0,:G16,17051.965,5595.078,7826.407,7980.5435,38454.0,:G17,18326.182,6043.4053,9091.499,9008.933,42470.0,:G19,17439.326,5992.294,9260.294,9204.087,41896.0,:G20,16918.041,5441.6973,7954.017,8438.257,38752.0,:G22,16785.082,5510.1895,7903.754,8501.973,38701.0,:G24,17557.523,5679.2554,8640.117,8460.085,40337.0,:G26,17230.69,7300.3667,6895.3677,6741.584,38168.0
:G02,16789.352,5618.8623,8046.3955,7763.4014,38218.0,:G04,17583.734,5663.6924,8866.2,8499.366,40613.0,:G06,16987.373,5530.2285,8120.634,7969.777,38608.0,:G07,16380.898,5855.6245,8842.917,8765.564,39845.0,:G09,16146.273,6043.435,8995.965,8970.323,40156.0,:G10,17066.115,5440.0854,8403.992,7966.8057,38877.0,:G16,16800.953,5456.408,8019.8843,7968.7617,38246.0,:G17,15539.469,5462.5723,8541.777,8193.185,37737.0,:G19,15821.936,5616.211,8994.984,8810.876,39244.0,:G20,16937.746,5590.575,8585.321,8511.35,39625.0,:G22,17450.436,5393.2837,8587.126,8455.159,39886.0,:G24,17408.688,5606.0063,8200.473,8213.842,39429.0,:G26,15691.105,7235.1274,6607.2573,6786.519,36320.0
:G02,17649.41,5490.943,8061.059,8140.597,39342.0,:G04,17517.908,5852.1807,8243.871,8323.048,39937.0,:G06,17044.516,5681.2217,8122.4062,7824.8623,38673.0,:G07,17814.38,6064.9067,9101.992,8992.729,41974.0,:G09,16107.932,5575.647,8563.497,8849.923,39097.0,:G10,17282.62,5868.174,8272.458,8492.747,39916.0,:G16,16250.174,5474.966,7586.9536,7496.9053,36809.0,:G17,16203.912,5767.871,8771.86,8938.355,39682.0,:G19,17293.938,5787.4043,9144.298,8810.366,41036.0,:G20,16614.186,5159.289,7895.0186,7857.5127,37526.0,:G22,16652.195,5441.298,8581.291,8343.215,39018.0,:G24,16585.148,5513.6094,8282.745,7825.482,38207.0,:G26,17577.205,7578.01,6693.47,6858.299,38707.0
:G02,17055.76,5613.1045,8557.82,8214.316,39441.0,:G04,17075.273,5486.6436,8351.387,8201.69,39115.0,:G06,16865.035,5289.3115,8134.3945,8075.248,38364.0,:G07,15977.032,6080.85,8827.738,9179.37,40065.0,:G09,14425.844,6527.693,9057.728,9163.741,39175.0,:G10,16280.142,5375.4146,7665.679,7629.765,36951.0,:G16,17227.908,5615.3354,8545.428,8514.329,39903.0,:G17,16688.014,6098.649,9442.242,8968.098,41197.0,:G19,15964.742,5790.9834,8581.93,8857.344,39195.0,:G20,16882.23,5569.0825,7944.0415,7862.638,38258.0,:G22,16367.093,5255.9478,7833.2954,8202.678,37659.0,:G24,16852.898,5319.111,7819.308,8221.699,38213.0,:G26,16429.07,7356.477,6707.1914,6910.285,37403.0
:G02,17112.822,5554.6436,8371.148,7888.3853,38927.0,:G04,17368.672,5536.641,8887.334,8271.3545,40064.0,:G06,16907.24,5427.1436,8508.214,8381.4,39224.0,:G07,16864.943,5881.4004,8858.033,8681.616,40286.0,:G09,15653.845,5929.1504,8693.522,8603.471,38880.0,:G10,17399.63,5474.4995,8901.959,8532.908,40309.0,:G16,17521.496,5335.2227,8126.812,8134.4727,39118.0,:G17,16863.184,5868.9644,8783.122,8934.741,40450.0,:G19,16152.007,6243.541,9109.915,9083.54,40589.0,:G20,16433.127,5278.063,8089.6816,7621.1265,37422.0,:G22,17437.908,5293.477,8527.675,8390.943,39650.0,:G24,17272.58,5289.1475,8491.009,8367.2705,39420.0,:G26,15602.642,6886.5957,6530.485,6563.283,35583.0
:G02,16747.074,5165.3726,8072.633,8367.929,38353.0,:G04,16808.969,5470.2744,7770.699,7703.0645,37753.0,:G06,16989.299,5164.575,8373.145,8534.972,39062.0,:G07,16638.973,5794.6553,8775.376,8854.996,40064.0,:G09,16201.3125,6145.03,8860.431,9056.229,40263.0,:G10,17008.523,5301.88,7865.6465,7903.955,38080.0,:G16,16685.914,5362.722,8287.651,7981.709,38318.0,:G17,16577.357,6157.1255,8778.394,9051.114,40564.0,:G19,16048.596,5992.413,8696.36,8813.637,39551.0,:G20,16129.302,5299.4307,7734.9556,8008.312,37172.0,:G22,16506.691,5704.8223,8267.294,8135.192,38614.0,:G24,16906.215,5711.2925,8620.926,7881.572,39120.0,:G26,16846.143,7087.5503,6723.933,6657.356,37315.0
:G02,16039.402,5190.4487,7660.252,7576.8916,36467.0,:G04,17208.055,5741.465,8090.639,8361.844,39402.0,:G06,17024.895,5507.2856,8075.6772,8012.1636,38620.0,:G07,17518.729,6132.248,9105.31,8914.71,41671.0,:G09,16601.172,5825.2764,8800.979,8965.577,40193.0,:G10,17213.926,5321.857,8264.369,7824.849,38625.0,:G16,16651.22,5346.0317,8264.788,7901.963,38164.0,:G17,15015.248,6478.1934,9283.618,9487.933,40265.0,:G19,15979.343,6040.109,9155.016,8842.535,40017.0,:G20,16941.395,5421.414,8026.887,7989.3013,38379.0,:G22,16539.303,5283.9697,7613.8354,8203.885,37641.0,:G24,16960.248,5809.1777,7975.4824,8028.0835,38773.0,:G26,16497.15,7542.7983,6865.32,6801.7114,37707.0
:G02,17054.86,5680.4062,8133.462,8049.276,38918.0,:G04,17003.695,5664.03,8809.698,8365.566,39843.0,:G06,16535.78,5484.1445,7814.788,7819.283,37654.0,:G07,14734.8545,6512.142,9312.187,9418.82,39978.0,:G09,16202.678,5944.694,9032.864,8903.775,40084.0,:G10,17195.29,5330.7085,8600.868,8351.141,39478.0,:G16,16587.492,5429.279,7997.565,8179.671,38194.0,:G17,16093.122,6042.526,8852.571,8831.772,39820.0,:G19,15787.209,5842.1387,8524.78,8715.866,38870.0,:G20,17384.033,5529.8286,8320.39,8440.74,39675.0,:G22,17392.049,5573.631,8457.228,8081.08,39504.0,:G24,17378.375,5424.609,7888.2944,8019.7227,38711.0,:G26,16578.129,7439.0435,6626.5,6521.315,37165.0
:G02,17329.441,5546.774,8826.131,8700.648,40403.0,:G04,17958.672,5939.1006,8580.531,8732.691,41211.0,:G06,16694.117,5561.018,7761.565,7889.3013,37906.0,:G07,14639.536,6466.8096,9406.253,8929.393,39442.0,:G09,15656.312,5730.2344,8492.783,8530.662,38410.0,:G10,16709.182,5442.908,8030.263,7608.639,37791.0,:G16,17309.604,5925.617,8245.716,8442.054,39923.0,:G17,15921.338,6313.197,9502.932,9705.541,41443.0,:G19,17393.514,5872.0273,8962.835,9016.626,41245.0,:G20,17816.34,5814.461,9056.874,8552.329,41240.0,:G22,17564.887,5705.7236,8470.85,8514.535,40256.0,:G24,17152.002,5475.153,8745.911,8238.929,39612.0,:G26,15887.007,7275.489,6771.5156,6808.975,36743.0
:G02,16707.236,5379.5366,7858.046,8160.184,38105.0,:G04,16831.506,5505.9805,8165.296,7842.2173,38345.0,:G06,17189.955,5720.8257,8298.851,8516.367,39726.0,:G07,14622.391,6320.51,9181.293,9331.813,39456.0,:G09,16501.139,6201.1455,9200.599,9117.13,41020.0,:G10,17131.629,5619.0547,8479.023,8132.28,39362.0,:G16,16740.818,5276.284,8421.737,8131.1562,38570.0,:G17,15708.086,6228.814,9005.533,8735.57,39678.0,:G19,17266.236,5966.386,8590.418,8829.952,40653.0,:G20,17368.568,5516.8496,8430.476,8073.104,39389.0,:G22,15702.749,5174.0103,7398.979,7770.2646,36046.0,:G24,17002.93,5761.2285,8103.8975,8016.95,38885.0,:G26,17379.193,7172.996,6895.1816,6784.648,38232.0
:G02,16315.41,5192.3613,7746.6396,7591.5884,36846.0,:G04,17119.705,5549.654,8125.311,7965.321,38760.0,:G06,17524.764,5802.313,8530.649,8278.29,40136.0,:G07,16185.676,6034.754,8903.619,8870.937,39995.0,:G09,15613.494,5727.6724,8461.891,8675.949,38479.0,:G10,17531.215,5659.756,8296.233,8754.79,40242.0,:G16,16789.506,5416.574,8152.1265,8083.7974,38442.0,:G17,15614.693,6533.0957,9240.147,9315.07,40703.0,:G19,17181.096,5726.4326,8665.801,8511.669,40085.0,:G20,17254.03,5733.3325,8382.038,8079.5874,39449.0,:G22,16738.283,5319.0894,8663.916,8539.701,39261.0,:G24,17283.799,5636.8477,8463.422,8157.9375,39542.0,:G26,16338.844,7142.441,6764.562,6876.1523,37122.0
:G02,17226.81,5346.2847,8528.248,8659.657,39761.0,:G04,17514.068,5763.5073,8118.5786,8157.8315,39554.0,:G06,16727.467,5432.081,7663.538,8001.906,37825.0,:G07,17086.79,5715.104,8430.093,8858.013,40090.0,:G09,14705.86,6435.048,9289.796,9337.292,39768.0,:G10,18059.17,5752.8403,9126.771,8691.215,41630.0,:G16,16719.533,5619.6826,8094.937,7922.8477,38357.0,:G17,16998.38,5881.87,9222.4375,6798.322,38901.0,:G19,16148.101,5461.1646,8366.643,8411.088,38387.0,:G20,16517.867,5427.2524,7750.369,7802.524,37498.0,:G22,17529.516,5593.43,9186.577,8558.483,40868.0,:G24,17082.775,5651.4263,7786.006,7824.7896,38345.0,:G26,15266.153,7204.2446,6648.5684,6728.004,35847.0
:G02,16916.863,5244.9277,8169.6694,8276.531,38608.0,:G04,17795.455,5897.545,8240.629,8449.371,40383.0,:G06,16389.309,5464.665,8071.5044,8187.531,38113.0,:G07,15844.486,6029.225,9022.992,9088.284,39985.0,:G09,16028.983,6550.5796,9715.043,9397.403,41692.0,:G10,16779.701,5474.45,8170.8765,8401.963,38827.0,:G16,16147.777,5439.673,8059.1216,7609.4185,37256.0,:G17,16917.035,5666.946,8575.265,8573.736,39733.0,:G19,15918.675,5977.2793,8704.212,8844.837,39445.0,:G20,17660.012,5786.056,8382.636,8280.296,40109.0,:G22,16918.506,5293.8066,8251.333,8590.358,39054.0,:G24,17347.775,5605.8584,8272.364,8456.998,39683.0,:G26,16350.907,7360.4634,6880.4097,6785.2515,37377.0
:G02,16911.861,5528.0874,8593.0,8096.0547,39129.0,:G04,16782.707,5865.7925,8531.559,8109.9414,39290.0,:G06,16300.874,5315.2705,8312.778,7639.0747,37568.0,:G07,16284.858,5934.3613,9025.884,8830.887,40076.0,:G09,17513.197,6092.8774,8979.71,9185.212,41771.0,:G10,17651.123,5617.945,8305.543,8286.389,39861.0,:G16,17327.799,5396.5605,8304.505,8324.136,39353.0,:G17,17017.457,5903.9077,8880.425,8599.213,40401.0,:G19,17456.281,6002.278,9184.502,8941.936,41585.0,:G20,16580.34,5601.303,8043.597,7769.748,37995.0,:G22,17005.037,5753.728,8224.022,8236.235,39219.0,:G24,16813.188,5427.5166,7943.7886,8026.5156,38211.0,:G26,15833.901,7288.857,6713.3105,6649.932,36486.0
:G02,17072.996,5652.318,8104.92,8431.772,39262.0,:G04,16692.021,5295.7544,7773.316,7873.8955,37635.0,:G06,17167.71,5583.7495,8512.136,8250.406,39514.0,:G07,16532.527,6029.2495,9190.152,8973.073,40725.0,:G09,15532.042,5753.0967,8592.494,8646.37,38524.0,:G10,16997.484,5426.287,8115.2393,8309.984,38849.0,:G16,17360.928,5819.771,8346.742,8711.562,40239.0,:G17,16074.886,5864.481,9009.209,8939.434,39888.0,:G19,16808.555,5797.4673,8734.479,8763.495,40104.0,:G20,17572.46,5336.9473,8620.303,8418.31,39948.0,:G22,16257.864,5258.5713,7514.402,7544.1616,36575.0,:G24,16583.89,5558.4307,7995.204,7797.472,37935.0,:G26,17091.467,7291.6274,6919.443,6725.472,38028.0
:G02,16045.555,5068.8237,7420.6074,7412.0176,35947.0,:G04,16028.596,5132.611,7548.369,7412.421,36122.0,:G06,17024.406,5414.5337,8137.788,8321.279,38898.0,:G07,15650.6,5856.9526,8786.758,8614.6875,38909.0,:G09,16071.282,6050.667,8995.144,8955.905,40073.0,:G10,17464.51,5705.1216,8252.417,8210.956,39633.0,:G16,17674.877,5961.5786,8299.806,8396.725,40333.0,:G17,15651.184,5882.4155,8809.42,8892.974,39236.0,:G19,16120.158,5835.9463,8767.964,8957.93,39682.0,:G20,16538.996,5500.416,7999.7896,7783.7974,37823.0,:G22,16552.135,5366.972,7941.7666,7848.12,37709.0,:G24,16658.344,5430.927,8135.458,8205.263,38430.0,:G26,16482.383,7211.1055,6754.5894,6747.926,37196.0
:G02,16648.928,5400.2383,8098.6333,7990.1943,38138.0,:G04,17671.654,5880.7275,8705.497,8287.126,40545.0,:G06,17433.35,5800.4004,8464.824,8238.443,39937.0,:G07,16081.275,5688.521,9068.603,8965.598,39804.0,:G09,14541.211,6299.003,9402.731,9171.061,39414.0,:G10,17021.945,5449.4365,7988.0674,8435.543,38895.0,:G16,16954.307,5738.4727,8039.281,8441.937,39174.0,:G17,15623.249,5900.845,8776.304,8757.605,39058.0,:G19,16934.232,5768.007,8891.909,8783.851,40378.0,:G20,16868.117,5445.256,7818.247,8122.3813,38254.0,:G22,16947.652,5502.235,8316.544,7980.556,38747.0,:G24,17213.701,5657.024,8385.955,8114.331,39371.0,:G26,17376.854,7227.403,6840.0684,6836.674,38281.0
:G02,16820.725,5427.129,7848.217,7865.9326,37962.0,:G04,16647.434,5480.8535,8167.337,7710.3784,38006.0,:G06,16156.473,5481.4883,8377.214,7963.8325,37979.0,:G07,16081.58,5788.503,8901.861,8745.072,39517.0,:G09,16146.643,5947.378,8833.563,8905.41,39833.0,:G10,17038.92,5518.424,8149.6367,8183.0186,38890.0,:G16,17336.652,5461.514,8446.979,8289.85,39535.0,:G17,17371.648,6115.4863,9042.257,9004.616,41534.0,:G19,16429.889,6086.1836,8758.701,8929.2295,40204.0,:G20,16831.373,5543.637,7991.026,7999.9536,38366.0,:G22,16819.326,5664.9375,8698.225,8283.511,39466.0,:G24,17642.98,5773.0327,8389.057,8176.936,39982.0,:G26,17306.314,7476.0396,6666.397,6756.256,38205.0
:G02,16569.943,5547.5605,7814.38,8110.1113,38042.0,:G04,17665.771,5672.5854,8669.543,8343.104,40351.0,:G06,17324.285,5625.2285,8177.0527,8057.4336,39184.0,:G07,16291.448,6027.9966,9202.916,8803.638,40326.0,:G09,16738.139,6122.5205,9151.67,8974.659,40987.0,:G10,16977.457,5672.152,7809.95,7945.437,38405.0,:G16,17625.812,5717.1484,8887.523,8815.518,41046.0,:G17,16595.676,5579.972,8755.315,8507.048,39438.0,:G19,16349.702,6260.4155,8957.988,9018.901,40587.0,:G20,17180.97,5401.828,8058.165,7875.0376,38516.0,:G22,16979.951,5479.2554,8430.835,8602.963,39493.0,:G24,17405.07,5840.37,8751.983,8475.572,40473.0,:G26,16718.998,7245.23,6610.9517,6882.804,37458.0
:G02,16978.94,5403.996,8317.069,8249.997,38950.0,:G04,17139.541,5745.368,7871.8403,8308.243,39065.0,:G06,16791.93,5565.8506,7977.9414,8599.279,38935.0,:G07,16684.838,5978.881,8888.037,8975.251,40527.0,:G09,15738.374,6198.62,9017.513,8709.49,39664.0,:G10,17028.559,5562.569,8084.3086,8058.5596,38734.0,:G16,16905.748,5529.2627,8758.053,8680.936,39874.0,:G17,16327.1045,6074.979,8975.284,8854.648,40232.0,:G19,15582.01,5821.7905,8687.406,8673.792,38765.0,:G20,16755.867,5350.249,8026.844,7988.043,38121.0,:G22,16788.174,5334.281,8862.342,8665.205,39650.0,:G24,17413.766,5702.9165,8667.458,8284.874,40069.0,:G26,16134.871,6914.1353,6583.9956,6666.987,36300.0
:G02,16919.834,5520.9224,7707.6685,7584.572,37733.0,:G04,17046.4,5216.2646,7938.7993,7678.553,37880.0,:G06,16724.258,5423.3936,7838.897,8008.456,37995.0,:G07,16269.138,5876.5796,8951.104,8757.19,39854.0,:G09,16900.322,5771.3066,8698.345,8992.032,40362.0,:G10,17932.484,5817.977,9030.276,8621.273,41402.0,:G16,16874.398,5381.8896,8057.029,8373.701,38687.0,:G17,15472.831,5825.496,8488.484,8847.185,38634.0,:G19,16892.764,5868.716,8281.102,8746.43,39789.0,:G20,16009.37,5290.3105,7913.049,7713.2847,36926.0,:G22,16538.316,5526.0913,7886.6235,7861.9624,37813.0,:G24,16184.044,5295.8926,7986.0713,7862.988,37329.0,:G26,16281.739,7361.405,6717.8965,6577.9585,36939.0
:G02,17804.12,5603.2856,8614.143,8603.455,40625.0,:G04,17722.006,5824.305,8649.992,8466.69,40663.0,:G06,17417.283,5701.908,8933.97,8634.846,40688.0,:G07,17483.445,5953.9214,8918.177,9170.46,41526.0,:G09,16180.068,5956.4067,8717.064,8756.455,39610.0,:G10,16648.99,5438.317,7922.576,7616.1167,37626.0,:G16,17579.943,5707.4004,8813.045,8804.626,40905.0,:G17,16251.531,6185.609,9109.883,9231.989,40779.0,:G19,17435.887,5789.9346,9258.988,8957.1875,41442.0,:G20,16936.55,5251.377,8196.954,8342.131,38727.0,:G22,17074.959,5720.8867,7874.87,7893.278,38564.0,:G24,16500.883,5263.6025,8426.369,8273.145,38464.0,:G26,16018.328,7175.77,6681.725,6531.195,36407.0
:G02,16669.82,5567.075,8060.53,8124.5684,38422.0,:G04,16906.621,5610.1816,7668.528,7800.673,37986.0,:G06,17247.166,5426.0547,8071.285,8613.494,39358.0,:G07,17646.416,6090.864,9350.296,9013.42,42101.0,:G09,16440.637,6131.2617,8985.351,8935.759,40493.0,:G10,17508.217,5589.15,8434.056,8644.576,40176.0,:G16,17397.027,5563.0513,8573.155,8414.763,39948.0,:G17,15942.285,5777.5234,8533.538,8570.659,38824.0,:G19,14408.609,6356.612,9351.122,9369.651,39486.0,:G20,17784.904,5798.8955,8710.054,8452.1455,40746.0,:G22,16690.0,5587.3057,7745.7354,7815.9565,37839.0,:G24,16367.539,5122.1265,7693.013,8014.3247,37197.0,:G26,17295.293,7359.9575,6744.569,6707.1934,38107.0
:G02,16782.562,5296.483,8036.0083,7954.944,38070.0,:G04,16696.47,5472.247,7839.438,7912.847,37921.0,:G06,16916.072,5667.59,8058.8247,7888.515,38531.0,:G07,15247.221,6352.17,9190.46,9297.157,40087.0,:G09,15769.474,5923.851,8495.111,8821.578,39010.0,:G10,17495.816,5581.9985,8027.581,8182.594,39288.0,:G16,16866.014,5271.019,7892.6826,8054.291,38084.0,:G17,16123.741,5984.6704,8882.904,8766.688,39758.0,:G19,14988.886,6508.6445,9623.57,9510.895,40632.0,:G20,16832.271,5611.232,8071.414,8059.0825,38574.0,:G22,17091.598,5328.173,8320.502,8050.7295,38791.0,:G24,16686.13,5388.2725,8214.562,8008.025,38297.0,:G26,16614.564,7345.7954,6879.967,6753.6655,37594.0
:G02,16998.42,5394.2495,7772.1226,8120.2095,38285.0,:G04,17791.855,5773.3594,8870.87,8683.925,41120.0,:G06,16244.157,5601.4976,7712.75,7834.591,37393.0,:G07,15094.361,6341.403,9272.983,9248.243,39957.0,:G09,16480.086,6141.7812,8931.123,8884.008,40437.0,:G10,16572.967,5003.8584,7956.3833,8249.793,37783.0,:G16,16567.422,5539.6143,8031.197,8642.768,38781.0,:G17,16505.818,5932.623,8759.301,9006.252,40204.0,:G19,16210.424,5686.518,8595.247,8495.804,38988.0,:G20,17745.639,5797.597,8903.014,8588.752,41035.0,:G22,16736.43,5558.837,7752.842,7967.8896,38016.0,:G24,17842.701,5924.955,8337.872,8291.465,40397.0,:G26,16910.465,7156.2285,6628.9434,6492.345,37188.0
:G02,16865.008,5261.1055,8377.125,8436.742,38940.0,:G04,17317.75,5398.636,8560.819,8686.786,39964.0,:G06,17486.574,5672.2705,8554.814,8046.349,39760.0,:G07,16411.195,5573.6597,8298.359,8258.793,38542.0,:G09,17503.406,6066.247,8943.112,9288.228,41801.0,:G10,17429.63,5479.9526,8723.06,9221.363,40854.0,:G16,17106.389,5603.426,8038.517,8175.6675,38924.0,:G17,16134.384,6079.0396,8527.348,8534.247,39275.0,:G19,15836.553,5721.1016,8549.506,8496.824,38604.0,:G20,16734.018,5423.759,8082.833,7903.4033,38144.0,:G22,18222.25,5574.3315,8715.214,9109.202,41621.0,:G24,17449.156,5483.814,8287.461,8347.573,39568.0,:G26,16467.74,7317.3633,6743.4546,6616.441,37145.0
:G02,16981.818,5657.777,8298.653,7811.75,38750.0,:G04,17339.07,5464.6016,8421.411,8847.919,40073.0,:G06,17766.639,5483.277,8854.05,8947.038,41051.0,:G07,17386.803,5809.5376,8903.105,8899.56,40999.0,:G09,15709.373,5704.25,8441.597,8489.78,38345.0,:G10,16364.242,5462.012,7972.0967,8192.665,37991.0,:G16,17548.85,5676.3687,8502.906,8731.886,40460.0,:G17,17225.043,5993.9546,9225.232,8819.775,41264.0,:G19,16940.271,5760.302,8978.424,8804.005,40483.0,:G20,16800.137,5241.322,7904.056,8282.505,38228.0,:G22,17029.889,5472.546,7795.289,7987.2773,38285.0,:G24,17165.291,5405.2485,7960.075,8532.389,39063.0,:G26,17392.42,7195.94,6567.8716,6898.765,38055.0
:G02,16752.459,5560.4272,8015.817,7712.3003,38041.0,:G04,16088.451,5419.195,7628.043,7547.309,36683.0,:G06,17077.479,5401.393,8257.177,8318.949,39055.0,:G07,16422.814,5940.9136,8830.663,8645.609,39840.0,:G09,18006.465,5510.576,8838.604,6570.353,38926.0,:G10,17237.86,5499.535,8330.119,8557.473,39625.0,:G16,17324.256,5842.9517,8530.14,8483.657,40181.0,:G17,17634.176,5952.7544,8903.036,9235.041,41725.0,:G19,14778.541,6381.968,9273.922,9095.579,39530.0,:G20,16472.756,5516.4106,7824.442,8087.3994,37901.0,:G22,17520.168,5677.128,9217.771,8987.915,41403.0,:G24,17295.648,5867.287,8322.589,8331.48,39817.0,:G26,17003.127,7487.518,6816.5044,7050.8696,38358.0
:G02,17259.494,5706.901,8253.333,8384.255,39604.0,:G04,16441.91,5281.765,7650.46,7965.8726,37340.0,:G06,17498.031,5925.0547,8429.436,8134.478,39987.0,:G07,16873.498,6022.3574,9222.967,9134.169,41253.0,:G09,17164.156,6045.5156,8826.103,9262.239,41298.0,:G10,17871.568,5703.8193,8516.746,8416.868,40509.0,:G16,16758.24,5687.6084,8093.5063,8233.646,38773.0,:G17,17030.357,5988.478,8777.223,8587.954,40384.0,:G19,15880.46,5859.4497,8582.958,8875.141,39198.0,:G20,17910.203,5580.3267,9131.95,8876.514,41499.0,:G22,16555.463,5290.9585,7751.1904,7802.394,37400.0,:G24,16532.318,5357.216,7859.796,7726.667,37476.0,:G26,16974.023,7287.103,6645.4062,6514.471,37421.0
:G02,17477.63,5680.812,8416.638,7971.923,39547.0,:G04,16931.365,5472.0635,8026.345,7972.2217,38402.0,:G06,16162.129,5660.5757,7839.4087,8118.8955,37781.0,:G07,16447.902,6170.6943,8888.547,9011.8545,40519.0,:G09,15760.303,5717.673,8467.855,8433.169,38379.0,:G10,16784.0,5508.938,8080.1904,8101.869,38475.0,:G16,16883.043,5571.031,8345.369,8276.549,39076.0,:G17,14804.43,6578.5303,9321.566,9293.486,39998.0,:G19,16993.738,5898.44,8944.5,8790.329,40627.0,:G20,17395.879,5523.22,8237.477,8202.414,39359.0,:G22,17390.47,5488.391,8599.005,8095.1387,39573.0,:G24,17015.494,5710.971,7784.37,8162.162,38673.0,:G26,17446.479,7522.256,6900.2974,7243.9897,39113.0
:G02,16496.441,5383.0894,8012.051,7919.4194,37811.0,:G04,15889.637,5150.2476,7401.4194,7659.702,36101.0,:G06,17045.893,5736.124,8297.354,8039.64,39119.0,:G07,17828.092,6107.1836,9025.3955,9122.316,42083.0,:G09,15672.913,5898.894,8671.089,8856.1045,39099.0,:G10,16658.385,5557.015,8269.445,7874.157,38359.0,:G16,16466.285,5396.8994,7577.8413,7823.9634,37265.0,:G17,15506.4,5603.876,8489.429,8465.299,38065.0,:G19,17808.875,6178.1826,9068.498,8963.453,42019.0,:G20,17574.246,5825.6816,8429.51,8413.562,40243.0,:G22,17560.627,5487.425,8702.886,8246.063,39997.0,:G24,18212.072,6073.1694,9295.138,8788.632,42369.0,:G26,15973.8125,7265.8066,6859.088,6729.2886,36828.0
:G02,17259.49,5593.345,8599.469,8648.702,40101.0,:G04,15756.953,5143.6025,7445.2847,7400.1636,35746.0,:G06,17106.746,5555.686,8469.828,8087.754,39220.0,:G07,16388.229,5867.593,8713.427,9004.748,39974.0,:G09,14796.895,6468.0728,9505.411,9416.616,40187.0,:G10,17220.084,5668.4507,8613.394,8565.069,40067.0,:G16,16619.104,5277.403,7737.6924,8041.804,37676.0,:G17,16140.226,5844.061,8798.184,8701.528,39484.0,:G19,15119.984,6532.458,9479.896,9157.663,40290.0,:G20,15932.238,5196.1055,7594.6377,7710.021,36433.0,:G22,17278.697,5581.7983,8016.1587,8037.3486,38914.0,:G24,17436.662,5482.062,8611.238,8440.035,39970.0,:G26,16707.998,7247.7407,6804.0503,6924.2227,37684.0
:G02,17504.234,5499.539,8560.123,8239.088,39803.0,:G04,17581.463,5828.8184,8609.629,8184.102,40204.0,:G06,16690.436,5355.76,7715.9014,7827.901,37590.0,:G07,15309.746,5729.9844,8702.152,8321.117,38063.0,:G09,14184.118,6511.397,9242.681,8957.8,38896.0,:G10,16619.623,5294.7715,8212.89,8205.725,38333.0,:G16,18026.871,5701.997,8928.403,8928.738,41586.0,:G17,16126.062,5653.339,8360.638,8424.97,38565.0,:G19,17487.092,5899.9497,8835.099,8753.856,40976.0,:G20,17326.867,5680.549,7841.942,8421.646,39271.0,:G22,16581.512,5484.4956,7745.063,7708.932,37520.0,:G24,16951.053,5355.4165,8486.909,8093.6104,38887.0,:G26,17426.648,7301.9375,6726.633,6549.7847,38005.0
:G02,17246.906,5651.511,8180.55,8027.0327,39106.0,:G04,16622.81,5327.778,8698.852,8128.567,38778.0,:G06,17783.258,5791.393,8444.998,8639.34,40659.0,:G07,17157.652,5709.102,8730.442,8548.805,40146.0,:G09,17810.512,6094.4907,8837.875,9090.124,41833.0,:G10,16181.732,5509.2725,7550.501,7624.5015,36866.0,:G16,17232.502,5393.5244,8528.107,8360.873,39515.0,:G17,15433.519,5697.8047,8367.743,8314.938,37814.0,:G19,17140.531,5697.7915,8638.117,8785.565,40262.0,:G20,16856.04,5420.5044,8386.135,8311.317,38974.0,:G22,17313.793,5495.258,8860.469,8735.473,40405.0,:G24,17160.318,5713.7764,8116.0713,8128.84,39119.0,:G26,17347.895,7449.5747,6746.285,6792.2407,38336.0
:G02,17030.506,5435.3804,8354.973,8157.1445,38978.0,:G04,17038.965,5615.684,8520.131,8663.224,39838.0,:G06,17010.46,5508.38,8663.998,9092.168,40275.0,:G07,15539.462,5325.9487,8168.0034,8309.581,37343.0,:G09,16279.875,5638.8496,8816.748,8568.531,39304.0,:G10,16530.432,5501.6055,7659.4497,7795.514,37487.0,:G16,16626.807,5368.8486,8141.189,8410.159,38547.0,:G17,17430.227,6211.1353,9043.331,8767.29,41452.0,:G19,17023.854,5983.7153,9119.99,8800.455,40928.0,:G20,17598.668,5883.1636,8429.527,8188.6543,40100.0,:G22,16521.777,5264.2104,7585.109,7687.9,37059.0,:G24,16695.8,5379.9453,7734.3125,7770.938,37581.0,:G26,17262.082,7335.871,6958.6074,6799.431,38356.0
:G02,16646.607,5321.7036,8368.99,8147.698,38485.0,:G04,16461.982,5498.612,7771.527,7610.879,37343.0,:G06,17745.305,5845.3,8185.5522,8639.833,40416.0,:G07,14933.569,6444.103,9429.291,9301.041,40108.0,:G09,15355.554,5789.1357,8410.041,8686.268,38241.0,:G10,15800.502,5009.335,7736.705,7579.45,36126.0,:G16,17487.793,5513.2456,8183.0874,8037.87,39222.0,:G17,17009.477,5715.643,8878.522,8387.368,39991.0,:G19,14803.736,6561.1973,9663.893,9254.17,40283.0,:G20,17395.934,5807.23,8267.265,8167.5664,39638.0,:G22,17576.477,5894.248,8713.6875,8553.584,40738.0,:G24,16771.533,5066.3706,7694.3135,7625.7866,37158.0,:G26,17317.4,7373.496,6904.7754,6721.3423,38317.0
:G02,17188.984,5735.542,8281.086,8158.393,39364.0,:G04,16659.646,5629.783,7784.2793,7878.2964,37952.0,:G06,16153.447,5103.1763,7376.9287,7359.446,35993.0,:G07,15788.446,5720.5986,8417.875,8725.081,38652.0,:G09,16252.7705,6008.219,8729.294,8872.721,39863.0,:G10,17364.744,5771.14,8513.83,8099.2803,39749.0,:G16,16619.176,5831.8633,8120.3184,7900.64,38472.0,:G17,15536.041,5891.1387,8380.332,8763.49,38571.0,:G19,16576.502,6056.3896,8903.752,8931.354,40468.0,:G20,17589.768,5859.796,8662.915,8370.521,40483.0,:G22,17379.549,5652.2275,8598.804,8469.408,40100.0,:G24,17019.361,5647.194,8104.634,8583.811,39355.0,:G26,17053.932,7389.271,6978.512,6949.2827,38371.0
:G02,16060.899,5247.8784,7602.236,7612.9854,36524.0,:G04,17949.531,5786.6377,8136.754,8112.079,39985.0,:G06,17129.607,5740.854,8383.858,7892.666,39147.0,:G07,16734.74,5699.0767,8996.828,8749.36,40180.0,:G09,14946.823,6489.7534,9435.783,9388.645,40261.0,:G10,16736.041,5633.476,8111.081,8020.388,38501.0,:G16,17182.055,5690.7373,8031.5337,7690.6846,38595.0,:G17,16106.114,6026.5557,8978.543,8888.781,40000.0,:G19,15824.687,6559.9556,9880.73,7481.6255,39747.0,:G20,17148.451,5662.2266,8196.31,8063.0127,39070.0,:G22,16953.291,5581.203,8027.1577,8131.341,38693.0,:G24,17459.088,5522.51,8059.3633,8320.032,39361.0,:G26,16519.17,7443.2017,6731.6147,6863.986,37558.0
:G02,16933.334,5463.1167,8267.1455,7990.3955,38654.0,:G04,16013.775,5418.903,7774.7573,7795.566,37003.0,:G06,17420.787,5589.3584,8447.235,8642.633,40100.0,:G07,16641.84,6112.8296,9150.805,9028.539,40934.0,:G09,15726.37,6217.37,9099.816,9298.4375,40342.0,:G10,17227.62,5868.638,8005.9575,8384.779,39487.0,:G16,16635.521,5458.155,8105.733,7967.587,38167.0,:G17,15639.295,5799.94,6624.4565,8915.29,36979.0,:G19,17039.744,6093.3457,8956.824,8984.09,41074.0,:G20,17219.81,5439.537,7697.6245,7992.032,38349.0,:G22,16982.398,5486.3525,7766.43,7871.831,38107.0,:G24,17033.96,5334.4673,8088.9165,7845.6646,38303.0,:G26,16966.719,7337.7495,6834.129,6841.4204,37980.0
:G02,16536.52,5333.6245,8072.77,7863.078,37806.0,:G04,17751.723,5570.053,8702.07,8584.158,40608.0,:G06,17675.623,5980.308,8442.68,8362.3955,40461.0,:G07,15886.486,5952.1064,8770.491,9042.92,39652.0,:G09,15187.86,5727.722,8649.619,8369.8,37935.0,:G10,17116.773,5524.452,8563.305,8662.453,39867.0,:G16,16654.283,5482.148,8131.3003,7974.271,38242.0,:G17,14395.45,6374.646,8976.8545,9324.053,39071.0,:G19,16720.973,5927.882,8971.043,8778.091,40398.0,:G20,16710.006,5481.9272,7785.6504,8324.418,38302.0,:G22,17104.18,5536.787,8157.092,8248.923,39047.0,:G24,16980.396,5570.129,8728.97,8472.502,39752.0,:G26,16527.283,7435.4595,6431.853,6636.403,37031.0
:G02,16646.74,5530.468,8340.88,8058.91,38577.0,:G04,16711.045,5475.189,7904.192,7581.585,37672.0,:G06,16703.39,5303.317,8109.4863,7849.7974,37966.0,:G07,15655.391,5834.5977,8549.66,8585.337,38625.0,:G09,17437.666,6022.9253,9084.827,8731.58,41277.0,:G10,17520.877,5528.492,9355.6875,8833.949,41239.0,:G16,16919.19,5617.078,7951.5854,7892.146,38380.0,:G17,15776.613,6498.6943,9646.273,9374.426,41296.0,:G19,16177.504,6773.882,9266.109,9340.521,41558.0,:G20,16777.293,5410.5728,8177.8696,8190.2827,38556.0,:G22,17278.152,5297.129,8276.8,8568.921,39421.0,:G24,17048.797,5769.943,8139.779,7998.488,38957.0,:G26,16295.836,7432.4805,7202.91,6834.7573,37766.0
:G02,16950.256,5224.4385,8740.809,8259.494,39175.0,:G04,17439.113,5517.8247,8426.847,8703.208,40087.0,:G06,16405.2,5555.794,7951.2026,7648.814,37561.0,:G07,17662.137,6026.8076,8871.346,8923.711,41484.0,:G09,15688.151,5924.0977,8583.474,8549.2705,38745.0,:G10,17218.152,5600.4927,8446.248,8550.091,39815.0,:G16,16404.555,5434.277,8298.47,7692.693,37830.0,:G17,16984.676,5951.94,7090.018,9337.379,39364.0,:G19,16083.432,6055.501,9205.209,8840.863,40185.0,:G20,16690.275,5400.626,7518.0693,7830.0327,37439.0,:G22,16245.25,5511.195,8279.748,7660.797,37697.0,:G24,17533.988,5556.8926,8589.372,8677.751,40358.0,:G26,17684.965,7453.018,7112.2583,6895.763,39146.0
:G02,16899.07,5544.452,8298.467,8055.002,38797.0,:G04,18262.127,5935.3574,8544.171,8594.332,41336.0,:G06,16239.565,5165.6924,7552.528,7602.2207,36560.0,:G07,16566.383,6067.733,9014.282,8799.608,40448.0,:G09,17312.986,6034.241,9005.156,8940.6045,41293.0,:G10,16981.111,5601.5596,8187.618,8001.709,38772.0,:G16,16378.358,5379.681,8055.2886,8172.6777,37986.0,:G17,16420.754,6101.4985,9054.586,9063.153,40640.0,:G19,15903.921,5757.5747,8362.827,8398.666,38423.0,:G20,16987.441,5481.873,8719.036,7940.66,39129.0,:G22,17119.348,5447.804,8308.053,8641.809,39517.0,:G24,17263.807,5627.2085,8201.6,8008.386,39101.0,:G26,17517.021,7195.7446,6825.312,6941.9023,38480.0
:G02,17288.799,5656.6504,8665.375,8381.172,39992.0,:G04,17027.068,5546.5264,7967.0146,7836.398,38377.0,:G06,16939.96,5646.8926,8550.446,8325.704,39463.0,:G07,15540.635,6305.392,9224.51,9429.46,40500.0,:G09,16364.575,6122.007,8936.416,8970.998,40394.0,:G10,17421.094,5771.327,9191.651,8505.927,40890.0,:G16,16569.162,5352.786,8306.042,8003.0054,38231.0,:G17,14676.433,6342.4595,9333.307,9157.798,39510.0,:G19,15500.083,5685.969,8656.847,8421.091,38264.0,:G20,16783.012,5433.973,8106.891,8466.122,38790.0,:G22,17284.916,5797.221,8258.438,8244.422,39585.0,:G24,16650.156,5158.711,8202.667,7884.4766,37896.0,:G26,17176.229,7407.881,6624.5933,6881.2944,38090.0
:G02,17217.932,5597.266,8700.569,8434.242,39950.0,:G04,17278.291,5762.511,8307.002,8389.186,39737.0,:G06,16927.305,5358.209,8246.339,8616.155,39148.0,:G07,16801.08,5752.0044,8574.404,8574.511,39702.0,:G09,17318.299,5677.0703,8952.381,6529.257,38477.0,:G10,16545.018,5418.9233,8126.3896,8107.6743,38198.0,:G16,17518.104,5582.6997,8510.308,8798.894,40410.0,:G17,16586.332,5689.817,8547.301,8336.559,39160.0,:G19,16831.445,5884.125,8471.718,8790.717,39978.0,:G20,17015.93,5466.9185,8421.869,7917.2847,38822.0,:G22,16700.975,5329.0884,7797.9536,7930.9917,37759.0,:G24,17016.293,5251.956,7840.6377,7903.124,38012.0,:G26,16694.746,7288.477,6664.902,6723.8867,37372.0
:G02,16252.338,5216.112,8186.6113,8194.95,37850.0,:G04,17398.957,5439.8604,8121.542,8183.6494,39144.0,:G06,16984.854,5459.165,8303.155,8732.821,39480.0,:G07,17163.17,5841.5605,8825.361,8877.908,40708.0,:G09,14721.391,6416.4985,9417.22,9224.887,39780.0,:G10,17511.523,5766.497,8191.1777,8513.821,39983.0,:G16,16437.031,5286.126,8035.8096,7822.0317,37581.0,:G17,17466.29,5868.3184,8988.555,8912.831,41236.0,:G19,15302.981,5708.761,8161.04,8427.225,37600.0,:G20,17704.96,5640.9536,8424.367,9245.734,41016.0,:G22,16642.125,5393.924,8130.9277,7801.037,37968.0,:G24,16468.97,5373.201,7770.669,8007.1606,37620.0,:G26,17275.867,7432.3633,6921.403,7169.3687,38799.0
:G02,16967.047,5454.2656,8379.478,7824.2144,38625.0,:G04,17201.352,5616.2764,8486.226,8020.1494,39324.0,:G06,17400.73,5417.4175,8220.874,8184.977,39224.0,:G07,17339.008,5989.6743,8969.801,9012.523,41311.0,:G09,16068.066,5815.3364,8693.618,8910.988,39488.0,:G10,17454.596,5782.5913,8091.0093,8008.8228,39337.0,:G16,17652.309,5756.492,8373.7705,8488.44,40271.0,:G17,17059.357,5791.8867,8610.375,8697.376,40159.0,:G19,16026.655,5710.1934,8816.113,9059.042,39612.0,:G20,16771.113,5562.518,8096.3076,7821.058,38251.0,:G22,16859.97,5614.3765,8160.0923,8189.5522,38824.0,:G24,17303.56,5392.132,8689.096,8329.22,39714.0,:G26,16051.257,7325.0527,6649.856,6825.8296,36852.0
:G02,16933.791,5762.129,8312.682,8433.392,39442.0,:G04,17225.041,5411.3545,8279.603,8424.0,39340.0,:G06,16673.172,5321.9556,7823.0923,7793.7773,37612.0,:G07,16082.946,5852.581,8946.334,8631.155,39513.0,:G09,16053.113,5828.1167,8591.31,8862.47,39335.0,:G10,16665.83,5498.4463,7550.523,7679.2036,37394.0,:G16,17101.51,5385.7246,7835.6445,7975.134,38298.0,:G17,16416.83,7024.762,9448.4,6941.008,39831.0,:G19,16409.896,5910.296,9299.731,8850.091,40470.0,:G20,16696.477,5610.7583,8131.656,8317.109,38756.0,:G22,17386.576,5503.5234,8324.259,8997.643,40212.0,:G24,16595.938,5455.8057,7681.232,7609.0205,37342.0,:G26,17278.303,7237.8613,6976.065,6862.7773,38355.0
:G02,16974.55,5460.1396,7946.2617,7906.0464,38287.0,:G04,16874.287,5725.355,8308.965,8491.4,39400.0,:G06,16678.9,5324.493,8051.671,8059.9316,38115.0,:G07,16863.154,5983.1553,8767.66,8786.05,40400.0,:G09,17411.693,5857.7993,9112.817,8858.692,41241.0,:G10,16586.023,5483.3647,8277.351,8236.267,38583.0,:G16,16416.742,5475.253,7568.692,7796.3096,37257.0,:G17,17625.9,5973.9336,9210.349,8819.816,41630.0,:G19,16383.086,6115.6265,9094.868,8842.414,40436.0,:G20,18165.2,5761.849,8613.241,9031.711,41572.0,:G22,16866.871,5322.0527,8360.723,8244.344,38794.0,:G24,15982.098,5209.3945,7636.5654,7611.9473,36440.0,:G26,16719.857,7619.0044,6948.2397,7166.8984,38454.0
:G02,17265.818,5640.414,7942.9043,8184.8726,39034.0,:G04,16917.295,5457.404,8096.2207,8046.086,38517.0,:G06,17418.902,5786.363,8446.047,8400.694,40052.0,:G07,16472.094,6156.8423,8953.984,8899.072,40482.0,:G09,15585.142,6338.78,9270.896,9120.1875,40315.0,:G10,16960.041,5375.503,8174.058,8202.406,38712.0,:G16,16766.047,5338.896,8318.2295,8348.832,38772.0,:G17,17129.184,6035.268,9001.365,8708.173,40874.0,:G19,17713.602,6187.5127,9323.713,9212.167,42437.0,:G20,17348.062,5787.775,8291.499,8141.6753,39569.0,:G22,17273.205,5611.9927,8241.265,8168.539,39295.0,:G24,17212.947,5817.807,8153.0684,8468.176,39652.0,:G26,16616.623,7363.064,6478.7534,6913.594,37372.0
:G02,16987.256,5522.764,8039.998,7783.9775,38334.0,:G04,17331.15,5732.276,8131.685,8329.887,39525.0,:G06,16505.15,5467.85,7717.2866,7964.7104,37655.0,:G07,15267.922,5637.2544,8099.935,8455.899,37461.0,:G09,15461.813,5630.7417,8307.356,8528.082,37928.0,:G10,16478.83,5445.17,7713.246,7677.7534,37315.0,:G16,16164.618,5167.6743,7952.931,7934.774,37220.0,:G17,15384.735,6389.5586,9221.587,9486.1045,40482.0,:G19,15428.833,5797.1045,8571.359,8422.697,38220.0,:G20,16493.771,5329.9453,8745.539,8402.743,38972.0,:G22,17419.963,5794.3164,8657.892,8523.827,40396.0,:G24,16677.848,5555.961,8048.457,8412.746,38695.0,:G26,16815.803,7329.0405,6576.5156,6713.656,37435.0
:G02,16257.024,5396.0205,7951.6133,7997.3413,37602.0,:G04,17845.723,5790.7637,8454.3,8220.209,40311.0,:G06,16477.434,5241.636,8214.522,8302.407,38236.0,:G07,16864.553,5594.7754,8601.388,8677.281,39738.0,:G09,15936.65,6709.826,9452.224,9616.303,41715.0,:G10,16935.387,5812.8135,7954.635,8013.165,38716.0,:G16,16258.387,5228.556,7598.2095,7488.8374,36574.0,:G17,16479.482,6104.805,8796.722,9152.99,40534.0,:G19,17619.91,6114.25,9639.139,6938.684,40312.0,:G20,16723.574,5310.36,8249.081,7840.9937,38124.0,:G22,16654.79,5581.647,7905.549,7783.0073,37925.0,:G24,16753.686,5398.807,8381.458,7963.0444,38497.0,:G26,17198.0,7269.244,6704.1626,6754.5938,37926.0
:G02,17449.19,5589.6704,8592.707,8504.443,40136.0,:G04,16817.74,5520.984,7871.323,7893.9463,38104.0,:G06,17082.73,5640.778,8321.9795,8128.513,39174.0,:G07,15978.444,6182.75,6881.0103,9303.8,38346.0,:G09,17334.646,5881.9263,8988.038,9004.387,41209.0,:G10,17400.256,5509.486,8115.2217,8099.044,39124.0,:G16,17220.775,5615.208,8339.624,8367.418,39543.0,:G17,17886.268,5991.154,8990.44,9025.147,41893.0,:G19,16544.04,5705.964,8444.732,8277.276,38972.0,:G20,16760.602,5388.1123,7971.032,7931.252,38051.0,:G22,18010.969,5766.814,8977.933,9098.273,41854.0,:G24,17243.268,5440.2563,8094.2827,8551.2,39329.0,:G26,16617.713,7237.7095,6767.199,6882.3774,37505.0
:G02,17188.502,5771.7173,8087.9326,8075.86,39124.0,:G04,16220.119,5449.6646,7805.232,7663.9937,37139.0,:G06,16955.781,5261.732,8058.2,8391.284,38667.0,:G07,17215.492,5977.6987,8665.914,8839.878,40699.0,:G09,16607.396,5622.715,8640.264,8386.618,39257.0,:G10,17812.709,5613.0117,8601.399,8650.878,40678.0,:G16,16443.91,5357.926,7913.1914,7772.9688,37488.0,:G17,15476.675,5646.358,8407.141,8718.827,38249.0,:G19,16001.404,6151.4443,8798.708,8954.442,39906.0,:G20,17226.297,5639.886,8060.2812,8181.5273,39108.0,:G22,17212.652,5278.107,8681.513,8390.722,39563.0,:G24,17089.996,5441.7773,8331.205,8207.026,39070.0,:G26,16881.572,7171.4995,6523.3647,6793.571,37370.0
:G02,16269.275,5542.1343,8103.158,7790.4297,37705.0,:G04,16067.792,5300.772,8119.064,7617.3794,37105.0,:G06,18090.508,5864.602,9018.037,8616.852,41590.0,:G07,16021.443,6381.698,9144.023,9340.838,40888.0,:G09,15559.721,5972.987,8830.868,8854.427,39218.0,:G10,16486.824,5247.7236,8078.6333,7752.819,37566.0,:G16,16844.146,5353.7393,8181.725,8383.382,38763.0,:G17,16050.116,5634.2993,8297.148,8855.445,38837.0,:G19,15442.404,5700.518,8296.1045,8173.976,37613.0,:G20,17067.662,5494.2827,8904.693,8351.365,39818.0,:G22,17666.709,5522.497,8482.766,8257.01,39929.0,:G24,17141.018,5828.6074,8504.035,8163.348,39637.0,:G26,16409.414,7171.1997,6766.8276,6614.551,36962.0
:G02,17262.662,5479.909,8068.397,7922.0293,38733.0,:G04,16746.74,5408.7847,7966.0522,8135.4424,38257.0,:G06,16735.059,5156.2656,7985.9307,8184.742,38062.0,:G07,15470.621,5753.0566,8411.065,8599.261,38234.0,:G09,15858.412,6454.705,9374.7705,9341.119,41029.0,:G10,18041.863,5945.2607,9095.183,8823.699,41906.0,:G16,17784.51,5824.8237,8114.0654,8478.595,40202.0,:G17,15750.017,5990.1123,8799.553,8472.321,39012.0,:G19,14776.782,6457.5576,9218.897,9239.76,39693.0,:G20,17347.205,5860.043,8264.576,8135.1616,39607.0,:G22,16831.805,5462.241,8428.571,8419.388,39142.0,:G24,17165.748,5737.9375,8254.998,8379.318,39538.0,:G26,16897.926,7334.2383,6805.3164,6623.53,37661.0
:G02,16922.943,5574.878,7881.8936,8343.289,38723.0,:G04,16316.71,5193.3457,7507.6753,7443.2573,36461.0,:G06,17386.7,5665.9355,8504.343,8509.033,40066.0,:G07,17719.668,6162.1704,9106.324,9122.821,42111.0,:G09,17399.164,5977.994,9040.379,9000.474,41418.0,:G10,16656.037,5221.009,8297.997,8431.959,38607.0,:G16,16027.034,5227.008,7484.5674,7407.383,36146.0,:G17,16905.256,5701.3115,8655.891,8518.541,39781.0,:G19,14785.478,6463.062,9281.994,9414.46,39945.0,:G20,16755.943,5461.968,8151.1147,7822.966,38192.0,:G22,17048.4,5406.4746,8182.436,8721.69,39359.0,:G24,16782.496,5622.311,7979.5933,8450.6045,38835.0,:G26,17311.861,7342.856,6770.4966,6804.771,38230.0
:G02,17401.701,5694.72,8036.11,8194.463,39327.0,:G04,16568.348,5368.0044,7985.818,7636.82,37559.0,:G06,17148.074,5686.5557,8030.65,8259.712,39125.0,:G07,15359.946,5738.9688,8589.032,8514.067,38202.0,:G09,15064.359,5491.8784,8027.221,8169.541,36753.0,:G10,17238.936,5617.881,8197.706,8014.4795,39069.0,:G16,16620.994,5283.4946,8205.488,7831.0225,37941.0,:G17,16880.506,5582.1343,8689.158,8388.195,39540.0,:G19,16218.179,6095.1084,9311.152,8861.556,40486.0,:G20,17814.057,5835.1167,8256.192,8196.635,40102.0,:G22,17971.213,5812.017,8795.427,9381.332,41960.0,:G24,16998.191,5283.6035,8307.736,8153.4688,38743.0,:G26,17600.459,7468.7363,6913.5156,6936.312,38919.0
:G02,16568.691,5628.8647,7986.97,8457.468,38642.0,:G04,16563.982,5264.685,7748.482,7789.849,37367.0,:G06,17966.412,5722.924,9083.747,8854.896,41628.0,:G07,15236.369,5564.2026,8445.802,8372.624,37619.0,:G09,16489.955,6297.2876,8771.659,8917.099,40476.0,:G10,17475.08,5656.0405,8422.003,8795.882,40349.0,:G16,17893.076,5998.418,8337.179,8315.317,40544.0,:G17,16900.545,5680.5366,8790.529,8803.385,40175.0,:G19,16257.661,5866.69,8946.065,9264.59,40335.0,:G20,17083.541,5477.902,8077.4736,8251.083,38890.0,:G22,17092.717,5627.3447,8216.426,8507.511,39444.0,:G24,17297.178,5846.209,8316.952,8256.652,39717.0,:G26,17049.936,7187.8687,6378.439,6880.7476,37497.0
:G02,16735.463,5392.978,8154.1865,8094.3706,38377.0,:G04,17185.09,5751.841,8004.1226,8264.946,39206.0,:G06,17510.758,6119.968,8193.625,8221.641,40046.0,:G07,16123.206,6042.2476,8974.948,8886.597,40027.0,:G09,16786.977,5920.5586,9064.51,9034.956,40807.0,:G10,17181.672,5553.9165,8125.8633,8158.5483,39020.0,:G16,16277.562,5511.7314,7709.323,7793.3755,37292.0,:G17,15993.1045,5767.299,8764.638,8694.964,39220.0,:G19,16046.172,5396.9424,8584.608,8294.264,38322.0,:G20,17698.256,5983.3213,8623.637,8511.777,40817.0,:G22,16723.307,5678.275,7840.3037,8186.1216,38428.0,:G24,16959.633,5492.882,8300.586,7894.9062,38648.0,:G26,17093.508,7200.3315,6741.0835,7025.0776,38060.0
:G02,17026.262,5577.327,7977.163,8245.242,38826.0,:G04,16448.688,5026.3525,7888.681,7739.286,37103.0,:G06,16145.462,5150.9014,7799.128,7424.516,36520.0,:G07,16518.393,5989.2407,8814.418,9129.945,40452.0,:G09,17063.049,5946.3584,8662.89,8796.708,40469.0,:G10,16700.346,5503.787,8082.517,8022.3477,38309.0,:G16,16937.12,5299.5073,7942.823,7931.553,38111.0,:G17,16644.408,5823.534,7038.709,9273.347,38780.0,:G19,15465.452,5703.5205,8478.964,8453.066,38101.0,:G20,16916.414,5496.3413,7974.3013,8133.952,38521.0,:G22,17122.002,5644.081,8234.604,8214.324,39215.0,:G24,17247.13,5705.128,8762.278,8349.462,40064.0,:G26,16399.787,7423.321,6617.4595,6809.4336,37250.0
