:R02,18458.299,8281.958,8224.192,8437.546,43402.0,:R04,19247.117,8087.4824,8118.1685,8196.264,43649.0,:R06,18000.447,7921.084,7971.57,8184.9136,42078.0,:R07,18468.367,8721.987,8777.41,8616.229,44584.0,:R09,18835.076,9073.737,8927.224,9149.954,45986.0,:R10,16166.174,8847.894,8763.093,8482.851,42260.0,:R16,19117.328,8339.167,8409.686,8061.8193,43928.0,:R17,18659.768,8824.36,8804.17,8549.687,44838.0,:R19,19103.26,9211.055,9263.361,9304.332,46882.0,:R20,20831.164,9019.574,9305.366,9735.918,48892.0,:R22,19904.615,8895.217,8660.13,8738.051,46198.0,:R24,17043.12,9249.022,9314.459,9232.408,44839.0,:R26,16133.895,6263.8945,6330.1294,6371.0864,35099.0
:R02,19862.488,8477.616,8880.812,8213.087,45434.0,:R04,19862.234,9227.433,8632.807,9201.526,46924.0,:R06,20615.375,9114.903,8930.298,9033.421,47694.0,:R07,16818.76,7865.1816,8093.5083,7893.5596,40671.0,:R09,19055.959,9513.792,8671.355,8948.879,46190.0,:R10,19621.723,8329.266,8413.569,8388.452,44753.0,:R16,19979.303,9061.596,8572.538,8859.573,46473.0,:R17,18294.672,8595.13,8276.363,8333.843,43500.0,:R19,17327.967,8237.518,8087.296,8520.22,42173.0,:R20,19640.99,9063.341,8406.777,9075.892,46187.0,:R22,18980.96,7736.052,8169.2485,7932.7603,42819.0,:R24,19155.441,8359.155,8602.813,8282.601,44400.0,:R26,15016.961,6282.381,6062.928,6232.7207,33595.0
:R02,20063.932,8571.719,8914.123,9013.237,46563.0,:R04,19027.92,8374.64,8167.9126,8159.519,43730.0,:R06,19006.533,8116.617,8232.134,8350.725,43706.0,:R07,18523.88,8984.985,8981.051,8891.093,45381.0,:R09,18320.27,9011.868,8448.289,8819.58,44600.0,:R10,19526.768,8612.772,8807.17,8523.286,45470.0,:R16,19323.719,8552.139,8600.489,8632.664,45109.0,:R17,18565.908,8518.1,9058.648,9062.338,45205.0,:R19,18136.953,8511.328,8316.847,8269.873,43235.0,:R20,20125.197,8534.965,9296.972,8860.8545,46818.0,:R22,18678.088,8061.046,8099.0503,8131.8057,42970.0,:R24,19474.596,8699.892,8340.836,8662.702,45178.0,:R26,15222.038,6445.1694,6350.4263,6367.4,34385.0
:R02,19735.67,8725.493,8541.783,8340.045,45343.0,:R04,20064.004,8640.225,8679.699,8428.065,45812.0,:R06,19183.041,8555.71,8320.505,8330.749,44390.0,:R07,18483.33,8698.529,8952.87,8542.275,44677.0,:R09,17936.33,8317.215,8404.525,8627.927,43286.0,:R10,19794.006,8557.508,8481.235,8383.287,45216.0,:R16,19247.18,8658.6455,8626.741,8502.422,45035.0,:R17,18709.816,8415.42,9199.3545,8786.386,45111.0,:R19,16247.198,8783.96,8784.384,9347.469,43163.0,:R20,19890.623,8589.957,8965.418,8535.005,45981.0,:R22,19851.781,8573.006,8760.579,8272.65,45458.0,:R24,18640.91,8441.025,8349.434,8470.622,43902.0,:R26,15822.836,6192.6772,6383.5063,6249.9844,34649.0
:R02,20265.6,8794.961,9145.564,9159.876,47366.0,:R04,19096.715,8564.892,8751.718,8487.689,44901.0,:R06,19066.697,8370.51,8330.65,8356.144,44124.0,:R07,19049.281,9176.243,9625.154,8871.306,46722.0,:R09,16436.71,8684.636,8745.868,8950.801,42818.0,:R10,19600.99,8307.303,8359.979,8581.745,44850.0,:R16,19706.033,8677.9375,8387.742,8474.29,45246.0,:R17,18387.07,8783.437,8767.798,8766.679,44705.0,:R19,18303.121,9019.915,8323.377,8773.586,44420.0,:R20,19006.707,8365.911,8595.139,8071.2456,44039.0,:R22,20024.613,9257.1875,9232.481,9399.725,47914.0,:R24,16417.537,8598.04,8551.96,8653.478,42221.0,:R26,15169.095,6236.764,6161.692,6211.444,33779.0
:R02,19717.512,9039.451,8887.938,8961.102,46606.0,:R04,19427.355,8453.448,8138.993,8300.209,44320.0,:R06,19862.805,8830.681,8725.552,8609.968,46029.0,:R07,17981.176,8395.142,8226.389,8482.29,43085.0,:R09,17725.354,8370.077,8417.951,8138.6226,42652.0,:R10,20150.414,9304.284,9058.664,9081.647,47595.0,:R16,19428.256,8079.257,8342.0,8324.494,44174.0,:R17,16840.275,7883.989,7946.8584,7809.883,40481.0,:R19,18008.375,8889.679,8607.349,8943.58,44449.0,:R20,19355.35,8826.478,8806.463,8801.73,45790.0,:R22,16969.957,9128.029,9002.684,9329.341,44430.0,:R24,19236.6,8540.808,9002.374,8918.201,45698.0,:R26,14249.981,6280.719,6225.154,6238.1167,32994.0
:R02,19803.973,9001.079,8839.732,8962.238,46607.0,:R04,19388.512,8497.79,8300.668,8046.0273,44233.0,:R06,19359.068,8708.147,8267.104,8599.685,44934.0,:R07,17853.379,8604.293,8298.342,8349.0,43105.0,:R09,18330.572,8578.417,8845.348,8562.665,44317.0,:R10,20315.316,8549.86,9458.898,9158.916,47483.0,:R16,16302.536,8805.555,8905.584,8495.336,42509.0,:R17,18247.877,8539.696,8623.467,8628.969,44040.0,:R19,17994.346,8675.489,8419.342,8590.82,43680.0,:R20,19487.389,8500.834,8631.117,8682.682,45302.0,:R22,19377.754,8434.235,8871.654,8256.353,44940.0,:R24,20443.826,9094.668,8857.266,8699.213,47095.0,:R26,15805.461,6374.7573,6410.205,6391.5835,34982.0
:R02,19053.04,8448.691,7989.792,8239.469,43731.0,:R04,18486.518,8140.6006,7979.0547,7983.7954,42590.0,:R06,19099.418,8252.306,8393.339,8564.938,44310.0,:R07,17711.95,8548.311,8466.519,8588.225,43315.0,:R09,16493.455,8897.831,8879.13,9125.59,43396.0,:R10,19931.49,8606.72,8686.523,8887.288,46112.0,:R16,18410.475,9946.767,9987.1,10059.655,48404.0,:R17,16930.752,9444.539,9452.731,7536.9717,43365.0,:R19,18006.828,8301.163,8524.361,8137.648,42970.0,:R20,19176.865,8774.008,8036.378,8657.752,44645.0,:R22,20947.535,9224.515,9221.761,8910.186,48304.0,:R24,19153.31,8564.863,8480.894,8358.947,44558.0,:R26,15236.738,6292.9155,6145.481,6261.885,33937.0
:R02,18636.127,7990.447,8092.301,8056.1367,42775.0,:R04,19923.492,8797.609,8634.165,8685.728,46041.0,:R06,16815.717,9170.402,8955.952,9565.953,44508.0,:R07,17582.348,8750.569,8321.508,8211.57,42866.0,:R09,17920.912,8457.038,8613.21,8120.842,43112.0,:R10,19893.02,8406.066,8632.475,8670.438,45602.0,:R16,19730.84,8069.3374,8432.073,8352.754,44585.0,:R17,17711.213,8367.276,8440.47,8523.027,43042.0,:R19,17790.016,6964.333,9543.02,9513.619,43811.0,:R20,19563.932,8709.88,8427.048,8540.162,45241.0,:R22,18867.172,8432.736,8218.129,8161.952,43680.0,:R24,19738.457,8093.555,8699.329,8611.675,45143.0,:R26,15150.376,6424.2036,6126.7876,6380.6343,34082.0
:R02,19407.334,8372.722,8745.564,8740.367,45266.0,:R04,18989.197,8302.272,8449.403,8905.107,44646.0,:R06,16763.736,9476.61,9324.641,9339.017,44904.0,:R07,18128.246,8661.938,8702.708,8300.1,43793.0,:R09,16109.379,8820.354,8535.949,9003.317,42469.0,:R10,20017.965,8764.603,9126.724,8837.685,46747.0,:R16,17296.459,9633.418,9684.683,9264.454,45879.0,:R17,17558.363,8252.855,8119.694,8369.081,42300.0,:R19,16209.101,9117.814,9027.848,9091.228,43446.0,:R20,16889.398,9102.883,9177.284,9098.43,44268.0,:R22,20032.307,8940.701,8435.019,8381.971,45790.0,:R24,19000.207,8091.6523,8285.763,8100.3926,43478.0,:R26,14375.378,6262.424,6257.043,6098.188,32993.0
:R02,19973.748,8748.71,8647.909,8420.642,45791.0,:R04,19263.393,8225.598,8323.148,8334.837,44147.0,:R06,19388.533,8659.927,8421.208,8396.331,44866.0,:R07,18542.277,8697.518,8953.043,8534.153,44727.0,:R09,16200.24,8724.869,8601.296,8557.595,42084.0,:R10,20481.164,9007.3955,9584.095,9477.357,48550.0,:R16,19852.598,8731.53,8584.395,8887.477,46056.0,:R17,18330.688,8421.429,8483.465,8727.426,43963.0,:R19,18171.49,8483.635,8451.142,8467.734,43574.0,:R20,19420.896,8289.434,8737.774,8469.897,44918.0,:R22,19395.008,8782.67,8913.887,8704.447,45796.0,:R24,19386.451,8382.684,8390.294,8618.594,44778.0,:R26,15283.856,6103.9097,6137.356,6126.897,33652.0
:R02,19493.46,8529.707,8507.757,8344.0625,44875.0,:R04,18820.75,7956.288,8148.0713,7909.8936,42835.0,:R06,19100.229,8009.984,8242.161,8748.625,44101.0,:R07,18737.902,9292.011,8928.1045,8830.98,45789.0,:R09,16908.662,9421.152,9185.849,9408.351,44924.0,:R10,19278.01,8108.7065,8554.044,8455.237,44396.0,:R16,18714.55,8291.168,8040.273,7978.992,43025.0,:R17,18456.79,8515.059,8955.716,8770.4375,44698.0,:R19,17394.566,8107.249,8204.24,8112.945,41819.0,:R20,19488.445,8486.096,8319.819,8356.639,44651.0,:R22,19432.307,8976.902,8582.08,8902.711,45894.0,:R24,19613.096,8824.087,8616.081,8733.733,45787.0,:R26,15264.692,6141.764,6275.6616,6384.8843,34067.0
:R02,19872.295,8459.13,8716.284,8670.262,45718.0,:R04,19190.705,8412.649,8493.236,8024.3945,44121.0,:R06,18084.764,7847.0283,7921.6816,8249.54,42103.0,:R07,17889.217,8560.745,8169.4136,8350.612,42970.0,:R09,16420.312,9370.477,9180.468,9102.759,44074.0,:R10,19206.605,8687.932,8570.542,8357.927,44823.0,:R16,19619.51,8572.139,8819.629,8385.715,45397.0,:R17,16814.168,8767.225,9009.933,9156.682,43748.0,:R19,17595.049,8319.569,8074.0386,8176.3433,42165.0,:R20,20002.092,8930.449,8480.217,9177.251,46590.0,:R22,19432.594,8777.625,8585.896,8438.893,45235.0,:R24,18940.518,8468.6455,8448.188,8147.6646,44005.0,:R26,14960.095,6216.434,6146.4316,6308.029,33631.0
:R02,19353.057,8456.007,9006.576,8651.365,45467.0,:R04,20116.805,9010.779,8756.503,8997.922,46882.0,:R06,19349.441,8511.281,8006.0693,8431.215,44298.0,:R07,19148.555,8952.966,8995.024,6419.4624,43516.0,:R09,16544.27,9238.201,9280.984,9179.544,44243.0,:R10,20510.928,8969.576,8832.469,8777.023,47090.0,:R16,20107.896,8617.987,8639.016,8976.108,46341.0,:R17,17860.63,8423.365,8409.51,8036.4917,42730.0,:R19,17991.398,8588.111,8547.457,8410.017,43537.0,:R20,16137.166,8970.9375,8922.751,8662.138,42693.0,:R22,19814.906,8946.863,8311.582,8789.64,45863.0,:R24,19084.79,8416.265,8718.209,8169.7515,44389.0,:R26,15230.648,6250.031,6223.68,6226.6265,33931.0
:R02,19132.084,8395.405,8447.676,8395.849,44371.0,:R04,19655.19,8409.048,8163.8223,8321.924,44550.0,:R06,20026.281,8619.909,8629.784,8580.0205,45856.0,:R07,18788.08,8429.076,9043.264,8959.583,45220.0,:R09,17460.67,8188.0713,7821.103,7926.154,41396.0,:R10,18973.795,8048.787,7941.9,8224.527,43189.0,:R16,19935.469,8752.576,8939.161,8821.785,46449.0,:R17,18323.686,8895.676,8929.568,8295.057,44444.0,:R19,18637.146,8930.291,8674.837,8346.748,44589.0,:R20,19777.014,8360.704,8408.468,8273.809,44820.0,:R22,19677.781,9154.651,8738.179,8447.37,46018.0,:R24,17058.02,9030.279,8907.142,9332.566,44328.0,:R26,14577.348,5922.6304,6016.568,5865.465,32382.0
:R02,19654.098,8623.291,8750.911,8800.695,45829.0,:R04,20738.059,9231.261,8768.215,9047.498,47785.0,:R06,18727.646,8133.21,8228.057,7843.0854,42932.0,:R07,16019.252,8782.553,8656.563,9183.647,42642.0,:R09,19086.717,9107.568,9120.202,9305.509,46620.0,:R10,20162.814,8472.48,9156.107,8414.609,46206.0,:R16,19212.053,8248.472,8407.572,7892.9106,43761.0,:R17,17690.992,8193.853,8777.318,8524.84,43187.0,:R19,17894.582,8606.734,8474.172,8579.516,43555.0,:R20,19813.371,8753.264,9015.158,8921.207,46503.0,:R22,19825.84,8966.292,8436.312,8798.555,46027.0,:R24,20653.967,9288.757,8906.443,9345.848,48195.0,:R26,15670.258,6278.3223,6152.5073,6094.9043,34196.0
:R02,19687.1,8398.858,8500.105,8909.94,45496.0,:R04,20197.129,8764.872,9016.91,9175.102,47154.0,:R06,20315.41,9521.069,9562.857,9152.669,48552.0,:R07,16624.404,9459.571,9810.789,9527.265,45422.0,:R09,16931.932,9643.122,10042.087,9429.847,46047.0,:R10,16400.852,8888.238,8952.736,8833.17,43075.0,:R16,19642.078,8395.303,8611.203,8485.408,45134.0,:R17,17586.932,8473.188,8083.748,7867.14,42011.0,:R19,17251.82,9901.503,10098.25,10188.428,47440.0,:R20,19906.992,8543.402,8638.472,8610.134,45699.0,:R22,19688.678,8640.109,8778.067,8771.152,45878.0,:R24,19299.762,8387.248,8486.996,8614.977,44789.0,:R26,15178.559,6215.352,6119.155,6222.922,33736.0
:R02,19481.514,8870.031,8996.358,8873.112,46221.0,:R04,19445.297,8281.843,8313.623,8400.237,44441.0,:R06,20294.01,8921.168,9079.151,9083.671,47378.0,:R07,18145.148,8641.24,9028.742,8462.848,44278.0,:R09,17980.99,8246.823,8037.5835,8611.609,42877.0,:R10,19365.646,8705.531,8498.353,8514.472,45084.0,:R16,19904.166,8727.868,8409.998,8707.97,45750.0,:R17,18101.807,8178.129,8274.329,8851.724,43406.0,:R19,18287.375,8855.441,8303.109,9106.076,44552.0,:R20,19733.941,8256.216,8503.646,8169.221,44663.0,:R22,16552.15,9237.583,8996.892,8917.377,43704.0,:R24,19845.047,9063.43,8857.025,8604.518,46370.0,:R26,15672.216,6316.647,6614.645,6353.4897,34957.0
:R02,19626.828,8688.682,8455.711,8940.789,45712.0,:R04,19074.598,7933.4473,8419.652,8177.3086,43605.0,:R06,19807.479,8505.452,8592.795,8713.284,45619.0,:R07,18252.719,8586.804,8733.721,8348.749,43922.0,:R09,18752.502,8942.943,8981.048,9007.485,45684.0,:R10,19678.246,8739.772,8453.7705,8942.209,45814.0,:R16,16170.7705,8940.856,8794.939,8997.445,42904.0,:R17,18714.688,8601.168,9047.382,8962.766,45326.0,:R19,17764.725,8343.197,8180.5996,8205.474,42494.0,:R20,16894.072,9145.765,9515.701,9148.465,44704.0,:R22,20191.936,8733.82,8916.712,8705.527,46548.0,:R24,20443.748,9333.905,8785.312,9027.035,47590.0,:R26,15376.96,6200.0312,6322.2866,5922.723,33822.0
:R02,19917.336,8823.888,8438.565,8946.196,46126.0,:R04,19326.998,8923.94,8476.182,8912.879,45640.0,:R06,20927.248,9578.8955,10015.537,9499.331,50021.0,:R07,18073.42,8323.863,8598.268,8286.436,43282.0,:R09,17661.154,8247.934,8415.468,8168.448,42493.0,:R10,19627.443,8627.339,8299.561,8449.651,45004.0,:R16,19065.646,8386.397,8296.215,8523.727,44272.0,:R17,18226.44,8218.892,8685.466,8453.204,43584.0,:R19,18525.768,8904.987,8542.749,8331.494,44305.0,:R20,20200.062,9157.036,8785.892,8884.007,47027.0,:R22,19927.586,9378.742,8968.011,8987.656,47262.0,:R24,18667.488,8115.5825,8144.17,8154.7744,43082.0,:R26,15121.003,6254.6694,6298.244,6226.0845,33900.0
:R02,19281.88,8208.859,8454.114,8115.141,44060.0,:R04,19854.504,9099.149,8968.09,8893.267,46815.0,:R06,19798.703,9020.463,8979.28,9242.569,47041.0,:R07,18630.281,8884.812,8875.236,9073.662,45464.0,:R09,16481.023,9108.571,8957.571,9240.837,43788.0,:R10,19373.467,8268.658,8788.517,8483.348,44914.0,:R16,20271.889,9435.485,8899.084,8931.543,47538.0,:R17,16500.6,9335.867,9372.593,9293.925,44503.0,:R19,18118.918,8839.39,8426.22,8444.462,43829.0,:R20,16451.79,8648.33,8831.601,9403.285,43335.0,:R22,18276.143,7823.23,7687.4424,8038.177,41825.0,:R24,20160.541,8636.126,9004.015,8409.312,46210.0,:R26,14859.657,6165.8423,6429.645,6236.8647,33692.0
:R02,20782.771,8800.45,9553.2,8807.568,47944.0,:R04,19229.404,8603.729,8329.861,8613.977,44777.0,:R06,19656.352,8514.034,8783.959,8695.639,45650.0,:R07,17289.754,8030.769,8333.077,7985.417,41639.0,:R09,17445.252,8091.391,8169.2935,8246.07,41952.0,:R10,19339.277,8429.416,8486.4795,8363.822,44619.0,:R16,18933.307,8523.379,8321.082,8079.2275,43857.0,:R17,18001.777,8895.652,8928.921,8303.654,44130.0,:R19,17426.344,8161.345,7982.205,8118.1006,41688.0,:R20,19213.344,8410.473,8267.288,8265.888,44157.0,:R22,19317.361,8295.725,8424.856,8495.066,44533.0,:R24,20358.45,8876.984,8558.151,8593.418,46387.0,:R26,15301.1875,6135.8413,6048.924,6122.0547,33608.0
:R02,21121.584,9357.788,9841.436,9598.174,49919.0,:R04,19648.121,8712.017,8982.161,8308.702,45651.0,:R06,20096.9,9006.266,8686.028,8499.786,46289.0,:R07,16301.948,9202.333,9553.91,9296.814,44355.0,:R09,18360.943,9103.799,8962.001,9010.273,45437.0,:R10,19688.367,8273.633,8311.706,8632.288,44906.0,:R16,20220.51,8577.539,8724.532,8912.425,46435.0,:R17,18549.445,9104.429,8606.645,8656.503,44917.0,:R19,17611.795,8042.038,7901.4927,7983.6655,41539.0,:R20,19631.344,9217.934,8803.232,8880.487,46533.0,:R22,19934.79,8965.889,8538.631,8457.695,45897.0,:R24,19659.484,8391.044,8459.489,8381.977,44892.0,:R26,15335.968,6196.067,6160.7617,6325.2134,34018.0
:R02,20400.316,9166.993,8874.303,8837.383,47279.0,:R04,19742.918,8714.926,8538.045,8846.124,45842.0,:R06,19964.83,8493.349,8335.636,8609.177,45403.0,:R07,18684.002,8927.254,8796.343,8783.401,45191.0,:R09,16109.757,8810.512,8793.18,8769.563,42483.0,:R10,20366.156,8662.007,8443.531,8653.291,46125.0,:R16,19630.537,8567.4795,8465.087,8762.895,45426.0,:R17,16517.61,8969.735,8652.038,9069.619,43209.0,:R19,17434.863,7868.1675,8012.5283,7985.441,41301.0,:R20,20871.94,8920.554,9105.314,6548.197,45446.0,:R22,19623.889,8648.009,9107.356,8701.741,46081.0,:R24,18583.137,7736.5464,7845.735,7587.5903,41753.0,:R26,15812.767,6223.6187,6271.8184,6348.7876,34657.0
:R02,19591.39,9289.043,8800.501,8517.063,46198.0,:R04,19810.79,8815.567,8982.801,9178.843,46788.0,:R06,18745.068,8039.669,8199.278,8387.976,43372.0,:R07,16190.78,9093.974,9006.75,8714.478,43006.0,:R09,16378.366,9451.61,9445.323,9349.71,44625.0,:R10,19517.848,8673.487,8375.905,8687.75,45255.0,:R16,19822.824,8780.779,9145.565,8603.825,46353.0,:R17,18344.408,8660.896,8731.393,8840.3125,44577.0,:R19,17282.836,8311.041,8138.685,8028.4434,41761.0,:R20,19682.459,8441.311,8187.9214,8333.307,44645.0,:R22,19663.967,8245.178,8159.212,8701.625,44770.0,:R24,20292.285,9347.563,9342.537,8647.603,47630.0,:R26,15821.206,6290.49,6402.7676,6215.527,34730.0
:R02,19575.742,8991.904,8635.867,8642.476,45846.0,:R04,19417.895,8308.785,8371.962,8376.3545,44475.0,:R06,19561.1,8509.006,8371.671,8619.204,45061.0,:R07,17722.03,6996.6123,9723.09,9412.28,43854.0,:R09,18646.258,9051.367,7113.416,9017.951,43829.0,:R10,19727.223,8322.722,8264.106,8378.963,44693.0,:R16,18706.104,8096.833,8557.059,8279.007,43639.0,:R17,18011.309,8936.98,8671.728,8456.987,44077.0,:R19,17812.47,8840.496,8270.111,8428.915,43352.0,:R20,19144.645,8533.562,8233.322,8615.464,44527.0,:R22,19323.742,8229.594,8294.302,8382.359,44230.0,:R24,20218.883,8583.157,8999.795,8593.197,46395.0,:R26,14831.852,6098.346,6047.401,6285.398,33263.0
:R02,20045.38,8768.29,8572.624,8545.7,45932.0,:R04,19373.018,8220.998,8564.094,8147.889,44306.0,:R06,19536.762,8776.589,8522.841,9184.828,46021.0,:R07,18682.707,8761.714,8767.818,8866.76,45079.0,:R09,18224.506,8671.415,8795.689,8830.386,44522.0,:R10,20036.764,8778.242,9015.074,8716.917,46547.0,:R16,19192.785,8720.66,8222.838,8330.682,44467.0,:R17,17233.232,8258.579,8001.114,8055.073,41548.0,:R19,18402.586,8644.597,8606.157,8423.644,44077.0,:R20,19530.254,8582.313,8110.736,8357.703,44581.0,:R22,19529.893,8932.305,8213.604,8368.194,45044.0,:R24,19226.807,8889.642,8424.237,8741.316,45282.0,:R26,15599.863,6552.0933,6140.5415,6323.5215,34616.0
:R02,18933.322,8176.619,8001.1436,8167.909,43279.0,:R04,19143.662,8374.669,8150.9346,8484.745,44154.0,:R06,19335.15,8121.3643,8089.1006,8495.405,44041.0,:R07,15780.036,8557.666,8782.483,8690.83,41811.0,:R09,16641.557,9857.526,9908.257,9730.649,46138.0,:R10,19962.666,8699.279,9237.77,9034.279,46934.0,:R16,19108.277,8010.074,8186.478,8226.173,43531.0,:R17,18198.299,8645.356,8492.436,8294.894,43631.0,:R19,17823.682,8193.215,8409.68,8430.436,42857.0,:R20,19565.9,8770.033,8695.1875,8885.879,45917.0,:R22,18897.932,8453.444,8314.62,8237.014,43903.0,:R24,19081.592,8148.3154,7911.7695,8270.302,43412.0,:R26,14228.788,6251.486,6401.439,6028.2954,32910.0
:R02,20542.521,9109.659,9050.789,8591.005,47294.0,:R04,18930.846,8445.048,8309.443,8265.68,43951.0,:R06,19464.768,8400.548,8210.568,8095.109,44171.0,:R07,18394.172,8141.946,8615.883,8306.01,43458.0,:R09,17549.39,8451.433,8419.779,8107.393,42528.0,:R10,19787.842,8484.037,8482.488,8505.65,45260.0,:R16,19078.182,8274.842,7979.8945,8458.072,43791.0,:R17,16387.506,9211.719,9213.628,8876.152,43689.0,:R19,16174.987,8388.012,8563.581,8390.423,41517.0,:R20,20145.447,8780.703,8775.6875,8507.153,46209.0,:R22,20005.293,8465.283,8424.627,8421.793,45317.0,:R24,19230.066,8078.475,8532.935,8359.546,44201.0,:R26,15303.206,6121.5474,6056.817,6089.4253,33571.0
:R02,19727.78,8491.575,8232.428,8492.21,44944.0,:R04,19591.033,8332.029,8415.6455,8524.291,44863.0,:R06,18737.77,7970.7173,7961.6147,8114.899,42785.0,:R07,17672.152,8214.1,8201.581,8062.1797,42150.0,:R09,17585.002,8270.765,8334.697,8123.532,42314.0,:R10,18885.35,8341.082,8596.042,8234.551,44057.0,:R16,18852.604,8218.011,8670.375,8526.996,44268.0,:R17,18130.686,9860.394,9819.588,7313.3257,45124.0,:R19,17599.59,8297.918,8421.866,8401.636,42721.0,:R20,20462.598,9077.928,9383.2,9346.289,48270.0,:R22,19668.18,8718.0,8580.297,9156.529,46123.0,:R24,19681.818,8383.479,8578.099,8655.593,45299.0,:R26,15308.251,6314.2007,6111.2617,6190.2876,33924.0
:R02,19588.158,8084.9146,8292.673,8468.262,44434.0,:R04,19647.914,9162.189,8680.299,8787.579,46278.0,:R06,19036.773,8344.075,8549.584,8217.559,44148.0,:R07,17775.568,8152.908,8195.248,8259.266,42383.0,:R09,16211.125,9214.803,8877.925,8842.146,43146.0,:R10,19911.58,8971.268,8680.864,8981.298,46545.0,:R16,19562.426,8348.368,8715.8125,8438.405,45065.0,:R17,18063.406,8255.471,8380.803,8473.319,43173.0,:R19,17567.904,8221.869,8294.879,7932.3315,42017.0,:R20,17475.771,9446.983,9938.912,9718.343,46580.0,:R22,20278.545,8864.302,8590.308,9028.841,46762.0,:R24,19260.771,8051.8447,8474.656,8394.722,44182.0,:R26,15733.031,6245.3633,6225.7124,6166.877,34371.0
:R02,19057.05,8288.299,8331.009,8369.651,44046.0,:R04,20109.28,8866.267,8513.545,8695.888,46185.0,:R06,18678.082,7953.2925,7809.8267,7776.813,42218.0,:R07,17219.668,8468.831,7923.598,8083.8984,41696.0,:R09,18837.812,8808.195,8632.219,8899.765,45178.0,:R10,20290.615,9028.402,8819.475,8796.504,46935.0,:R16,19907.271,9036.782,8655.103,8815.839,46415.0,:R17,17936.945,8512.146,8484.53,8586.364,43520.0,:R19,18996.086,6365.9824,9288.739,8962.171,43613.0,:R20,19302.105,8261.528,8371.106,8245.249,44180.0,:R22,19443.023,8611.366,8168.383,8271.207,44494.0,:R24,19534.178,8644.504,9264.301,8955.029,46398.0,:R26,14858.062,6147.49,6232.76,6234.6772,33473.0
:R02,18860.041,8029.4316,8017.877,8023.6294,42931.0,:R04,18852.145,8242.803,8799.718,8404.342,44299.0,:R06,20097.572,8531.612,8769.059,8441.767,45840.0,:R07,18342.87,8538.872,8502.226,8884.023,44268.0,:R09,18741.588,8782.134,9020.923,9156.356,45701.0,:R10,20284.018,8611.68,8748.161,8958.145,46602.0,:R16,19571.033,8658.697,8248.718,8784.545,45263.0,:R17,17817.777,8255.247,8145.9385,8634.033,42853.0,:R19,17119.781,9069.085,9503.664,9415.457,45108.0,:R20,20103.889,8988.587,9012.993,8607.523,46713.0,:R22,19401.629,8600.389,8650.978,8440.996,45094.0,:R24,19220.398,8228.089,8569.198,8499.302,44517.0,:R26,15908.98,6242.7417,6301.8306,6440.4575,34894.0
:R02,19934.57,8224.726,8725.133,8621.562,45506.0,:R04,19526.484,8564.122,8500.926,8505.476,45097.0,:R06,19125.502,7750.138,8418.391,7987.9575,43282.0,:R07,18584.605,8555.795,9085.491,8789.125,45015.0,:R09,19000.986,9100.91,9230.453,8953.659,46286.0,:R10,19750.275,8639.209,9167.689,9216.834,46774.0,:R16,19571.81,8401.114,8367.616,8330.454,44671.0,:R17,16849.887,9171.517,8978.22,9546.377,44546.0,:R19,17634.783,8216.572,8530.378,8411.275,42793.0,:R20,19752.441,8566.087,8693.992,9012.473,46025.0,:R22,20024.832,8546.945,8682.4795,8469.735,45724.0,:R24,19595.51,8643.421,8476.445,8705.645,45421.0,:R26,14290.984,6037.268,5936.9883,6116.761,32382.0
:R02,18834.66,8186.0767,8185.865,8164.411,43371.0,:R04,19394.422,8393.585,8201.746,8581.256,44571.0,:R06,19277.143,8298.462,8412.838,8179.5703,44168.0,:R07,17350.338,8133.3574,8077.507,8302.797,41864.0,:R09,16855.998,9255.485,9520.711,9902.807,45535.0,:R10,19148.475,8311.8,8576.285,8466.465,44503.0,:R16,19807.707,8442.617,8665.93,8462.731,45379.0,:R17,18217.05,8607.855,8764.562,9003.534,44593.0,:R19,16942.465,9297.966,9407.304,9697.269,45345.0,:R20,20372.934,9114.307,9400.436,8615.317,47503.0,:R22,19922.986,8664.852,8467.873,8706.296,45762.0,:R24,19540.11,7975.4243,8395.101,8426.364,44337.0,:R26,15205.058,6283.0625,6104.285,6394.5913,33987.0
:R02,16974.09,9427.363,9563.7,9423.854,45389.0,:R04,19816.088,9139.492,8821.124,8764.287,46541.0,:R06,18442.367,7840.652,8417.627,8257.357,42958.0,:R07,18047.775,8189.347,8437.49,8513.383,43188.0,:R09,17669.322,8333.226,8180.0015,8463.439,42646.0,:R10,19888.03,8384.998,8330.556,8716.424,45320.0,:R16,18249.64,7875.5576,8100.327,7826.479,42052.0,:R17,16395.518,9332.307,9450.444,9454.709,44633.0,:R19,19476.59,9302.7295,9274.608,9411.083,47465.0,:R20,19960.63,9167.593,8953.791,8946.974,47029.0,:R22,19939.977,8757.937,8759.659,8813.435,46271.0,:R24,19833.613,8463.394,8438.87,9232.118,45968.0,:R26,14944.097,6286.355,6076.039,6396.51,33703.0
:R02,20154.14,8787.943,9005.7295,8704.209,46652.0,:R04,18213.525,7834.1777,8160.1323,7924.1597,42132.0,:R06,20062.172,9037.208,8842.514,8772.107,46714.0,:R07,16268.808,8873.036,9498.017,9117.152,43757.0,:R09,18044.771,8649.746,8604.853,8484.623,43784.0,:R10,19917.055,8856.555,8399.515,8420.899,45594.0,:R16,19740.057,8721.993,8805.103,8820.825,46088.0,:R17,16493.979,9257.961,9717.713,9099.352,44569.0,:R19,16197.235,8872.468,8499.571,8637.725,42207.0,:R20,19502.629,8509.199,8249.737,8375.441,44637.0,:R22,20444.068,9280.567,9462.971,6170.3955,45358.0,:R24,19812.268,8502.918,8717.63,8662.167,45695.0,:R26,14924.688,6335.81,6151.537,6044.9673,33457.0
:R02,18498.34,8022.25,7922.0024,8085.408,42528.0,:R04,18973.697,8509.2705,8163.61,8168.404,43815.0,:R06,16683.92,8997.64,8850.759,8904.672,43437.0,:R07,17678.613,8080.681,8093.984,8239.728,42093.0,:R09,18429.367,8085.956,8979.414,8528.256,44023.0,:R10,18883.234,8082.091,8794.077,8113.566,43873.0,:R16,18904.688,8297.515,8317.181,8165.6284,43685.0,:R17,17957.754,8425.126,8474.113,8577.019,43434.0,:R19,18168.15,8478.165,8769.911,8687.772,44104.0,:R20,18863.775,8199.404,7873.0835,8084.7256,43021.0,:R22,19783.94,8776.203,8369.888,8556.961,45487.0,:R24,19664.832,8717.092,8479.698,8183.3916,45045.0,:R26,15370.22,6285.6953,6587.5815,6204.5063,34448.0
:R02,18877.855,8571.562,8188.0645,8238.512,43876.0,:R04,19096.773,8375.719,8216.703,8542.807,44232.0,:R06,19709.559,8706.083,8361.337,8803.027,45580.0,:R07,18536.22,8504.524,8458.64,8469.609,43969.0,:R09,17588.945,8460.095,8175.653,8376.301,42601.0,:R10,18869.383,8408.251,8055.0747,7998.279,43331.0,:R16,19705.803,8805.657,9149.989,8713.551,46375.0,:R17,18363.795,8465.155,8589.019,8886.035,44304.0,:R19,18624.314,9100.496,9011.516,8703.684,45440.0,:R20,19392.037,8084.4385,8502.058,8300.48,44279.0,:R22,19232.406,8243.861,8380.832,8476.885,44334.0,:R24,19585.824,8327.527,8632.207,8732.448,45278.0,:R26,14666.778,6411.781,6007.3228,6156.117,33242.0
:R02,19843.021,8795.889,8808.395,8568.694,46016.0,:R04,19873.898,8109.7856,8429.763,8596.553,45010.0,:R06,19664.053,8348.908,8354.184,8302.857,44670.0,:R07,16378.155,9161.579,9062.896,8936.382,43539.0,:R09,19790.02,9697.739,9583.978,9326.27,48398.0,:R10,19188.637,8408.428,8355.101,8401.836,44354.0,:R16,20592.59,9141.631,8820.954,9378.847,47934.0,:R17,17562.912,8657.086,8520.184,8127.82,42868.0,:R19,17249.13,9787.605,9684.617,9450.659,46172.0,:R20,19907.46,8983.078,9136.604,8620.854,46648.0,:R22,18273.58,8027.057,7737.368,7942.9834,41981.0,:R24,19667.773,8633.443,8787.813,8582.937,45672.0,:R26,15775.832,6265.901,6492.018,6429.252,34963.0
:R02,20632.701,9503.654,9417.859,9202.78,48757.0,:R04,20354.064,9116.789,8831.944,9313.194,47616.0,:R06,20341.559,9102.417,9125.038,9437.987,48007.0,:R07,18283.482,8824.505,8377.037,8583.97,44069.0,:R09,17873.055,8313.648,8469.495,8328.776,42985.0,:R10,19994.367,8424.046,8785.538,8630.06,45834.0,:R16,19219.576,8206.882,8513.746,8130.794,44071.0,:R17,16372.427,9315.961,8491.965,9034.652,43215.0,:R19,17518.662,7043.458,10171.866,9724.015,44458.0,:R20,18925.625,8198.86,8309.088,8287.415,43721.0,:R22,20035.562,9021.275,8945.378,9079.806,47082.0,:R24,20534.73,9107.683,9019.196,9182.386,47844.0,:R26,15596.665,6552.3984,6308.985,6314.963,34773.0
:R02,18904.225,8453.103,8013.2407,8048.4307,43419.0,:R04,19496.244,8810.43,8349.502,8477.81,45134.0,:R06,20272.992,8786.254,8970.225,8830.507,46860.0,:R07,19477.424,9087.405,6758.049,9173.133,44496.0,:R09,18447.678,8595.952,8974.64,8918.723,44937.0,:R10,19956.15,8535.679,9070.388,8858.78,46421.0,:R16,19270.805,8441.62,8582.809,8638.75,44934.0,:R17,16038.48,8592.975,8978.975,8849.569,42460.0,:R19,17926.643,9055.999,8606.37,8804.976,44394.0,:R20,17316.734,9094.461,9002.846,9154.953,44569.0,:R22,19159.326,8425.4375,8092.326,8406.906,44084.0,:R24,18873.98,8198.998,7988.574,7863.4385,42925.0,:R26,15950.95,6332.193,6321.897,6314.975,34920.0
:R02,19912.842,8812.948,8953.686,9248.528,46928.0,:R04,20098.615,9088.159,8918.054,8965.187,47070.0,:R06,19643.182,9045.676,9176.593,8722.547,46588.0,:R07,17978.822,8556.97,8887.292,8790.914,44214.0,:R09,16195.984,9040.737,9052.708,9287.573,43577.0,:R10,19599.379,8621.755,8782.197,8843.662,45847.0,:R16,19374.898,8635.281,8554.723,8829.083,45394.0,:R17,17314.674,9646.174,9567.599,9592.54,46121.0,:R19,17195.918,7989.741,8274.368,8055.969,41516.0,:R20,20328.795,8734.634,8921.594,8581.971,46567.0,:R22,19786.352,8640.801,8741.256,8148.587,45317.0,:R24,18849.822,8337.203,8852.625,8717.362,44757.0,:R26,15984.858,6337.5312,6281.879,6405.7104,35010.0
:R02,17243.541,9197.838,9309.921,9008.685,44760.0,:R04,20079.406,8909.288,8525.124,8749.184,46263.0,:R06,20061.451,8854.052,8801.2705,9374.224,47091.0,:R07,16243.637,9177.655,8793.471,8609.228,42824.0,:R09,18109.797,8654.678,8622.502,8638.017,44025.0,:R10,16663.61,8862.221,9096.574,9036.609,43659.0,:R16,19764.455,8445.533,8465.627,8839.409,45515.0,:R17,18034.31,8370.011,8406.597,8169.083,42980.0,:R19,17770.316,9926.492,10159.15,7789.0244,45645.0,:R20,20300.748,8838.033,9030.044,8731.184,46900.0,:R22,19761.271,8785.642,8684.577,8710.504,45942.0,:R24,19681.537,8770.073,9046.633,8385.772,45884.0,:R26,15241.844,6407.8296,6362.4824,6421.846,34434.0
:R02,19643.527,8172.4214,8408.302,8050.7505,44275.0,:R04,19182.262,8753.242,8672.347,8247.126,44855.0,:R06,19995.422,8746.69,8587.093,8495.8,45825.0,:R07,18888.107,9260.943,9232.658,9017.288,46399.0,:R09,17602.326,8630.794,8058.0996,8084.796,42376.0,:R10,18369.586,7771.403,7938.5327,8219.478,42299.0,:R16,19880.422,8928.603,8739.519,9018.447,46567.0,:R17,19046.857,9092.849,9397.616,8852.661,46390.0,:R19,18762.604,8790.234,8749.22,9112.932,45415.0,:R20,19103.604,7922.8066,8330.749,8233.834,43591.0,:R22,18865.588,8381.621,8195.903,8456.885,43900.0,:R24,20265.113,8893.532,8899.313,8736.046,46794.0,:R26,15752.218,6212.199,6359.0005,6211.6,34535.0
:R02,19396.229,8761.79,8640.456,8224.54,45023.0,:R04,19686.137,8518.925,8449.756,8204.182,44859.0,:R06,19472.617,8434.998,8356.336,8434.051,44698.0,:R07,17714.08,8148.866,8244.375,8039.6885,42147.0,:R09,18058.959,8631.39,8466.256,8220.404,43377.0,:R10,19290.838,8271.844,8288.076,8682.246,44533.0,:R16,19664.182,8627.748,8301.902,8538.151,45132.0,:R17,17695.533,8586.526,8674.915,8313.021,43270.0,:R19,16735.098,9048.86,8986.741,9055.307,43826.0,:R20,19167.715,7975.306,8315.887,7922.0903,43381.0,:R22,19634.096,8339.022,8765.535,8491.382,45230.0,:R24,19143.936,8530.969,8596.949,8920.142,45192.0,:R26,15709.715,6230.887,6269.7134,6156.6914,34367.0
:R02,20260.533,9358.279,9089.504,8713.684,47422.0,:R04,18889.441,8667.64,8073.9595,7954.951,43586.0,:R06,20323.676,8428.972,8914.23,9272.117,46939.0,:R07,15944.155,8808.482,8910.779,8673.59,42337.0,:R09,16804.53,7582.675,7725.177,7529.6147,39642.0,:R10,19566.092,8607.4,8897.426,8905.088,45976.0,:R16,19629.629,8928.219,9130.442,8881.709,46570.0,:R17,18791.338,8716.424,8984.745,8880.493,45373.0,:R19,18450.145,8956.733,9128.451,8720.671,45256.0,:R20,19778.984,8405.56,8821.389,9132.0625,46138.0,:R22,19085.889,8419.008,8439.65,8444.445,44389.0,:R24,19555.816,8460.045,8306.122,8265.028,44587.0,:R26,14534.977,6257.2876,6097.1216,6225.627,33115.0
:R02,19071.557,8171.523,8231.463,8390.454,43865.0,:R04,19918.72,8805.404,8694.416,8970.454,46389.0,:R06,19509.03,8728.277,8664.944,8522.745,45425.0,:R07,16279.566,8740.082,8812.769,8777.573,42610.0,:R09,16853.955,9455.172,9458.656,9013.231,44781.0,:R10,18932.93,8042.0386,7899.6855,7970.3477,42845.0,:R16,18819.838,8329.945,7807.614,7942.6113,42900.0,:R17,17114.145,9511.57,9379.506,9682.783,45688.0,:R19,19361.068,9243.231,9467.454,9615.237,47687.0,:R20,19522.52,8728.596,8420.048,8014.835,44686.0,:R22,19080.889,8245.641,8319.054,8647.406,44293.0,:R24,20365.162,8612.9795,8996.786,9044.089,47019.0,:R26,15480.366,6205.1177,6017.3184,6177.1953,33880.0
:R02,19923.04,8794.879,8585.606,8644.47,45948.0,:R04,20913.541,9093.537,9059.886,9146.044,48213.0,:R06,20297.742,8925.472,9067.248,9205.534,47496.0,:R07,17348.5,7968.7876,8169.7275,8482.981,41970.0,:R09,17481.184,8427.6875,8469.378,8711.741,43090.0,:R10,18582.229,8117.8755,8206.5,8413.393,43320.0,:R16,19561.361,8422.315,8587.002,8484.334,45055.0,:R17,17253.287,7991.2593,8016.2036,7952.258,41213.0,:R19,18214.537,8479.336,8857.457,8648.668,44200.0,:R20,19930.701,8319.655,8583.957,8498.68,45333.0,:R22,19710.178,8460.17,8343.62,8514.031,45028.0,:R24,19608.79,8756.745,8362.441,8222.014,44950.0,:R26,15570.047,6415.0933,6283.3325,6161.557,34430.0
:R02,20060.213,8938.541,9237.282,8899.989,47136.0,:R04,19382.01,8349.272,8226.186,8231.537,44189.0,:R06,19061.25,8227.367,8045.35,8039.015,43373.0,:R07,18562.717,8712.761,8458.593,8642.921,44377.0,:R09,19034.676,9087.076,9351.27,9379.973,46853.0,:R10,19451.396,8266.352,8564.362,8391.887,44674.0,:R16,19214.775,8744.13,8264.288,8417.809,44641.0,:R17,18647.344,9343.089,9304.971,8936.588,46232.0,:R19,18857.027,8964.171,9184.882,9149.919,46156.0,:R20,19416.975,8679.721,8401.833,8521.479,45020.0,:R22,19037.535,8049.951,8095.9873,8124.526,43308.0,:R24,19066.48,8123.8423,8379.431,8154.241,43724.0,:R26,15912.276,6084.746,6142.9927,6256.967,34397.0
:R02,19311.752,8246.399,8398.467,8517.391,44474.0,:R04,18704.5,7948.125,7746.986,8032.403,42432.0,:R06,19127.148,8432.594,8528.392,8334.869,44423.0,:R07,18563.26,8787.278,9169.145,8718.328,45238.0,:R09,18596.805,8823.324,8691.171,8253.709,44365.0,:R10,19550.428,8612.416,8330.737,8434.408,44928.0,:R16,18634.93,8195.859,8389.489,8484.716,43705.0,:R17,19402.494,9105.249,9342.997,9369.266,47220.0,:R19,18570.518,8497.076,8821.76,8823.653,44713.0,:R20,19161.098,8227.142,7728.4126,8009.3516,43126.0,:R22,19161.627,8083.1445,8405.165,8444.072,44094.0,:R24,20045.453,8982.531,8618.549,8823.474,46470.0,:R26,14688.458,6209.3345,6094.4355,6001.771,32994.0
:R02,19330.293,8371.18,8004.3984,8394.108,44100.0,:R04,16521.668,8989.012,8719.551,9272.75,43503.0,:R06,19568.01,8833.679,8633.252,8486.057,45521.0,:R07,18139.443,8590.699,8304.847,8538.011,43573.0,:R09,18723.6,9142.716,9083.553,8761.121,45711.0,:R10,19097.525,8162.027,8410.684,8299.735,43970.0,:R16,19618.342,8089.5435,8395.268,8239.867,44343.0,:R17,17987.664,8757.414,8485.327,8745.587,43976.0,:R19,17708.07,8520.805,8179.109,8293.029,42701.0,:R20,20420.824,8949.126,9089.741,9331.315,47791.0,:R22,19973.785,9245.018,8480.319,9101.884,46801.0,:R24,19933.451,8826.622,8251.917,8522.002,45534.0,:R26,15144.566,6232.732,6083.842,6172.862,33634.0
:R02,18074.51,7800.749,7592.064,7790.6753,41258.0,:R04,20009.736,8852.949,8940.842,8822.484,46626.0,:R06,19828.645,8753.209,8710.035,8380.116,45672.0,:R07,17134.385,7147.521,9374.436,9463.652,43120.0,:R09,17998.832,8675.5205,8608.446,8504.195,43787.0,:R10,18865.13,8173.1763,7929.8447,8046.8384,43015.0,:R16,19781.064,8517.253,8309.023,8415.652,45023.0,:R17,16451.797,8884.559,9494.419,9398.215,44229.0,:R19,16907.312,7577.1123,7624.721,7559.849,39669.0,:R20,20194.715,8959.343,8938.123,9343.821,47436.0,:R22,19742.736,9008.926,9207.879,8655.464,46615.0,:R24,19138.549,8287.41,8171.6753,8331.366,43929.0,:R26,15841.964,6274.8823,6267.2524,6348.928,34733.0
:R02,18648.514,8371.949,8219.901,8278.621,43519.0,:R04,19540.582,8444.538,8260.577,8270.317,44516.0,:R06,18318.977,8054.6743,7987.133,8091.223,42452.0,:R07,18505.152,8872.125,8437.171,8755.543,44570.0,:R09,17617.596,8510.28,7917.083,8226.041,42271.0,:R10,18634.256,7909.2935,8393.9,8220.563,43158.0,:R16,19053.773,8239.447,8518.896,8388.89,44201.0,:R17,18069.76,8384.051,8219.366,8294.805,42968.0,:R19,16254.597,9214.576,8958.182,9016.63,43444.0,:R20,20137.654,8890.337,8863.242,8323.767,46215.0,:R22,16688.842,9073.053,9172.473,8961.631,43896.0,:R24,19851.748,8705.119,8521.131,8806.993,45885.0,:R26,14098.685,6224.3237,5915.9575,6212.0156,32451.0
:R02,19536.594,8633.819,8605.601,8355.998,45132.0,:R04,19968.963,8859.939,9001.137,9279.971,47110.0,:R06,19569.799,8255.975,7985.5684,8725.646,44537.0,:R07,18071.697,8698.781,8341.032,8422.486,43534.0,:R09,16624.324,9351.554,9359.422,8893.674,44229.0,:R10,19991.307,8448.024,8758.2705,8525.41,45723.0,:R16,20763.787,9198.0205,9212.644,9058.55,48233.0,:R17,18157.3,8569.163,8729.8,8435.741,43892.0,:R19,16694.205,8834.201,8595.501,8801.1,42925.0,:R20,19170.232,8406.371,8423.143,8305.264,44305.0,:R22,18995.344,8181.4478,8351.424,8163.787,43692.0,:R24,18866.97,8242.59,8372.457,8428.984,43911.0,:R26,15654.746,6125.811,6187.875,6252.5923,34221.0
:R02,18998.51,8501.445,8186.315,8231.7295,43918.0,:R04,18362.906,7653.3906,7731.0684,7887.629,41635.0,:R06,19381.486,8417.261,8295.502,8878.747,44973.0,:R07,18896.502,8863.654,8988.615,9209.218,45958.0,:R09,17348.527,10001.502,9472.428,9544.5205,46367.0,:R10,18847.0,8006.864,8115.152,8454.001,43423.0,:R16,19801.51,8841.552,8709.238,8715.719,46068.0,:R17,15892.287,8932.381,8753.308,9128.027,42706.0,:R19,17627.516,8273.343,8345.975,8329.166,42576.0,:R20,19764.729,8161.5005,8160.6567,8364.112,44451.0,:R22,16822.791,9089.088,9333.832,9161.302,44407.0,:R24,19298.9,8448.453,8458.409,8313.233,44519.0,:R26,15660.144,6176.2593,6185.4043,6149.191,34171.0
:R02,19204.516,8514.837,8871.134,8441.5205,45032.0,:R04,19172.002,8382.543,8258.484,8788.958,44602.0,:R06,20163.592,9267.413,9092.967,8985.035,47509.0,:R07,16945.9,7854.219,8526.023,7961.84,41288.0,:R09,16249.664,9303.895,8820.2295,8849.222,43223.0,:R10,19018.33,8766.792,8801.565,8729.309,45316.0,:R16,18798.502,8076.5083,8505.787,8146.215,43527.0,:R17,18194.418,8696.285,8899.311,8627.999,44418.0,:R19,18446.748,8800.803,8151.15,8354.316,43753.0,:R20,18896.045,8206.636,8108.466,8100.8784,43312.0,:R22,20101.557,8555.717,8737.293,8549.423,45944.0,:R24,19691.123,8794.415,8842.853,8820.608,46149.0,:R26,14785.589,6153.6196,6399.063,6354.739,33693.0
:R02,19865.227,8703.67,9021.357,8839.751,46430.0,:R04,19250.781,8446.81,8296.958,8571.461,44566.0,:R06,19169.717,8410.338,8196.04,8196.9,43973.0,:R07,17130.271,8317.828,8353.084,8090.816,41892.0,:R09,17913.32,8087.8496,8626.501,8257.334,42885.0,:R10,19262.334,8103.834,8104.0015,8456.831,43927.0,:R16,19972.787,8625.388,8725.562,8634.261,45958.0,:R17,16787.416,9042.177,8799.0625,8947.337,43576.0,:R19,16163.544,8473.241,8552.56,8622.661,41812.0,:R20,19649.418,8398.144,8267.65,8407.792,44723.0,:R22,17544.02,9784.739,9662.336,9491.911,46483.0,:R24,19492.09,8132.778,8212.953,8254.182,44092.0,:R26,15376.759,6358.4883,6390.1,6381.6504,34507.0
:R02,19258.123,8703.979,8516.472,8499.422,44978.0,:R04,19424.781,8590.689,8770.73,8610.791,45397.0,:R06,19813.031,8602.34,8799.641,8746.99,45962.0,:R07,18747.795,8935.991,9076.965,9070.239,45831.0,:R09,18190.604,9019.784,8660.76,9146.855,45018.0,:R10,20164.158,8901.274,8759.225,8792.34,46617.0,:R16,19549.115,8509.041,8578.466,8309.384,44946.0,:R17,17364.78,7832.1777,7896.819,7786.241,40880.0,:R19,18169.785,8180.4263,8365.998,8175.771,42892.0,:R20,19267.88,8522.54,8207.022,8415.547,44413.0,:R22,18540.277,7701.497,7917.877,8235.352,42395.0,:R24,18930.127,8230.115,8120.246,8014.518,43295.0,:R26,15238.03,6315.891,6274.662,6056.4155,33885.0
:R02,18563.574,8134.861,8330.856,8217.704,43247.0,:R04,19806.51,8726.519,8937.8125,8739.177,46210.0,:R06,19497.277,8381.456,8822.959,8805.31,45507.0,:R07,16186.28,8840.069,8743.618,8584.034,42354.0,:R09,16011.39,9073.762,8771.368,8653.4795,42510.0,:R10,19777.52,8851.19,8648.991,8404.304,45682.0,:R16,20577.414,9044.669,9424.568,8848.328,47895.0,:R17,18212.56,8798.401,8682.977,9044.071,44738.0,:R19,16685.232,9214.878,9319.47,8756.421,43976.0,:R20,19722.188,8436.563,8788.161,8385.118,45332.0,:R22,19768.861,8567.075,8736.311,8497.752,45570.0,:R24,20314.367,8917.598,8848.708,8809.325,46890.0,:R26,14841.767,6255.7617,6090.1387,6017.321,33205.0
:R02,19208.945,8604.7295,8448.644,8059.6855,44322.0,:R04,19876.125,8899.624,9024.603,8862.642,46663.0,:R06,18982.938,8120.1934,8137.5913,8066.2915,43307.0,:R07,18500.31,8684.759,8907.323,8710.619,44803.0,:R09,18547.787,9088.574,9133.808,9438.829,46209.0,:R10,19852.582,8531.803,8774.527,8933.072,46092.0,:R16,19117.727,7929.1484,8087.6445,7924.4834,43059.0,:R17,18578.666,8877.773,8853.642,8785.907,45096.0,:R19,17717.23,8237.195,8575.719,8284.82,42815.0,:R20,19647.809,8581.865,8303.714,8331.599,44865.0,:R22,19736.398,9395.536,8599.971,8802.09,46534.0,:R24,20110.123,9038.5,9026.256,9069.128,47244.0,:R26,14873.793,6359.5347,6307.806,6414.8535,33956.0
:R02,19291.527,9132.631,8410.743,8838.105,45673.0,:R04,16818.213,9176.372,8778.257,9214.176,43987.0,:R06,18730.582,8063.375,8116.056,8268.979,43179.0,:R07,18407.17,8538.616,8565.332,8327.895,43839.0,:R09,16723.553,9214.915,9425.191,9426.34,44790.0,:R10,17389.705,9245.431,9376.463,9299.4,45311.0,:R16,16302.148,8731.572,9042.575,8970.705,43047.0,:R17,17482.016,8241.891,8121.3115,8109.806,41955.0,:R19,17921.832,8414.178,8917.982,8136.9897,43391.0,:R20,20128.691,8549.753,9079.514,9053.043,46811.0,:R22,19846.863,8634.186,8774.4,8598.542,45854.0,:R24,19343.957,8339.518,8603.669,8234.859,44522.0,:R26,15459.429,6229.371,6202.235,6257.9663,34149.0
:R02,20217.098,8850.533,8576.257,8628.128,46272.0,:R04,19482.234,8619.66,8602.994,8240.1045,44945.0,:R06,19345.94,8115.017,8526.348,8658.673,44646.0,:R07,15942.511,9115.215,8612.611,8837.652,42508.0,:R09,17990.02,8557.429,8468.601,8732.948,43749.0,:R10,19507.62,8707.556,8305.7295,8563.098,45084.0,:R16,19433.451,8422.436,8637.128,8623.971,45117.0,:R17,16569.418,9125.136,9235.382,9064.064,43994.0,:R19,19028.516,9095.501,9451.717,9181.257,46757.0,:R20,19576.576,8764.633,8534.313,8763.488,45639.0,:R22,19673.518,8358.364,8696.661,8717.482,45446.0,:R24,19573.488,8659.729,8675.134,8658.65,45567.0,:R26,14518.313,6178.6934,6244.027,6241.0034,33182.0
:R02,18510.69,8044.974,7891.996,8022.34,42470.0,:R04,19999.21,8870.958,9044.85,9275.988,47191.0,:R06,17746.104,9201.901,8938.928,9218.071,45105.0,:R07,18131.37,8178.9995,8660.161,8570.477,43541.0,:R09,17721.137,8171.9355,8143.4634,8481.473,42518.0,:R10,20106.242,8936.287,8847.999,8628.494,46519.0,:R16,19558.986,8359.856,8246.936,8740.226,44906.0,:R17,17645.086,8612.095,8127.761,8432.06,42817.0,:R19,17513.963,8081.0938,8083.567,8114.3726,41793.0,:R20,20162.572,8630.804,9006.134,8972.501,46772.0,:R22,20638.86,9400.721,9117.8125,9128.614,48286.0,:R24,19692.488,8780.895,8854.432,8552.189,45880.0,:R26,15155.911,6078.5312,6100.2026,6266.3433,33601.0
:R02,19298.666,8194.071,8209.496,8428.775,44131.0,:R04,19796.6,8527.819,9080.057,8653.531,46058.0,:R06,19915.71,8614.935,8706.236,8635.111,45872.0,:R07,17809.69,8463.034,8870.991,8387.278,43531.0,:R09,17247.68,8099.1133,8398.785,8530.412,42276.0,:R10,19676.35,8689.887,8334.3125,8706.455,45407.0,:R16,20284.826,8783.747,9158.041,8810.397,47037.0,:R17,18143.938,8618.496,8325.488,8477.084,43565.0,:R19,16384.324,9149.123,9324.277,9769.282,44627.0,:R20,18401.383,8071.96,7932.9487,8125.717,42532.0,:R22,19699.697,9184.02,8075.378,8575.894,45535.0,:R24,18673.625,8524.011,8650.587,8151.7827,44000.0,:R26,15947.207,6358.574,6435.5503,6395.6743,35137.0
:R02,19258.47,8279.858,8220.546,8178.148,43937.0,:R04,19384.94,8484.402,8680.04,8327.645,44877.0,:R06,19188.223,8207.054,8070.72,8312.016,43778.0,:R07,18234.617,8612.484,8718.226,8593.6875,44159.0,:R09,16416.887,8743.675,8957.454,9466.994,43585.0,:R10,18259.148,7680.1245,8019.587,8036.1206,41995.0,:R16,19777.125,8762.494,8443.873,8718.535,45702.0,:R17,15843.87,9428.044,8951.191,8950.915,43174.0,:R19,18706.965,6789.2163,8754.376,9250.446,43501.0,:R20,19033.162,8091.0396,7949.0884,8208.71,43282.0,:R22,18645.498,7915.528,7802.2046,8032.7573,42396.0,:R24,18439.262,7893.459,7943.917,7836.364,42113.0,:R26,15112.507,6342.976,6211.7754,6222.7383,33890.0
:R02,18880.193,8223.381,8302.862,7988.551,43395.0,:R04,19055.791,8408.963,8703.889,8218.362,44387.0,:R06,20009.682,8581.492,8641.93,8963.897,46197.0,:R07,16063.495,8700.039,8593.756,9011.722,42369.0,:R09,17807.71,8112.481,8124.6484,8290.148,42335.0,:R10,20097.602,8693.987,8316.416,8834.985,45943.0,:R16,19550.756,8943.696,8666.244,8755.303,45916.0,:R17,16077.7295,9201.697,8947.483,9031.088,43258.0,:R19,19051.914,8583.937,9119.515,8848.642,45604.0,:R20,19450.842,8389.423,8170.567,8640.165,44651.0,:R22,16805.508,8689.26,8579.098,8979.136,43053.0,:R24,19079.533,8509.942,8010.9897,8019.535,43620.0,:R26,15945.878,6251.551,6382.513,6171.0767,34751.0
:R02,20316.053,9037.809,8771.604,8770.533,46896.0,:R04,20496.203,9064.952,9199.647,9064.181,47825.0,:R06,20573.428,8566.3125,9208.042,8777.203,47125.0,:R07,16353.617,9256.16,9324.282,9176.958,44111.0,:R09,17193.441,8214.108,7998.811,8015.633,41422.0,:R10,19855.076,9147.654,8585.96,8915.311,46504.0,:R16,21181.246,9594.418,9131.202,9098.142,49005.0,:R17,17367.055,9791.918,9217.397,9479.631,45856.0,:R19,18072.389,8681.466,8911.846,8518.313,44184.0,:R20,19830.664,8397.503,8419.265,8705.578,45353.0,:R22,19051.48,8347.972,8304.752,8104.7905,43809.0,:R24,20126.965,8347.99,8652.013,8975.051,46102.0,:R26,14740.727,6066.33,6086.676,6090.268,32984.0
:R02,18495.39,8491.283,7954.7607,8070.5586,43012.0,:R04,16748.902,9545.466,9454.53,9297.106,45046.0,:R06,19685.818,8531.251,8565.46,8805.474,45588.0,:R07,19360.334,9108.81,9591.36,9170.498,47231.0,:R09,17249.047,8196.477,8310.603,8137.8813,41894.0,:R10,18925.547,8547.783,8429.37,8510.312,44413.0,:R16,19366.2,8165.9688,8380.895,8196.941,44110.0,:R17,18016.812,8209.724,8597.266,8387.191,43211.0,:R19,18357.244,8443.578,8798.914,8179.2656,43779.0,:R20,17506.596,9339.17,9396.932,9504.313,45747.0,:R22,18440.611,7986.3975,8179.585,7870.399,42477.0,:R24,19314.836,8360.261,8437.035,7918.876,44031.0,:R26,15665.402,6267.6616,6090.9727,6285.9395,34310.0
:R02,20035.764,8777.354,8994.965,8854.906,46663.0,:R04,19015.373,8232.148,8301.13,8666.352,44215.0,:R06,18360.934,7994.929,8218.103,8264.045,42838.0,:R07,18183.15,8604.902,8793.128,8658.819,44240.0,:R09,18905.465,6762.737,9264.877,9369.934,44303.0,:R10,19147.95,8700.9,8271.662,8562.5,44683.0,:R16,20106.217,8598.53,8641.226,8857.0205,46203.0,:R17,19039.643,8611.839,9180.12,8543.394,45375.0,:R19,17897.15,8404.286,8196.813,8308.76,42807.0,:R20,19472.885,8717.644,8653.778,8927.687,45772.0,:R22,18524.406,7945.5854,8011.8447,8030.1807,42512.0,:R24,18804.674,8099.371,7981.5767,8337.395,43223.0,:R26,15734.187,6276.5063,6114.193,6218.123,34343.0
:R02,19592.078,8460.026,8322.718,8807.179,45182.0,:R04,19413.574,8884.576,8761.002,8774.83,45834.0,:R06,20354.576,8630.848,8677.992,8927.592,46591.0,:R07,16214.359,9181.176,8874.123,9052.33,43322.0,:R09,18538.947,9205.713,8584.217,8388.106,44717.0,:R10,19692.16,8880.502,8908.931,8344.415,45826.0,:R16,19482.676,8387.1875,8274.662,8481.484,44626.0,:R17,18829.7,8501.835,8688.217,8698.251,44718.0,:R19,18593.861,9158.054,8741.186,8555.913,45049.0,:R20,19213.355,7942.6465,8084.808,8312.188,43553.0,:R22,19593.113,8446.878,9132.251,8805.76,45978.0,:R24,20126.725,8619.833,8649.028,8840.418,46236.0,:R26,15765.165,6366.3696,6391.5435,6250.9097,34774.0
:R02,20195.566,9172.569,9214.218,8856.626,47439.0,:R04,18877.156,8234.172,8289.21,8029.467,43430.0,:R06,19939.932,8856.263,8719.419,8939.396,46455.0,:R07,19467.275,6607.4663,8946.86,9298.384,44320.0,:R09,16746.316,9778.195,9409.055,9887.413,45821.0,:R10,19136.459,7907.059,8312.282,8585.191,43941.0,:R16,19044.084,8289.825,8849.982,8613.12,44797.0,:R17,16256.328,8752.556,9226.517,9009.582,43245.0,:R19,19577.365,9685.215,6565.926,9332.513,45161.0,:R20,19243.846,8133.529,8044.5586,8287.087,43709.0,:R22,16211.177,8376.986,8479.373,8471.464,41539.0,:R24,19333.617,8239.665,8337.65,8055.0737,43966.0,:R26,15007.613,6170.11,6366.795,6263.472,33808.0
:R02,19393.523,8108.468,8329.392,8318.599,44150.0,:R04,16985.877,9091.579,8824.244,9219.305,44121.0,:R06,18894.896,8180.331,8285.885,8142.881,43504.0,:R07,17660.0,8165.2305,8110.0347,8182.7446,42118.0,:R09,18092.238,8233.237,8193.727,8285.799,42805.0,:R10,19505.395,8464.557,8645.036,8577.028,45192.0,:R16,19612.418,8459.059,8779.971,8748.556,45600.0,:R17,16908.61,9017.588,9175.314,9421.494,44523.0,:R19,18240.691,8605.142,8728.814,8671.352,44246.0,:R20,19095.17,8211.041,8519.98,7994.815,43821.0,:R22,16357.2,9061.628,8865.83,9023.35,43308.0,:R24,19792.95,8955.668,8603.835,8845.528,46198.0,:R26,15089.149,6375.7495,6202.344,6168.764,33836.0
:R02,18730.234,8469.101,8468.305,8260.356,43928.0,:R04,19949.898,8744.625,8357.884,8919.582,45972.0,:R06,19107.139,8151.0986,7929.289,8507.481,43695.0,:R07,18824.316,9047.271,9057.128,8964.286,45893.0,:R09,17366.014,8121.3916,8415.971,8063.605,41967.0,:R10,19404.936,8405.962,8581.476,8518.621,44911.0,:R16,18933.672,8358.666,8120.143,8536.505,43949.0,:R17,18387.055,8893.264,8734.079,9234.587,45249.0,:R19,18442.266,8667.974,8557.559,8441.216,44109.0,:R20,19672.842,8574.168,8346.766,9091.228,45685.0,:R22,18802.256,8936.195,8656.179,8644.375,45039.0,:R24,18846.041,8050.803,8051.8745,7973.289,42922.0,:R26,15234.5205,6105.881,6198.989,6041.5957,33581.0
:R02,18513.262,8013.039,7841.31,7915.3945,42283.0,:R04,19578.697,8665.7295,8819.312,8532.29,45596.0,:R06,19445.969,8314.535,8643.974,8083.5225,44488.0,:R07,17507.725,7841.2,8171.92,8332.157,41853.0,:R09,18129.35,8686.279,8646.361,8769.986,44232.0,:R10,19139.844,8289.06,8210.43,8384.66,44024.0,:R16,19775.096,8737.873,8427.464,8898.573,45839.0,:R17,17751.896,8217.433,8041.7363,8263.9375,42275.0,:R19,18439.537,8771.173,8342.02,9195.2705,44748.0,:R20,19205.09,8633.228,8069.6543,8243.033,44151.0,:R22,19005.908,8186.6533,8328.255,8102.1523,43623.0,:R24,19361.502,8389.738,8499.509,8276.24,44527.0,:R26,13843.66,6135.162,6057.821,6184.347,32221.0
:R02,19856.46,8864.383,8706.557,8723.588,46151.0,:R04,19126.96,8248.506,8163.22,8156.341,43695.0,:R06,19764.623,8923.881,8676.671,8805.818,46171.0,:R07,18281.918,8658.208,8429.804,8488.071,43858.0,:R09,18046.266,8633.329,8061.6514,8144.747,42886.0,:R10,19939.826,8738.223,8821.56,8647.39,46147.0,:R16,20278.762,9025.88,9202.434,8935.926,47443.0,:R17,18759.086,8991.916,9187.751,9059.265,45998.0,:R19,18381.87,8230.853,8532.357,8799.919,43945.0,:R20,19606.44,8802.681,8318.183,8742.704,45470.0,:R22,19342.879,8521.37,8297.8125,8423.938,44586.0,:R24,19602.518,8588.848,8328.417,8238.224,44758.0,:R26,15834.23,6362.3286,6295.9316,6371.526,34864.0
:R02,19513.49,8592.065,8350.235,8665.213,45121.0,:R04,19915.418,8679.078,8327.1875,8647.303,45569.0,:R06,19065.842,8329.551,7990.145,8288.456,43674.0,:R07,17987.645,8225.493,8583.196,8821.669,43618.0,:R09,15947.841,9284.205,9498.606,9053.349,43784.0,:R10,19637.613,8377.207,8500.592,8514.595,45030.0,:R16,19263.053,8305.266,8364.63,8119.04,44052.0,:R17,16540.826,8957.337,8819.278,8834.55,43152.0,:R19,16703.719,8806.139,9178.216,8903.932,43592.0,:R20,19752.219,8522.12,8361.64,8703.021,45339.0,:R22,20441.355,9465.221,9363.537,9168.878,48439.0,:R24,20297.621,8904.892,8971.662,8784.804,46959.0,:R26,15298.567,6182.1606,6327.057,6586.224,34394.0
:R02,19565.643,8795.973,8356.403,9221.977,45940.0,:R04,17053.494,9325.226,9235.036,9187.23,44801.0,:R06,20453.826,9277.266,8911.348,8554.572,47197.0,:R07,18157.555,8519.041,8642.341,8443.058,43762.0,:R09,16756.53,8653.6045,9093.083,9001.783,43505.0,:R10,19050.328,8501.319,8347.273,8391.08,44290.0,:R16,18145.674,9800.121,10204.037,10321.186,48471.0,:R17,18497.566,8671.891,8952.121,8478.402,44600.0,:R19,18533.389,8755.426,8939.975,8875.216,45104.0,:R20,19806.22,9149.1455,8929.774,9018.837,46904.0,:R22,19872.86,8858.122,8928.883,8836.141,46496.0,:R24,16888.098,8723.346,8781.111,8718.433,43111.0,:R26,15615.101,6346.1074,6306.094,6330.7114,34598.0
:R02,18953.418,8022.168,8442.95,8392.48,43811.0,:R04,19328.186,8442.397,8375.545,8683.868,44830.0,:R06,19599.006,8435.714,8493.152,8916.121,45444.0,:R07,18323.748,8689.399,6219.9077,8705.955,41939.0,:R09,18485.447,8492.613,8684.492,8387.446,44050.0,:R10,19674.053,8572.992,8473.198,8330.771,45051.0,:R16,19683.814,8356.512,8305.828,8405.854,44752.0,:R17,18975.91,8936.164,9025.119,8996.799,45934.0,:R19,18611.207,8952.532,9104.819,9488.442,46157.0,:R20,19134.086,8287.209,8366.506,8495.195,44283.0,:R22,19829.744,8465.917,8385.43,8758.895,45440.0,:R24,19952.336,8892.697,9375.795,8820.17,47041.0,:R26,14663.12,6356.4043,6070.674,6224.793,33315.0
:R02,19344.15,8463.479,8148.0986,8275.296,44231.0,:R04,19643.098,8724.355,8499.197,8642.344,45509.0,:R06,20309.295,8678.28,8915.083,8895.321,46798.0,:R07,16899.756,9785.399,9329.275,9393.55,45408.0,:R09,18194.914,8294.958,8822.788,8849.328,44162.0,:R10,19573.17,8687.292,8670.814,8475.742,45407.0,:R16,19593.232,8257.666,8059.6665,8099.449,44010.0,:R17,17812.758,8721.659,8355.873,8323.714,43214.0,:R19,16598.717,9405.336,9107.475,9744.472,44856.0,:R20,19618.734,8788.436,8864.531,9081.307,46353.0,:R22,19378.799,8685.21,8481.253,8235.739,44781.0,:R24,20650.242,8873.587,9091.959,9277.204,47893.0,:R26,15904.97,6209.705,6462.8423,6302.4785,34880.0
:R02,19823.852,9112.629,8947.011,8985.491,46869.0,:R04,18774.879,7853.2183,7696.8604,7886.059,42211.0,:R06,19814.898,8737.123,8945.549,8474.426,45972.0,:R07,19018.89,9659.9375,9279.136,9598.04,47556.0,:R09,16685.283,9172.052,9332.141,9112.527,44302.0,:R10,18084.838,8127.135,7816.446,8133.579,42162.0,:R16,19326.975,8094.7476,8214.415,8600.858,44237.0,:R17,16594.67,9133.22,9291.719,9275.398,44295.0,:R19,17785.705,8347.3955,8219.385,8207.499,42560.0,:R20,19616.717,8675.911,8515.052,8712.312,45520.0,:R22,19922.762,8589.14,8956.324,8782.78,46251.0,:R24,18790.934,8307.431,8385.912,8115.7188,43600.0,:R26,15117.43,6339.0254,6320.0386,6180.4917,33957.0
:R02,19153.686,8379.051,8171.2695,8106.0015,43810.0,:R04,19947.068,8670.904,8398.768,8765.2705,45782.0,:R06,16342.708,8469.381,8421.265,8505.649,41739.0,:R07,18053.283,8912.997,8270.812,8421.921,43659.0,:R09,17562.162,8209.571,8332.152,8102.106,42206.0,:R10,19744.207,8280.318,8444.784,8275.709,44745.0,:R16,18627.498,8132.265,8254.559,7978.6665,42993.0,:R17,16881.133,8842.436,8709.447,9103.997,43537.0,:R19,18728.861,8757.362,9054.359,9088.42,45629.0,:R20,18938.723,7816.745,7861.5166,7801.025,42418.0,:R22,19306.08,8796.688,8729.979,8794.253,45627.0,:R24,19099.178,8324.967,8373.718,8131.129,43929.0,:R26,14537.477,6161.1445,6208.834,6134.5493,33042.0
:R02,19253.295,8464.044,8414.263,8664.389,44796.0,:R04,19818.428,8809.228,8420.824,8616.502,45665.0,:R06,20016.879,8688.37,9178.934,8954.806,46839.0,:R07,18382.521,8850.58,8900.825,8586.071,44720.0,:R09,16040.812,8299.29,8218.256,8637.635,41196.0,:R10,20348.602,8962.405,9171.536,8623.451,47106.0,:R16,17060.725,8828.6045,9056.887,8599.791,43546.0,:R17,16098.567,8795.509,8598.897,8999.035,42492.0,:R19,18061.213,8723.121,8249.862,8438.804,43473.0,:R20,19424.871,8585.498,8496.583,8396.035,44903.0,:R22,19263.64,8597.686,8536.069,8298.6,44696.0,:R24,20160.164,8416.616,8586.182,8413.051,45576.0,:R26,15249.263,6073.936,6280.564,6127.2485,33731.0
:R02,19581.885,8560.3,9007.93,8350.904,45501.0,:R04,20316.584,8967.4795,8588.783,8697.149,46570.0,:R06,19939.02,8389.492,8591.001,8287.499,45207.0,:R07,16473.738,8563.069,8687.218,8717.975,42442.0,:R09,18877.031,8836.717,8864.486,8609.776,45188.0,:R10,19586.424,8703.329,8594.63,8799.6045,45684.0,:R16,19086.85,8174.979,8113.5103,8061.6436,43437.0,:R17,18280.367,8606.118,8753.827,8943.68,44584.0,:R19,18034.645,8358.701,8474.9,8622.753,43491.0,:R20,17617.354,9286.649,9171.469,9265.534,45341.0,:R22,19214.105,8507.1045,8298.817,8221.964,44242.0,:R24,16668.408,9083.295,9468.834,9453.474,44674.0,:R26,14811.23,6072.942,5937.283,5857.5317,32679.0
:R02,16102.393,9371.504,9264.313,9441.793,44180.0,:R04,19920.666,8585.8955,8833.543,8424.896,45765.0,:R06,18903.977,8218.0205,8750.107,8292.882,44165.0,:R07,15984.915,8599.51,8539.698,9092.882,42217.0,:R09,18601.754,8430.807,8291.784,8554.641,43879.0,:R10,19595.143,8532.613,8581.192,8670.0625,45379.0,:R16,19660.783,8619.661,8679.916,8670.642,45631.0,:R17,17978.947,8625.855,8471.307,8402.902,43479.0,:R19,17094.594,9574.829,9705.812,9930.77,46306.0,:R20,19218.701,8433.856,8414.178,8317.265,44384.0,:R22,19314.113,8426.532,8077.601,8465.731,44284.0,:R24,19984.02,9115.69,8709.943,9015.355,46825.0,:R26,15093.392,6362.653,6088.418,6366.5444,33911.0
:R02,20777.15,9090.768,9305.675,9725.404,48899.0,:R04,19327.773,8219.869,8524.8125,8540.539,44613.0,:R06,19259.148,8397.821,8275.461,8395.562,44328.0,:R07,17700.473,8207.781,8043.3887,8179.357,42131.0,:R09,17674.184,8762.104,8190.1055,8167.618,42794.0,:R10,16001.822,8828.089,8883.6455,9148.45,42862.0,:R16,16471.852,8771.903,8952.039,8392.219,42588.0,:R17,16540.24,8953.364,8863.045,8975.35,43332.0,:R19,18699.936,8982.232,8703.318,8626.498,45012.0,:R20,20286.72,8803.136,9199.218,8630.922,46920.0,:R22,18792.514,8325.27,7904.9863,7826.2437,42849.0,:R24,19410.209,8940.158,8558.1455,8458.474,45367.0,:R26,15876.474,6237.847,6218.5728,6238.1133,34571.0
:R02,17916.684,7844.9385,7626.209,7829.154,41217.0,:R04,19573.705,8209.064,8408.372,8467.866,44659.0,:R06,19132.568,8483.619,8535.906,8791.914,44944.0,:R07,17878.111,8442.646,8608.922,8459.316,43389.0,:R09,18001.371,8784.934,8605.239,8534.468,43926.0,:R10,19769.504,8663.9,8609.336,8802.274,45845.0,:R16,19136.059,8119.6465,8473.048,8576.256,44305.0,:R17,17820.75,8183.6753,8109.6445,8394.955,42509.0,:R19,18109.143,8597.164,8382.485,8887.197,43976.0,:R20,19966.469,8509.723,8312.163,8556.651,45345.0,:R22,19011.305,8047.313,8209.275,8400.104,43668.0,:R24,19760.24,8277.853,8194.91,8549.004,44782.0,:R26,15570.685,6205.715,6376.543,6548.0664,34701.0
:R02,18920.92,8018.9795,8473.725,8281.387,43695.0,:R04,20042.588,9132.447,9267.513,8837.445,47280.0,:R06,19666.705,8623.87,8630.266,9012.16,45933.0,:R07,17828.701,8429.319,8256.278,8318.719,42833.0,:R09,18818.223,9351.925,9004.766,9414.084,46589.0,:R10,19443.078,8367.399,8167.5405,8224.988,44203.0,:R16,19785.553,8433.683,8495.997,8125.756,44841.0,:R17,18003.195,8491.271,8241.094,8689.436,43425.0,:R19,18174.504,8571.397,9036.482,8898.609,44681.0,:R20,19428.855,8654.672,8409.237,8268.226,44761.0,:R22,19531.861,8567.08,8395.484,8707.569,45202.0,:R24,19850.73,8647.336,8463.62,8753.327,45715.0,:R26,14450.934,6068.7734,6274.869,6440.44,33235.0
:R02,20137.201,8492.374,8782.767,8655.67,46068.0,:R04,18555.854,8052.8164,8390.224,8122.108,43121.0,:R06,17050.225,9055.642,9245.871,9451.262,44803.0,:R07,18179.832,8449.373,8242.627,8558.172,43430.0,:R09,18700.527,8862.609,9000.09,9254.783,45818.0,:R10,18593.076,8303.079,8103.5522,8064.289,43064.0,:R16,18757.578,8367.947,8306.812,8145.685,43578.0,:R17,18610.824,8932.377,8819.616,8560.16,44923.0,:R19,16400.896,9304.9,9235.267,8945.932,43887.0,:R20,19809.693,8793.059,8303.963,8346.286,45253.0,:R22,20096.807,8886.526,8697.064,8366.597,46047.0,:R24,19445.154,8375.024,8361.75,8077.0815,44259.0,:R26,16115.938,6409.5063,6353.367,6301.1978,35180.0
:R02,18758.531,8203.987,7878.0938,8401.388,43242.0,:R04,19847.994,8891.017,8750.172,8545.828,46035.0,:R06,20257.352,9076.767,8478.59,8532.274,46345.0,:R07,18097.037,8976.178,8597.461,8434.321,44105.0,:R09,15738.287,8708.497,8449.838,8569.36,41466.0,:R10,21031.514,9598.922,9835.468,9500.081,49966.0,:R16,20285.537,9072.807,8902.868,9071.782,47333.0,:R17,17864.625,8392.915,8584.603,8371.863,43214.0,:R19,17938.146,8401.174,8606.001,8425.692,43371.0,:R20,19161.357,8188.265,8035.824,8200.578,43586.0,:R22,20056.447,8913.392,8953.1045,9080.059,47003.0,:R24,21152.145,9883.227,9481.071,9819.569,50336.0,:R26,15392.128,6354.959,6088.2456,6270.6484,34106.0
:R02,19586.514,8099.9844,8378.216,8423.2705,44488.0,:R04,19229.156,8593.956,8665.189,9261.689,45750.0,:R06,19021.512,8221.536,8222.762,8048.1787,43514.0,:R07,16713.082,7404.9004,9480.915,9422.099,43021.0,:R09,19150.086,7215.158,9278.2295,9347.503,44991.0,:R10,19525.502,8441.419,8655.238,8677.855,45300.0,:R16,19801.582,8443.788,8469.723,8780.92,45496.0,:R17,18232.037,8666.932,8404.322,8473.698,43777.0,:R19,17341.947,8280.095,8176.848,8032.1226,41831.0,:R20,18848.047,8405.814,9132.05,8295.101,44681.0,:R22,19668.95,8608.811,8909.304,8595.941,45783.0,:R24,18755.47,7951.6436,8117.535,8394.354,43219.0,:R26,14549.254,6249.66,6068.2124,6228.8647,33096.0
:R02,19701.227,8465.05,8829.501,8597.216,45593.0,:R04,20037.443,8623.729,8728.825,8782.983,46173.0,:R06,19497.703,8216.859,8010.8496,8601.578,44327.0,:R07,17481.072,8048.621,8017.0474,8042.275,41589.0,:R09,16223.898,8653.884,8906.334,8916.895,42701.0,:R10,20821.027,9241.754,9332.895,8606.339,48002.0,:R16,18768.68,8043.8926,8232.963,8413.472,43459.0,:R17,17028.967,9364.763,9363.032,9075.238,44832.0,:R19,18382.758,8426.49,8334.607,8663.169,43807.0,:R20,20462.02,9485.24,8789.095,9140.634,47877.0,:R22,20114.656,8889.615,8714.494,9176.232,46895.0,:R24,18884.637,8372.144,8215.457,8333.772,43806.0,:R26,15956.066,6127.9106,6080.721,6336.3027,34501.0
:R02,19139.941,8105.431,8207.033,8187.61,43640.0,:R04,20477.607,8784.869,9148.157,8992.354,47403.0,:R06,19841.342,8460.677,8824.077,8696.911,45823.0,:R07,17975.615,8270.812,8313.761,8415.816,42976.0,:R09,18630.855,8598.896,8896.216,9232.05,45358.0,:R10,20004.635,9024.207,8857.643,8891.503,46778.0,:R16,19324.867,8498.169,8364.955,8167.0093,44355.0,:R17,17783.646,8329.493,8389.013,8228.846,42731.0,:R19,16990.736,7827.4634,7943.61,8094.195,40856.0,:R20,19227.889,8383.634,8136.053,8414.425,44162.0,:R22,19549.111,8647.089,8813.514,8519.28,45529.0,:R24,19719.502,8680.084,8381.2295,8403.175,45184.0,:R26,15436.614,6073.983,6366.9062,6306.4746,34184.0
:R02,19365.33,8332.936,8451.312,8086.417,44236.0,:R04,20523.863,8866.176,8986.484,9052.482,47429.0,:R06,17452.705,9470.2,9380.506,9632.596,45936.0,:R07,17075.867,8087.9653,8103.162,8015.0073,41282.0,:R09,17778.688,8366.11,8407.724,8094.461,42647.0,:R10,18886.314,8643.729,8187.3774,8085.586,43803.0,:R16,20092.834,8688.393,8517.6875,8546.093,45845.0,:R17,18767.11,8952.494,8950.386,9273.0205,45943.0,:R19,16460.64,8934.387,9102.782,8803.171,43301.0,:R20,20002.715,8557.064,8434.894,8088.3438,45083.0,:R22,19292.057,8202.796,8133.9146,8284.234,43913.0,:R24,17214.97,9068.622,8786.505,9394.8955,44465.0,:R26,14596.218,6317.436,6149.84,6319.5044,33383.0
:R02,19434.951,8624.051,8265.988,8577.005,44902.0,:R04,19225.9,8437.537,8599.772,8614.803,44878.0,:R06,19801.535,8749.784,8139.6895,8677.968,45369.0,:R07,16009.814,8737.627,8673.135,8781.412,42202.0,:R09,18973.318,9389.261,9494.0625,9279.36,47136.0,:R10,20029.83,8822.379,8671.239,8496.536,46020.0,:R16,20223.766,8451.279,8940.76,9100.195,46716.0,:R17,18420.086,9117.817,8521.5,8837.604,44897.0,:R19,16673.365,9143.872,9576.813,9035.949,44430.0,:R20,19824.938,8239.937,9073.315,8578.817,45717.0,:R22,19557.438,8264.392,8970.937,8377.244,45170.0,:R24,19024.646,8322.501,8002.943,8047.922,43398.0,:R26,15535.116,6374.4604,6359.918,6277.512,34547.0
:R02,19891.654,8975.062,8753.442,8873.831,46494.0,:R04,20111.953,9308.39,9063.624,9558.0205,48042.0,:R06,19381.254,8464.189,8409.568,8460.994,44716.0,:R07,20208.623,7098.9683,9641.743,10073.658,47023.0,:R09,15353.488,8712.43,8717.433,8691.652,41475.0,:R10,19265.92,8283.564,8446.442,8647.091,44643.0,:R16,20543.32,8792.713,9143.414,8819.533,47299.0,:R17,16518.307,9512.475,9529.382,9488.818,45049.0,:R19,17462.727,8133.1445,8396.289,8391.851,42384.0,:R20,19317.418,8561.883,8667.672,9061.041,45608.0,:R22,18814.713,8742.3955,8628.96,8500.93,44687.0,:R24,18972.643,7903.8447,8519.953,8300.559,43697.0,:R26,14879.733,6159.2656,6252.2246,6147.758,33439.0
:R02,19532.531,8382.251,8326.926,8421.301,44663.0,:R04,19737.08,8808.588,8366.383,8430.978,45343.0,:R06,20667.357,8944.194,9098.009,8703.437,47413.0,:R07,16459.428,9326.737,9003.679,9540.16,44330.0,:R09,16737.104,8867.148,8802.262,9593.487,44000.0,:R10,18636.203,7767.8423,7945.865,8231.083,42581.0,:R16,19270.75,8207.743,8208.729,8256.784,43944.0,:R17,17999.86,8763.428,8358.901,8560.816,43683.0,:R19,18118.615,9007.937,8511.363,8509.085,44147.0,:R20,19051.336,8478.216,8534.325,8703.124,44767.0,:R22,20089.732,8837.126,9135.163,8966.968,47029.0,:R24,19593.37,8363.864,8250.539,8568.217,44776.0,:R26,15810.341,5935.485,6311.1294,6202.051,34259.0
:R02,20340.959,8841.681,9359.942,9254.421,47797.0,:R04,19725.984,8309.507,8394.132,8612.381,45042.0,:R06,19848.42,8382.287,8314.338,8378.979,44924.0,:R07,19200.584,9131.796,9289.603,9406.021,47028.0,:R09,17078.584,7961.448,7981.415,7765.557,40787.0,:R10,19706.91,8457.067,8865.726,8629.292,45659.0,:R16,20091.875,9060.602,9013.445,9302.079,47468.0,:R17,18462.512,8953.391,8814.731,8595.361,44826.0,:R19,16745.725,9361.043,9648.01,9058.224,44813.0,:R20,19381.188,8455.254,8327.41,8533.146,44697.0,:R22,20042.998,8743.572,8911.981,8682.445,46381.0,:R24,19506.766,8265.113,8031.8594,8764.27,44568.0,:R26,15212.813,6327.942,6205.5493,6342.6953,34089.0
:R02,18436.14,7960.713,7664.4146,8005.7295,42067.0,:R04,19411.562,8310.391,8681.071,8338.986,44742.0,:R06,19313.53,8475.754,8391.691,8371.023,44552.0,:R07,17991.996,8322.699,8226.898,8535.42,43077.0,:R09,18159.69,8278.3545,8211.37,8775.595,43425.0,:R10,18492.219,8242.563,7975.608,8109.6084,42820.0,:R16,20756.807,9012.192,9137.57,9223.443,48130.0,:R17,18132.477,8634.458,9203.787,8856.272,44827.0,:R19,18585.258,8677.065,8563.554,8678.108,44504.0,:R20,19136.398,8296.261,8414.179,8975.152,44822.0,:R22,19651.986,8572.097,8099.9873,8536.94,44861.0,:R24,18979.51,8365.65,8030.6357,8650.188,44026.0,:R26,14929.257,6377.4766,6153.092,6258.178,33718.0
:R02,19712.162,8806.405,8782.767,8282.682,45584.0,:R04,19311.66,8102.7417,8244.782,8376.82,44036.0,:R06,20185.469,9065.017,8789.877,9100.642,47141.0,:R07,18086.404,8476.515,8537.387,8646.699,43747.0,:R09,16307.799,9119.501,8959.675,8910.033,43297.0,:R10,18531.516,8338.771,7742.1406,7915.5713,42528.0,:R16,18737.652,8515.458,8549.822,8616.068,44419.0,:R17,18263.605,8662.246,8757.237,8947.917,44631.0,:R19,19526.787,6597.7163,9244.624,9116.866,44486.0,:R20,20266.945,8791.909,8806.2705,8687.895,46553.0,:R22,19025.955,8496.837,8275.204,8628.013,44426.0,:R24,19431.395,8402.291,8649.71,8273.594,44757.0,:R26,14446.449,6282.4497,5968.053,5981.049,32678.0
