:W02,17971.727,9301.236,5608.104,8764.936,41646.0,:W04,17210.498,8537.456,5244.027,8592.012,39584.0,:W06,17730.889,8569.715,5703.9165,8435.477,40440.0,:W07,16476.99,8303.935,5547.896,8665.162,38994.0,:W09,16144.938,8944.529,5887.459,8997.079,39974.0,:W10,16438.533,7906.521,5392.7173,7602.2246,37340.0,:W16,16611.775,7758.801,5459.892,7873.5386,37704.0,:W17,15602.316,8886.431,5709.474,8314.77,38513.0,:W19,16248.416,8892.042,6100.0317,8838.51,40079.0,:W20,17644.27,9095.612,5628.5254,8681.581,41050.0,:W22,16865.816,8133.681,5238.6074,8483.884,38722.0,:W24,17034.379,8277.026,5534.6655,8068.922,38915.0,:W26,17025.31,6730.205,7115.265,6790.227,37661.0
:W02,17780.615,9048.774,5738.2554,8937.351,41505.0,:W04,17036.105,7920.4795,5520.206,8058.2173,38535.0,:W06,16544.066,8087.195,5421.9575,8025.7773,38079.0,:W07,15902.784,8908.284,5799.216,9097.724,39708.0,:W09,17690.75,9178.413,6153.8306,9149.993,42173.0,:W10,16561.832,8208.816,5360.988,8334.36,38466.0,:W16,17342.47,8400.563,5641.914,8481.046,39866.0,:W17,15818.115,8849.038,5922.317,9010.536,39600.0,:W19,16194.593,8904.298,6031.2617,9026.856,40157.0,:W20,17150.787,8361.644,5419.0625,8155.5083,39087.0,:W22,16485.82,7748.8022,5515.544,7619.8267,37370.0,:W24,16550.11,8080.9604,5314.802,7938.129,37884.0,:W26,15765.753,6598.9946,7130.199,6390.019,35885.0
:W02,16344.801,7761.672,5280.1504,7590.392,36977.0,:W04,16200.774,7517.8237,5273.918,7852.4795,36845.0,:W06,15974.037,7511.1245,5036.3354,7835.5024,36357.0,:W07,16202.947,8376.045,5425.824,8493.19,38498.0,:W09,17220.438,8874.272,5974.7554,9234.528,41304.0,:W10,17628.549,8160.855,5668.5713,8495.026,39953.0,:W16,16757.574,7910.0386,5694.052,7849.328,38211.0,:W17,17365.11,8931.845,5898.283,9087.764,41283.0,:W19,16194.4,8707.244,5654.2383,8679.121,39235.0,:W20,17171.188,7988.6665,5677.678,8175.4746,39013.0,:W22,17822.086,8295.275,5797.941,8383.7,40299.0,:W24,16874.621,8244.351,5299.186,8210.846,38629.0,:W26,16976.354,6835.8774,7212.474,6868.295,37893.0
:W02,15869.634,7728.111,5313.454,7795.8125,36707.0,:W04,16614.686,7876.702,5588.448,7834.172,37914.0,:W06,16677.676,7917.4087,5485.785,7770.133,37851.0,:W07,14482.769,9500.914,6677.8535,9339.466,40001.0,:W09,17055.441,9093.968,6216.2705,8824.303,41190.0,:W10,17262.48,8094.2617,5457.751,8384.499,39199.0,:W16,17087.895,8101.0757,5503.4536,8338.578,39031.0,:W17,15820.121,8520.355,5836.622,9014.906,39192.0,:W19,15633.718,8351.2,5932.3286,8667.757,38585.0,:W20,17577.736,8414.368,5779.8276,8617.05,40389.0,:W22,17195.76,8465.184,5631.6704,8376.3955,39669.0,:W24,17696.059,9318.392,5811.7686,8938.77,41765.0,:W26,17134.365,6537.3833,7208.237,6697.0024,37577.0
:W02,16689.95,7574.866,5408.2812,7768.9004,37442.0,:W04,16884.436,8417.876,5328.1553,8360.546,38991.0,:W06,16358.986,7894.0024,5345.7485,7594.2573,37193.0,:W07,14687.386,9271.093,6372.7363,9167.788,39499.0,:W09,15589.231,8441.399,5754.3657,8443.01,38228.0,:W10,17011.342,8010.2324,5880.177,8069.252,38971.0,:W16,17006.648,8301.476,5395.247,8271.633,38975.0,:W17,17304.99,8858.106,6047.853,9163.043,41374.0,:W19,16608.035,8911.102,5942.9136,8884.928,40347.0,:W20,16194.983,7728.5776,5456.075,7993.367,37373.0,:W22,17480.111,8351.445,5745.871,8374.596,39952.0,:W24,16494.248,7766.676,5365.247,7737.842,37364.0,:W26,16704.787,6625.7007,7329.2715,6802.242,37462.0
:W02,16902.36,8777.334,5406.4165,8392.896,39479.0,:W04,16887.938,7929.321,5558.159,7885.579,38261.0,:W06,17884.436,8316.156,5720.1265,8474.282,40395.0,:W07,17699.842,9059.952,6084.2905,9302.908,42147.0,:W09,16247.664,9002.476,5978.881,8838.971,40068.0,:W10,16971.275,8345.984,5679.0596,7993.6816,38990.0,:W16,17134.877,8296.248,5417.209,8261.659,39110.0,:W17,14559.443,9257.885,6479.4175,9131.254,39428.0,:W19,16969.844,8708.844,5574.831,8781.48,40035.0,:W20,17670.871,8590.333,5510.303,8353.493,40125.0,:W22,17562.133,8303.933,5535.179,8393.753,39795.0,:W24,17034.574,7818.5312,5348.3184,7793.5786,37995.0,:W26,15995.392,7022.529,7400.1055,6817.9644,37236.0
:W02,16359.018,7549.6235,5338.92,7588.425,36836.0,:W04,17287.63,8461.68,5676.5776,8236.123,39662.0,:W06,17386.65,8491.201,5755.838,8618.301,40252.0,:W07,16899.438,8860.639,5714.7285,8749.1875,40224.0,:W09,15513.641,8304.153,5622.0283,8811.188,38251.0,:W10,16798.643,7955.5757,5442.2017,8128.578,38325.0,:W16,17305.309,8517.856,5533.183,8204.669,39561.0,:W17,14847.275,9484.71,6515.586,9181.435,40029.0,:W19,15834.369,8497.868,5644.1445,8577.608,38554.0,:W20,17974.463,8733.979,5679.93,8837.634,41226.0,:W22,16749.639,8078.0444,5166.846,8358.479,38353.0,:W24,16243.652,7571.428,5386.076,7573.846,36775.0,:W26,16940.82,6731.724,7172.7593,7005.7007,37851.0
:W02,17960.008,8757.929,5945.7026,8376.351,41040.0,:W04,17665.736,8502.268,5479.8735,8799.128,40447.0,:W06,17866.348,8721.208,5870.4487,8857.995,41316.0,:W07,17020.361,8836.053,5759.923,8954.656,40571.0,:W09,15277.136,9238.688,6252.5337,9080.651,39849.0,:W10,17633.238,8113.5933,5771.223,8939.948,40458.0,:W16,17878.225,8918.841,5808.2695,8794.661,41400.0,:W17,16838.717,8744.761,5677.639,8862.876,40124.0,:W19,16897.707,8908.921,5821.355,8557.007,40185.0,:W20,16749.693,8033.664,5084.573,8310.067,38178.0,:W22,16934.426,7909.6313,5639.408,7926.5317,38410.0,:W24,17154.123,8179.302,5486.732,8722.845,39543.0,:W26,16524.447,6657.279,7415.7173,6783.527,37381.0
:W02,16006.392,7652.3413,5236.938,7849.3315,36745.0,:W04,17371.117,8058.1875,5624.7476,7851.949,38906.0,:W06,16929.686,8149.8877,5451.8896,8135.5503,38667.0,:W07,15967.2705,9124.231,6321.8037,9448.704,40862.0,:W09,15941.162,8664.055,5857.8286,8941.952,39405.0,:W10,17171.113,8137.498,5708.4404,7997.9385,39015.0,:W16,16777.455,8137.765,5193.712,8115.067,38224.0,:W17,15818.454,8350.343,5854.167,8783.048,38806.0,:W19,15482.747,8836.364,5983.4683,8703.419,39006.0,:W20,16704.746,8007.2544,5354.5527,8111.4487,38178.0,:W22,16954.293,8141.3965,5544.8784,8151.4287,38792.0,:W24,17668.62,8487.545,5701.4634,8608.369,40466.0,:W26,17439.098,7068.922,7515.7935,6988.1714,39012.0
:W02,16172.383,7965.2773,5622.8906,7852.4624,37613.0,:W04,17071.922,7841.842,5748.257,8051.9697,38714.0,:W06,17382.42,8639.937,5397.2275,8448.42,39868.0,:W07,16392.95,8584.44,5421.2495,8728.37,39127.0,:W09,15741.263,9468.88,6509.7686,9278.093,40998.0,:W10,17161.838,8267.992,5683.11,8164.0723,39277.0,:W16,17638.639,8688.851,5985.373,8553.133,40866.0,:W17,15445.289,9519.881,6494.621,9123.209,40583.0,:W19,16492.14,9170.594,6036.729,9122.524,40822.0,:W20,16527.504,8186.7847,5264.819,7956.887,37936.0,:W22,16879.729,7984.5845,5707.475,8109.2183,38681.0,:W24,16941.416,8152.6304,5399.6504,8040.3,38534.0,:W26,16658.102,6912.137,7467.871,6710.9004,37749.0
:W02,17132.492,8191.1406,5934.8135,8139.545,39398.0,:W04,17748.963,8514.443,5711.7085,8726.889,40702.0,:W06,17074.951,8146.4727,5137.998,8159.5713,38519.0,:W07,15834.28,8887.343,5914.7295,8874.651,39511.0,:W09,17172.602,8837.213,5688.1865,8849.98,40548.0,:W10,17304.357,8214.281,5438.309,8585.049,39542.0,:W16,16333.124,7419.383,5250.202,7724.295,36727.0,:W17,16504.293,8392.415,5604.5127,8762.775,39264.0,:W19,17356.486,8950.941,5935.773,9178.804,41422.0,:W20,16826.621,8797.797,5331.7246,8334.854,39291.0,:W22,16381.006,7719.18,5330.944,7761.8745,37193.0,:W24,16531.709,8022.6675,5417.6875,8263.944,38236.0,:W26,16909.875,6963.89,7511.9336,7059.2935,38445.0
:W02,16656.709,7913.7188,5547.232,8000.345,38118.0,:W04,17273.146,8369.557,5570.4785,8344.82,39558.0,:W06,17608.193,8327.596,5630.2964,8345.921,39912.0,:W07,16430.31,9278.508,6090.604,9014.579,40814.0,:W09,16455.97,8929.853,6097.576,9024.604,40508.0,:W10,17367.842,8445.681,5484.064,8170.4,39468.0,:W16,17177.482,8306.405,5463.7373,8057.3906,39005.0,:W17,15677.596,8831.09,5766.4355,8418.896,38694.0,:W19,16807.271,8768.926,5835.372,9013.429,40425.0,:W20,16771.664,8320.392,5477.6646,8157.2837,38727.0,:W22,16540.047,7720.6196,5548.7627,7946.5693,37756.0,:W24,16270.087,8191.6006,5524.2344,7601.0747,37587.0,:W26,16885.9,6384.0835,7367.056,6676.965,37314.0
:W02,16799.879,7881.459,5768.3774,7920.284,38370.0,:W04,17053.572,7937.17,5679.3784,8251.877,38922.0,:W06,17131.805,8076.3325,5207.2607,7836.5967,38252.0,:W07,16544.785,8582.812,5851.5938,8567.82,39547.0,:W09,16102.251,8826.906,5861.9287,8624.912,39416.0,:W10,16902.61,8112.245,5535.5347,8195.618,38746.0,:W16,16801.271,7752.182,5607.0366,7993.519,38154.0,:W17,17802.44,9414.026,6132.346,8958.186,42307.0,:W19,17143.97,9058.488,5834.988,8933.564,40971.0,:W20,16406.764,8126.123,5313.929,7894.1953,37741.0,:W22,16358.608,7624.9526,5385.566,7957.875,37327.0,:W24,17087.613,8494.193,5574.651,8490.535,39647.0,:W26,17273.55,6733.176,7231.0806,6881.1987,38119.0
:W02,17972.602,8453.281,5854.8726,8858.256,41139.0,:W04,17673.506,9010.728,5732.2783,8786.481,41203.0,:W06,18239.992,8981.404,5705.592,8624.012,41551.0,:W07,17085.646,8673.781,6075.2876,8873.285,40708.0,:W09,16164.715,8729.177,6039.816,8813.295,39747.0,:W10,17986.264,8416.322,5572.5273,8648.89,40624.0,:W16,17290.053,8046.126,5599.0435,8169.7817,39105.0,:W17,17500.918,9233.389,6040.0664,8774.638,41549.0,:W19,16189.337,8768.438,5927.018,8687.198,39572.0,:W20,17231.742,7899.264,5671.845,7947.1445,38750.0,:W22,17280.719,8332.848,5200.0293,8368.423,39182.0,:W24,16727.393,8044.194,5661.582,8064.825,38498.0,:W26,17248.715,6375.9473,7125.0415,6804.281,37554.0
:W02,17094.826,8412.401,5219.407,8538.357,39265.0,:W04,17054.717,8518.476,5402.0034,8364.805,39340.0,:W06,17155.674,8332.033,5717.19,8373.103,39578.0,:W07,15870.61,8680.418,5774.1206,8656.846,38982.0,:W09,15967.34,9116.098,6007.3936,9045.179,40136.0,:W10,17670.559,8685.577,5485.887,8864.975,40707.0,:W16,16490.877,8080.338,5197.169,8319.614,38088.0,:W17,16438.781,8669.132,5633.6885,8442.408,39184.0,:W19,16177.479,8714.832,5852.5054,8725.174,39470.0,:W20,17141.102,8204.18,5928.549,8095.1694,39369.0,:W22,17050.012,8069.554,5594.8726,8076.557,38791.0,:W24,17582.664,8368.137,5834.493,8166.7046,39952.0,:W26,17209.562,6706.342,7515.676,6907.437,38339.0
:W02,17909.012,9226.844,5579.492,9102.645,41818.0,:W04,16542.955,7910.858,5384.6567,7919.5347,37758.0,:W06,17260.768,8329.651,5522.818,8422.767,39536.0,:W07,15766.939,9173.633,6376.0454,9261.403,40578.0,:W09,15901.849,8506.254,5710.111,8759.79,38878.0,:W10,17123.914,8294.208,5504.4775,7843.402,38766.0,:W16,17437.135,8379.071,5542.178,8343.617,39702.0,:W17,17421.207,8614.75,5801.496,8802.56,40640.0,:W19,16277.773,8903.959,5974.053,8921.216,40077.0,:W20,16989.385,8340.312,5715.6084,8447.689,39493.0,:W22,17987.912,8231.391,5878.42,8658.284,40756.0,:W24,17255.738,8563.381,5812.615,8941.263,40573.0,:W26,17047.896,6736.7954,7340.717,6795.61,37921.0
:W02,16890.75,7731.3945,5363.547,8157.303,38143.0,:W04,16433.094,7823.5464,5568.2197,7719.1333,37544.0,:W06,17657.07,8257.041,5906.2593,8154.6343,39975.0,:W07,15753.793,9028.694,5798.273,8615.247,39196.0,:W09,16050.054,8743.396,5906.6523,8683.9,39384.0,:W10,17342.652,8163.671,5809.7466,8235.933,39552.0,:W16,17487.336,8265.464,5752.9214,8368.266,39874.0,:W17,14952.267,8120.7866,5551.6704,8155.271,36780.0,:W19,14613.395,9278.6,6427.3203,9467.681,39787.0,:W20,17688.316,9126.63,5778.564,8949.487,41543.0,:W22,17257.615,8193.021,5912.657,8110.7144,39474.0,:W24,16662.238,8106.477,5584.2744,8106.022,38459.0,:W26,17144.06,7039.574,7341.3457,6846.03,38371.0
:W02,16855.373,8069.54,5429.4194,8357.658,38712.0,:W04,17658.92,8365.707,5820.259,8299.1,40144.0,:W06,16721.553,8175.6943,5562.86,8096.8975,38557.0,:W07,15117.409,8406.966,5496.6367,8407.992,37429.0,:W09,17162.207,9019.817,6045.795,8860.188,41088.0,:W10,16586.986,7949.768,5534.5347,7631.6973,37703.0,:W16,16939.738,8115.4736,5617.812,7921.9746,38595.0,:W17,16669.107,8963.911,6189.399,9078.591,40901.0,:W19,15831.035,8708.992,6123.937,8628.041,39292.0,:W20,17140.936,8259.641,5689.775,8264.652,39355.0,:W22,16881.553,8325.6455,5448.2114,8426.597,39082.0,:W24,17218.203,8484.293,5654.716,8687.795,40045.0,:W26,17496.672,6761.469,7209.574,6800.27,38268.0
:W02,16963.402,8353.581,5223.122,8706.89,39247.0,:W04,17125.115,8447.768,5440.641,8090.4697,39104.0,:W06,16870.225,8421.433,5625.339,8760.011,39677.0,:W07,17014.834,8860.557,5877.3647,8790.261,40543.0,:W09,16101.175,8803.376,5954.4517,8956.994,39816.0,:W10,17353.096,8407.903,5841.656,8375.353,39978.0,:W16,16591.879,7876.037,5552.2183,7927.869,37948.0,:W17,16256.819,8504.555,5707.056,8390.584,38859.0,:W19,17425.605,8965.474,6104.1045,9252.819,41748.0,:W20,16776.11,8628.756,5551.868,8288.258,39245.0,:W22,16669.572,7929.166,5271.67,8190.608,38061.0,:W24,17014.895,8506.015,5433.9683,8253.118,39208.0,:W26,16481.502,6701.8677,7123.3765,6719.27,37026.0
:W02,16291.893,7781.521,5296.4565,7831.1367,37201.0,:W04,17861.492,8992.744,5636.5127,9065.258,41556.0,:W06,16373.953,7649.2686,5169.9526,7576.8257,36770.0,:W07,16681.91,8799.95,6143.2563,8984.888,40610.0,:W09,17027.72,9149.016,5869.3037,8864.963,40911.0,:W10,17012.623,8598.87,5238.1646,8505.347,39355.0,:W16,17504.312,8670.24,5748.469,8565.978,40489.0,:W17,16633.643,8943.36,6182.739,9040.251,40800.0,:W19,16930.13,9106.071,5870.888,9002.904,40910.0,:W20,16822.732,8363.653,5533.562,8526.054,39246.0,:W22,17406.322,8391.13,5637.7554,7827.785,39263.0,:W24,16889.354,7954.681,5260.225,7849.74,37954.0,:W26,16451.611,6605.683,7219.944,6730.7812,37008.0
:W02,17704.691,8451.419,5680.1177,8299.769,40136.0,:W04,16332.81,7755.62,5398.5923,7622.9683,37110.0,:W06,16745.65,7815.821,5673.8354,7706.6895,37942.0,:W07,16467.932,9148.622,5837.698,8769.743,40224.0,:W09,16179.331,9850.405,6359.0825,9374.183,41763.0,:W10,16336.842,7851.3022,5236.733,7883.1343,37308.0,:W16,16503.95,8143.7334,5242.03,8026.2896,37916.0,:W17,16894.287,8340.818,5855.0312,8684.862,39775.0,:W19,16203.437,8529.048,5745.2837,8476.232,38954.0,:W20,17506.879,8800.283,5271.5703,8794.246,40373.0,:W22,17439.984,8078.233,5427.744,7935.052,38881.0,:W24,16789.34,8309.0,5450.0386,8051.6304,38600.0,:W26,17504.984,6689.9297,7268.8306,6855.2397,38319.0
:W02,17478.455,8159.018,5950.7324,8113.7866,39702.0,:W04,16267.683,7725.668,5373.384,7647.266,37014.0,:W06,17705.49,7962.8896,5666.465,7983.1426,39318.0,:W07,15884.117,8729.461,5814.054,8633.377,39061.0,:W09,16018.216,8737.273,5918.155,8617.364,39291.0,:W10,18178.36,9175.14,5680.8066,8762.687,41797.0,:W16,17408.883,8691.436,5545.748,9225.947,40872.0,:W17,17658.03,8859.781,5977.325,9089.864,41585.0,:W19,15987.039,8759.225,5939.8325,8834.905,39521.0,:W20,16451.541,7810.9478,5497.157,7770.3613,37530.0,:W22,17419.414,8748.196,5607.471,8558.91,40334.0,:W24,17434.746,8106.3223,5824.608,8027.319,39393.0,:W26,16451.154,6869.8613,7399.155,6904.8306,37625.0
:W02,17653.793,8452.8,5488.4937,8649.904,40245.0,:W04,16509.625,7626.541,5493.7056,7821.1377,37451.0,:W06,16282.237,8373.214,5389.7554,7931.791,37977.0,:W07,17484.27,8982.118,5811.416,8810.222,41088.0,:W09,16632.295,8780.697,5723.45,8350.558,39487.0,:W10,17764.307,8376.457,5507.0547,8424.176,40072.0,:W16,16501.078,7894.883,5432.0796,7757.9624,37586.0,:W17,18072.74,9260.44,5939.0146,6757.804,40030.0,:W19,16608.459,8385.613,5692.6064,8935.308,39622.0,:W20,16925.336,8573.19,5600.7197,8204.741,39304.0,:W22,17098.752,8290.807,5288.94,8280.504,38959.0,:W24,17067.959,8393.395,5445.9146,8464.7295,39372.0,:W26,16754.268,6666.672,7236.436,6654.6147,37312.0
:W02,17461.014,8054.3486,5637.043,8721.592,39874.0,:W04,16863.893,8209.574,5359.1455,8399.379,38832.0,:W06,15897.077,7786.5083,5241.454,7598.9644,36524.0,:W07,15422.958,9734.312,6477.2793,9256.462,40891.0,:W09,16842.164,8702.912,5736.884,8754.041,40036.0,:W10,17234.703,8342.431,5572.2944,8127.5713,39277.0,:W16,18216.654,8672.268,6093.9565,9286.128,42269.0,:W17,17482.383,9104.388,5857.921,8850.32,41295.0,:W19,16244.301,8804.271,5897.5625,8799.862,39746.0,:W20,17460.342,8284.064,5631.682,8223.902,39600.0,:W22,16055.812,8064.613,5263.4966,7592.087,36976.0,:W24,17470.676,7913.271,5388.643,7888.398,38661.0,:W26,15952.581,6683.25,7234.0396,6646.133,36516.0
:W02,17285.031,8296.2705,5628.651,8387.044,39597.0,:W04,17186.336,7860.192,5331.4033,8048.0757,38426.0,:W06,17321.098,8083.0166,5746.5645,8278.321,39429.0,:W07,17475.473,9196.633,6069.1484,9056.734,41798.0,:W09,16627.25,8499.503,5738.7837,8521.464,39387.0,:W10,16941.682,8358.938,5432.6196,8088.7603,38822.0,:W16,16370.494,8028.4297,5431.721,7852.3604,37683.0,:W17,15407.08,8727.949,5510.367,8631.612,38277.0,:W19,16487.023,9841.734,6565.379,9123.855,42018.0,:W20,16457.11,8113.362,5521.6763,7580.8516,37673.0,:W22,17107.258,8335.722,5597.1504,8243.883,39284.0,:W24,18155.824,8834.986,5552.961,8768.23,41312.0,:W26,17622.918,6903.1836,7285.5493,6939.3335,38751.0
:W02,16111.067,7427.3677,5097.081,7828.478,36464.0,:W04,16743.604,8153.221,5432.543,8342.634,38672.0,:W06,17163.82,8263.891,5785.6533,8258.635,39472.0,:W07,16636.355,8749.326,5752.6084,8619.719,39758.0,:W09,17530.836,9218.853,6151.138,9072.165,41973.0,:W10,16971.924,7857.891,5511.625,8024.564,38366.0,:W16,16778.133,8174.4346,5188.394,8143.035,38284.0,:W17,15980.89,9213.952,6003.747,8831.41,40030.0,:W19,16007.634,8614.147,6204.144,9184.071,40010.0,:W20,16740.465,8353.571,5538.7188,7796.2563,38429.0,:W22,16637.928,8642.513,5255.379,8074.183,38610.0,:W24,16597.652,8234.251,5420.0107,8040.087,38292.0,:W26,17134.37,6858.515,7408.8374,6902.289,38304.0
:W02,16656.152,7903.093,5458.9814,7767.77,37786.0,:W04,17956.664,8558.092,5730.6997,8588.544,40834.0,:W06,17552.617,8441.237,5815.4165,8220.734,40030.0,:W07,15687.716,9221.178,6353.3677,9212.739,40475.0,:W09,15846.896,8469.8125,6024.8184,9037.465,39379.0,:W10,17037.482,8715.501,5383.94,8544.071,39681.0,:W16,16201.472,7869.275,5468.7764,7980.475,37520.0,:W17,15174.085,8299.689,5539.4614,8748.779,37762.0,:W19,16335.887,8212.932,5578.5728,8634.613,38762.0,:W20,17299.912,8374.407,5620.511,8437.159,39732.0,:W22,17437.168,8784.436,5460.2554,8441.141,40123.0,:W24,17038.2,8340.495,5557.766,8154.5405,39091.0,:W26,16466.553,7024.514,7352.707,6725.22,37569.0
:W02,17139.578,8727.595,5315.897,8655.927,39839.0,:W04,17158.543,8534.189,5656.9995,7843.279,39193.0,:W06,16711.107,8173.4595,5228.912,7958.5205,38072.0,:W07,16042.109,8685.993,5808.013,8829.898,39366.0,:W09,16721.564,8634.569,5658.742,8278.12,39293.0,:W10,16004.01,7397.4043,5181.1514,7397.4297,35980.0,:W16,17018.92,8025.0596,5526.877,8235.134,38806.0,:W17,17452.787,9110.576,5971.2617,8889.372,41424.0,:W19,17102.1,8882.012,5996.1353,8800.747,40781.0,:W20,16408.64,7889.9985,5178.641,8065.7144,37543.0,:W22,16163.456,7607.2827,5259.676,7752.5757,36783.0,:W24,16806.576,7900.1377,5222.462,8046.8096,37976.0,:W26,17138.32,6710.6206,7366.701,6762.352,37978.0
:W02,16820.799,7647.504,5500.808,8194.89,38164.0,:W04,16767.625,7898.6406,5424.6655,7914.0737,38005.0,:W06,17344.143,8710.771,5639.8667,8268.232,39963.0,:W07,15610.551,8584.768,5806.6387,8592.036,38594.0,:W09,15920.756,8597.48,5744.4263,8467.338,38730.0,:W10,16073.084,7668.295,5389.4146,7723.2036,36854.0,:W16,16575.625,7928.9756,5363.9976,8025.3984,37894.0,:W17,15783.454,8680.753,5963.5225,8842.268,39270.0,:W19,15881.701,8530.749,5910.794,8687.766,39011.0,:W20,17607.701,8201.46,5563.931,8434.908,39808.0,:W22,17402.314,8305.775,5841.46,8110.439,39660.0,:W24,17050.291,8291.223,5495.842,8547.652,39385.0,:W26,16384.078,7015.988,7490.778,6945.166,37836.0
:W02,17054.803,7749.481,5451.2544,7818.467,38074.0,:W04,17234.863,8217.018,5834.8306,8829.295,40116.0,:W06,17685.586,8381.759,5763.877,8622.774,40454.0,:W07,15279.7705,9283.112,6183.312,9199.805,39946.0,:W09,15217.018,8019.426,5464.3623,8003.201,36704.0,:W10,17522.635,8330.3125,5551.657,8754.402,40159.0,:W16,16528.527,7896.4795,5301.6133,7939.3823,37666.0,:W17,16054.337,8828.034,5934.773,8858.855,39676.0,:W19,17127.883,8891.085,5935.6157,8728.421,40683.0,:W20,16851.387,8296.856,5380.702,8088.0513,38617.0,:W22,16674.666,8981.466,5291.5986,8220.2705,39168.0,:W24,17238.57,8365.493,5150.253,8523.69,39278.0,:W26,17093.896,6931.1177,7282.6343,6659.377,37967.0
:W02,16201.561,7564.047,5407.3413,7851.055,37024.0,:W04,17047.38,8153.1904,5592.869,8474.567,39268.0,:W06,17088.059,8154.9688,5446.95,8357.022,39047.0,:W07,17427.76,9032.208,5825.9487,8847.068,41133.0,:W09,16236.401,8926.771,6074.1455,9107.6875,40345.0,:W10,17408.367,8580.708,5757.414,8884.51,40631.0,:W16,16780.803,7882.395,5389.4595,7977.3545,38030.0,:W17,16270.1,8931.51,5910.4175,9148.973,40261.0,:W19,16656.555,8596.85,5663.0854,8764.508,39681.0,:W20,17149.58,8183.0415,5611.5703,7960.8164,38905.0,:W22,17572.105,8651.66,5605.271,8172.962,40002.0,:W24,17211.408,8432.859,5496.966,7927.775,39069.0,:W26,16099.031,6737.972,7303.7026,6593.291,36734.0
:W02,17508.11,8563.652,5715.5186,8527.716,40315.0,:W04,16686.133,8141.5703,5457.1343,8141.168,38426.0,:W06,17498.426,8214.12,5713.977,8165.477,39592.0,:W07,15757.2295,8517.7,5707.586,8416.48,38399.0,:W09,15881.716,8770.946,5769.968,8642.374,39065.0,:W10,16750.348,8443.164,5204.1855,8106.306,38504.0,:W16,16837.334,7971.1074,5468.4565,8133.099,38410.0,:W17,16264.113,8795.147,5756.906,8520.824,39337.0,:W19,15987.25,8568.397,5830.207,9179.148,39565.0,:W20,17062.271,8227.813,5679.5273,8106.384,39076.0,:W22,17640.396,8640.44,5460.912,8950.25,40692.0,:W24,17101.406,8047.3174,5668.847,7982.4194,38800.0,:W26,16635.857,6979.3267,7238.1597,6786.658,37640.0
:W02,17251.176,8129.548,5572.8726,7847.409,38801.0,:W04,17335.602,8508.0,5882.157,8420.234,40146.0,:W06,17012.39,7993.4224,5528.289,8421.887,38956.0,:W07,15044.788,9244.385,6309.5117,9273.317,39872.0,:W09,15871.434,8876.855,5952.192,8629.524,39330.0,:W10,17289.303,8252.326,5545.5664,8333.809,39421.0,:W16,16298.856,7809.9673,5184.7944,7654.391,36948.0,:W17,17630.143,8984.977,5991.7183,9008.177,41615.0,:W19,16979.693,9002.489,6306.502,9335.317,41624.0,:W20,16576.35,7762.4463,5324.2065,7774.0073,37437.0,:W22,16817.1,8141.0664,5401.8477,8204.996,38565.0,:W24,16702.9,8145.4146,5166.324,8155.3613,38170.0,:W26,17033.162,6832.76,7333.2036,6688.8813,37888.0
:W02,16932.832,7959.271,5390.5625,8184.3354,38467.0,:W04,16993.441,8131.987,5665.3438,8082.229,38873.0,:W06,17547.838,9066.148,5631.5796,8702.418,40948.0,:W07,16142.371,9071.71,5968.889,8897.025,40080.0,:W09,16143.936,8786.058,6016.023,9026.992,39973.0,:W10,16671.986,8322.133,5662.1406,8183.7373,38840.0,:W16,16747.814,7891.2715,5265.808,8107.1094,38012.0,:W17,16336.063,8660.8545,5709.534,8651.549,39358.0,:W19,16567.697,9045.121,6136.253,9169.932,40919.0,:W20,17511.453,8469.602,5496.3423,8427.61,39905.0,:W22,16560.334,8257.566,5320.221,8045.896,38184.0,:W24,16781.064,7907.0947,5640.5005,8118.3345,38447.0,:W26,17205.338,6787.761,7225.6313,6694.2637,37913.0
:W02,16766.273,8166.4165,5268.65,8636.656,38838.0,:W04,17501.926,8310.827,5780.978,8350.27,39944.0,:W06,16214.329,7497.2812,5294.119,7905.2666,36911.0,:W07,16176.452,8803.075,5885.231,8735.244,39600.0,:W09,16563.992,8628.905,5562.676,8610.426,39366.0,:W10,15826.505,7261.745,5199.533,7481.213,35769.0,:W16,17751.416,8434.965,5755.347,8563.277,40505.0,:W17,16099.034,8217.604,5544.222,8211.143,38072.0,:W19,15439.476,9424.991,6320.767,9121.764,40307.0,:W20,16724.787,8520.328,5436.735,8201.145,38883.0,:W22,17605.373,8505.22,5733.996,8403.416,40248.0,:W24,16804.23,8108.696,5710.437,7897.6377,38521.0,:W26,17185.205,6948.207,7258.2676,7004.312,38396.0
:W02,17942.352,8479.535,5604.548,9059.568,41086.0,:W04,17835.96,8605.946,5677.7285,8676.361,40796.0,:W06,17412.379,8373.774,5548.028,8419.815,39754.0,:W07,14585.65,9217.749,6513.5767,9157.035,39474.0,:W09,15438.001,8541.213,5698.611,8754.169,38432.0,:W10,18385.309,8908.7295,5912.2627,9197.695,42404.0,:W16,16929.445,8029.8174,5525.908,8017.8325,38503.0,:W17,14676.813,9388.166,6382.572,9448.453,39896.0,:W19,16124.198,9007.71,5881.333,8838.752,39852.0,:W20,16365.559,7409.3945,5244.6655,7558.3853,36578.0,:W22,16637.998,8022.539,5282.95,8063.5186,38007.0,:W24,17065.457,8224.898,5586.085,8031.5625,38908.0,:W26,17324.725,6761.1523,7418.6206,6754.4897,38259.0
:W02,16479.1,7949.9336,5409.9546,7753.013,37592.0,:W04,16080.84,7753.6895,5313.6235,8060.85,37209.0,:W06,17198.229,8278.982,5698.375,8721.414,39897.0,:W07,16568.7,8956.43,5837.3193,8572.55,39935.0,:W09,16611.08,8881.58,6058.6895,8815.64,40367.0,:W10,16349.648,8050.2373,5413.5605,7967.5537,37781.0,:W16,17619.188,8864.0205,5614.934,8573.856,40672.0,:W17,16512.709,8565.1045,5470.852,8459.323,39008.0,:W19,16568.824,8903.515,5878.291,8743.367,40094.0,:W20,16552.953,7732.3184,5524.2017,7774.529,37584.0,:W22,17023.047,8779.634,5411.0347,8740.287,39954.0,:W24,15894.252,7494.1895,4846.6147,7431.938,35667.0,:W26,17638.299,6608.7007,7525.3843,6777.6265,38550.0
:W02,17197.61,8300.63,5496.568,8398.194,39393.0,:W04,16315.546,8026.232,5403.7104,8142.5103,37888.0,:W06,17129.29,8579.505,5668.9395,8415.265,39793.0,:W07,17312.293,8808.653,5867.063,8709.997,40698.0,:W09,16196.194,9310.599,6008.7153,8959.506,40475.0,:W10,17183.68,8246.206,5676.834,8720.283,39827.0,:W16,17201.674,8445.248,5741.6206,8402.45,39791.0,:W17,16389.629,8803.6875,5948.289,8818.38,39960.0,:W19,16200.842,9040.166,5869.1587,8807.832,39918.0,:W20,17511.34,8521.45,5742.284,8813.927,40589.0,:W22,16767.322,8258.682,5428.602,8076.3916,38531.0,:W24,17109.209,8145.5596,5451.6294,8213.606,38920.0,:W26,16752.256,6913.3394,7258.1587,7015.252,37939.0
:W02,17390.88,8467.845,5383.419,8677.857,39920.0,:W04,16949.428,7908.283,5492.551,7985.728,38336.0,:W06,17158.69,8446.93,5564.777,8129.615,39300.0,:W07,14893.744,9228.192,6230.36,8898.715,39251.0,:W09,16132.532,8662.6045,5688.7344,8885.133,39369.0,:W10,17560.887,8249.467,5855.347,8888.3,40554.0,:W16,17128.91,8072.687,6036.1953,8602.211,39840.0,:W17,15569.697,8210.125,5773.6704,8483.5,38037.0,:W19,16711.873,8567.666,5919.5913,8495.872,39695.0,:W20,17367.92,8568.267,5528.488,8636.332,40101.0,:W22,17034.361,8058.13,5603.503,8055.008,38751.0,:W24,16679.975,8038.6235,5458.936,7878.474,38056.0,:W26,16015.449,6631.615,7223.2583,6641.7124,36512.0
:W02,17954.295,8964.008,5756.193,8615.508,41290.0,:W04,16943.574,8644.557,5491.791,8088.0737,39168.0,:W06,17264.312,8124.1284,5438.1396,8329.413,39156.0,:W07,15737.143,8207.534,5522.89,7978.443,37446.0,:W09,16279.898,8785.844,5902.1343,8797.133,39765.0,:W10,17061.576,7942.3027,5568.2036,7976.9175,38549.0,:W16,16654.55,7789.5303,5347.6826,7695.2344,37487.0,:W17,14843.868,9192.778,6474.9526,9741.391,40253.0,:W19,17692.576,9035.92,6063.9575,9072.549,41865.0,:W20,17146.998,8545.6,5719.4185,7855.9897,39268.0,:W22,17347.549,8745.244,5678.467,8390.747,40162.0,:W24,17558.883,9070.145,5820.332,9234.63,41684.0,:W26,16527.07,6847.523,7292.7363,6753.6724,37421.0
:W02,16849.227,8036.5103,5525.6533,8294.625,38706.0,:W04,16666.902,7864.4966,5411.748,7939.857,37883.0,:W06,17093.719,8078.127,5410.0767,8094.0728,38676.0,:W07,15968.151,9006.254,6027.189,8782.403,39784.0,:W09,17679.012,9069.074,6079.035,8791.883,41619.0,:W10,17180.818,8443.51,5584.2725,8263.413,39472.0,:W16,17594.402,8379.816,5729.678,8283.106,39987.0,:W17,15929.713,8541.982,5913.878,8569.428,38955.0,:W19,15051.171,9397.77,6402.2783,9321.779,40173.0,:W20,16816.945,7916.915,5363.677,8017.471,38115.0,:W22,17121.686,8135.9224,5648.282,8021.116,38927.0,:W24,16735.799,7832.833,5517.943,7931.432,38018.0,:W26,17315.717,6808.6035,7468.78,6894.904,38488.0
:W02,17248.723,7743.179,5576.5537,7873.55,38442.0,:W04,17233.432,8187.435,5465.2886,8283.847,39170.0,:W06,17983.19,9011.859,5409.8145,8966.129,41371.0,:W07,16747.852,9062.529,6037.4116,9304.208,41152.0,:W09,16765.506,9046.078,6088.033,9057.398,40957.0,:W10,16992.457,7879.564,5503.594,8087.374,38463.0,:W16,17234.979,8248.946,5718.1978,8411.868,39614.0,:W17,17090.258,8852.182,5830.9155,8827.649,40601.0,:W19,17005.854,9082.743,5597.3022,8840.1,40526.0,:W20,17077.785,7912.0312,5359.9287,8070.251,38420.0,:W22,16799.719,8556.948,5460.1914,8792.144,39609.0,:W24,16818.13,7846.4004,5208.2466,7880.2344,37753.0,:W26,16820.727,6873.832,7592.723,6730.7075,38018.0
:W02,16640.11,7744.767,4962.481,7821.629,37169.0,:W04,17358.566,8230.802,5592.05,8151.5913,39333.0,:W06,16917.547,8399.975,5748.161,8205.31,39271.0,:W07,17212.0,8595.873,5991.432,9078.705,40878.0,:W09,17609.62,9010.188,6191.9077,9089.294,41901.0,:W10,17145.66,8386.602,5673.862,8229.883,39436.0,:W16,17816.824,8963.006,5792.73,9243.436,41816.0,:W17,17636.18,9012.789,6054.146,9088.898,41792.0,:W19,16825.117,8485.691,5775.438,8462.758,39549.0,:W20,17695.973,8608.031,5670.1626,8181.832,40156.0,:W22,17274.197,8603.201,5534.568,8673.028,40085.0,:W24,16642.195,7793.932,5438.324,7831.537,37706.0,:W26,17124.092,6744.3066,7204.362,6819.2397,37892.0
:W02,17921.896,8760.08,5952.1323,8761.903,41396.0,:W04,17071.062,8527.9,5191.276,8224.773,39015.0,:W06,16198.884,8357.732,5369.428,8092.9614,38019.0,:W07,15330.37,8610.54,5702.1377,8460.947,38104.0,:W09,16970.922,8576.6455,5952.845,8920.59,40421.0,:W10,16639.127,8291.885,5404.463,8184.519,38520.0,:W16,16843.307,8149.68,5350.681,8368.331,38712.0,:W17,14885.994,9256.809,6419.979,9377.216,39940.0,:W19,16261.32,8937.264,6259.7046,8779.723,40238.0,:W20,16675.861,8078.6953,5691.0977,7625.3564,38071.0,:W22,17457.832,8479.734,5869.5796,8674.851,40482.0,:W24,16402.965,8327.295,5377.1426,8214.587,38322.0,:W26,16510.934,6603.732,7450.2407,6683.1074,37248.0
:W02,17154.645,8332.155,5731.325,8227.875,39446.0,:W04,17475.889,8664.126,5585.601,8511.381,40237.0,:W06,17554.203,8285.907,5725.574,8844.333,40410.0,:W07,16074.796,8769.564,6101.375,8833.261,39779.0,:W09,14448.759,9371.231,6501.7896,9358.221,39680.0,:W10,16432.334,7544.807,5101.9326,7726.928,36806.0,:W16,16990.822,8157.7256,5800.436,8603.015,39552.0,:W17,17981.834,9214.367,6208.6655,9107.14,42512.0,:W19,15350.136,8696.344,5924.337,8487.178,38458.0,:W20,17568.35,8869.803,5641.241,8215.605,40295.0,:W22,16975.896,7668.1226,5414.0386,8156.9365,38215.0,:W24,17369.205,8789.72,5855.4224,8771.663,40786.0,:W26,16590.877,6559.9297,7347.6167,6542.576,37041.0
:W02,16745.395,8214.41,5215.605,8106.583,38282.0,:W04,16522.947,8574.093,5374.231,7815.7314,38287.0,:W06,17630.168,8698.602,5744.1274,8368.1045,40441.0,:W07,15678.326,9483.557,6391.6675,9297.448,40851.0,:W09,17443.969,8879.482,5908.2046,8727.351,40959.0,:W10,16440.338,8063.3936,5228.754,8419.516,38152.0,:W16,16360.629,7828.49,5499.7646,7897.121,37586.0,:W17,17388.018,9155.113,5961.1655,8826.702,41331.0,:W19,16368.004,8836.955,5809.3853,9011.663,40026.0,:W20,17108.496,8429.36,5670.7466,8218.397,39427.0,:W22,16699.012,7547.2583,5453.059,7666.6553,37366.0,:W24,16528.707,8033.715,5396.385,8018.195,37977.0,:W26,17272.549,6985.4336,7298.4434,6727.5845,38284.0
:W02,16656.389,8012.4575,5303.2026,7979.9517,37952.0,:W04,17423.627,8241.473,5780.6416,8359.262,39805.0,:W06,16850.643,8083.896,5531.026,8220.44,38686.0,:W07,15611.473,8493.885,5784.11,8453.538,38343.0,:W09,16333.662,9006.777,6242.58,9051.976,40635.0,:W10,17383.258,8160.5913,5721.28,8358.87,39624.0,:W16,16517.812,8237.232,5320.4424,8346.508,38422.0,:W17,16967.83,8816.495,5793.927,8494.747,40073.0,:W19,16884.057,9139.724,6128.8086,9208.392,41361.0,:W20,16906.479,8393.904,5697.531,8185.085,39183.0,:W22,16965.479,8605.398,5362.844,8848.284,39782.0,:W24,17020.072,8401.334,5628.207,8317.371,39367.0,:W26,17035.88,6646.9653,7317.648,6684.483,37685.0
:W02,17268.445,8186.045,5430.534,8266.973,39152.0,:W04,17283.719,8274.916,5821.3315,8420.023,39800.0,:W06,16792.164,8372.893,5525.88,8024.061,38715.0,:W07,15811.209,9172.068,6470.086,9313.626,40767.0,:W09,17470.06,8733.707,5953.582,9028.65,41186.0,:W10,17705.236,8440.093,5554.967,8537.698,40238.0,:W16,16697.812,7755.951,5513.353,7810.8706,37778.0,:W17,15344.582,9381.328,6557.5435,9158.551,40442.0,:W19,17528.26,8770.779,5961.3193,8904.644,41165.0,:W20,16827.22,8517.239,5678.2715,8707.292,39730.0,:W22,17318.703,8130.0806,5425.3403,8548.871,39423.0,:W24,16787.275,7903.6133,5585.754,8042.3574,38319.0,:W26,16686.123,6923.4272,7361.422,6913.0215,37884.0
:W02,17325.816,8587.465,5446.2104,8355.517,39715.0,:W04,16792.035,8085.965,5518.195,8135.806,38532.0,:W06,17029.004,7941.976,5629.3496,8142.6606,38743.0,:W07,16577.736,8638.368,5772.492,8422.411,39411.0,:W09,16107.349,8926.37,5851.723,8886.55,39772.0,:W10,16958.158,8014.947,5645.39,8439.507,39058.0,:W16,16668.14,7784.592,5313.5957,7808.676,37575.0,:W17,15816.089,8346.725,5636.411,8288.78,38088.0,:W19,16540.623,9355.788,6327.279,9079.304,41303.0,:W20,17294.81,9101.713,5620.239,8361.23,40378.0,:W22,17066.287,8944.943,5297.2856,8553.483,39862.0,:W24,16784.656,8540.697,5494.2896,8079.3467,38899.0,:W26,16470.693,6559.405,7299.095,6632.814,36962.0
:W02,17480.248,8267.273,5750.035,8604.436,40102.0,:W04,17579.47,8771.567,5731.577,8773.377,40856.0,:W06,16461.92,7889.317,5373.7427,7565.0195,37290.0,:W07,16551.426,9017.28,6154.235,8893.065,40616.0,:W09,16308.703,8840.935,5971.4614,9144.903,40266.0,:W10,16130.81,7849.775,5219.038,8086.374,37286.0,:W16,16304.096,7782.578,5468.5537,7752.7705,37308.0,:W17,15412.731,8964.158,5744.2183,8470.888,38592.0,:W19,16898.885,8831.1,5869.7466,9040.278,40640.0,:W20,17684.3,8368.469,5584.7153,8538.522,40176.0,:W22,16771.123,8432.597,5484.5977,8320.676,39009.0,:W24,16741.502,8053.7817,5802.9927,7843.729,38442.0,:W26,16151.167,6610.4062,7047.6226,6640.803,36450.0
:W02,16882.967,8054.638,5557.6816,8292.713,38788.0,:W04,17047.09,8236.627,5684.502,8027.787,38996.0,:W06,17098.834,8122.7505,5335.0107,8253.405,38810.0,:W07,15930.421,9072.196,5695.85,8636.529,39335.0,:W09,16069.327,9624.116,6332.5366,9401.022,41427.0,:W10,17690.793,9031.33,5748.5757,8418.281,40889.0,:W16,16774.895,7794.0825,5597.6436,8061.3706,38228.0,:W17,15247.031,9274.309,6541.5845,9290.073,40353.0,:W19,15942.593,8943.44,6023.3804,8570.597,39480.0,:W20,16790.195,8068.6763,5414.8433,8283.29,38557.0,:W22,17136.656,8433.282,5802.8354,8317.2295,39690.0,:W24,16743.463,8183.4546,5168.1313,8218.948,38314.0,:W26,16831.025,6597.312,7299.733,6766.9297,37495.0
:W02,16769.033,7742.463,5530.378,7872.1113,37914.0,:W04,17312.42,8553.689,5362.639,8390.253,39619.0,:W06,16376.17,7892.047,5331.614,8082.1685,37682.0,:W07,15767.017,8673.836,5881.7217,8967.429,39290.0,:W09,16584.982,8550.894,5869.945,8516.187,39522.0,:W10,17319.861,8082.825,5570.555,8098.755,39072.0,:W16,16784.271,8097.5396,5504.273,8109.904,38496.0,:W17,16960.992,8790.22,5889.8896,8550.8955,40192.0,:W19,17512.785,9023.862,5933.0645,8989.282,41459.0,:W20,17025.512,8228.13,5334.8096,8429.557,39018.0,:W22,17745.938,8163.4893,5650.643,8339.926,39900.0,:W24,16973.195,7890.195,5440.6577,8219.96,38524.0,:W26,15977.902,7034.881,7455.5005,6876.717,37345.0
:W02,16048.049,7867.657,5432.568,8063.73,37412.0,:W04,17124.875,8431.91,5604.0894,8137.113,39298.0,:W06,17184.713,8135.4775,5666.651,8252.161,39239.0,:W07,16218.237,8475.933,5449.384,8474.458,38618.0,:W09,15895.734,8606.295,6023.616,8677.356,39203.0,:W10,16710.682,8045.2485,5728.338,8036.7275,38521.0,:W16,17090.611,8002.734,5430.9624,8170.6807,38695.0,:W17,14805.678,9465.29,6347.7153,9812.321,40431.0,:W19,16024.151,8897.537,5808.151,8855.16,39585.0,:W20,16407.77,7944.9883,5413.787,7835.457,37602.0,:W22,17841.74,9486.545,5745.08,9561.625,42635.0,:W24,17346.387,8317.481,5920.6597,8086.4854,39671.0,:W26,17263.45,6801.6504,7330.069,6738.8457,38134.0
:W02,16744.39,7694.953,5355.0757,7842.587,37637.0,:W04,17788.889,8147.674,5690.9395,8156.488,39784.0,:W06,16798.492,7720.348,5554.1665,8000.003,38073.0,:W07,16586.78,8519.339,5775.1743,8508.707,39390.0,:W09,16614.88,8260.91,5456.968,8758.229,39091.0,:W10,16809.275,8866.025,5601.348,8707.344,39984.0,:W16,17608.67,8607.645,5740.0273,8599.67,40556.0,:W17,15545.341,8589.778,5654.2183,8196.661,37986.0,:W19,15709.004,9356.319,6406.1206,9231.558,40703.0,:W20,16351.529,7832.0596,5274.3335,7563.081,37021.0,:W22,17144.434,8398.192,5519.386,8395.994,39458.0,:W24,17547.781,8121.2295,5891.1616,8197.82,39758.0,:W26,17198.438,6852.563,7523.373,6675.631,38250.0
:W02,17892.045,8756.082,5490.9155,8369.942,40509.0,:W04,16769.436,7792.691,5346.845,8166.0166,38075.0,:W06,17056.229,8024.504,5485.764,8078.5063,38645.0,:W07,17121.293,8888.677,6009.431,8673.607,40693.0,:W09,16164.078,8863.297,5929.05,9022.564,39979.0,:W10,16952.033,8167.6323,5340.666,8198.671,38659.0,:W16,17177.902,8467.343,5707.6016,8477.161,39830.0,:W17,17557.803,8749.963,5991.256,8694.993,40994.0,:W19,16247.314,8801.784,5877.1206,8727.773,39654.0,:W20,17764.188,8729.141,5408.165,8302.505,40204.0,:W22,16523.338,7676.054,5407.659,7793.9497,37401.0,:W24,17095.861,8323.077,5665.44,8282.617,39367.0,:W26,17185.467,6782.8755,7184.432,6593.237,37746.0
:W02,16647.129,8120.8833,5447.5557,8340.435,38556.0,:W04,17393.305,8687.548,5763.9077,8527.236,40372.0,:W06,16838.645,7759.6973,5526.687,7851.975,37977.0,:W07,14819.023,9157.72,6522.1094,9415.144,39914.0,:W09,17207.662,9191.673,6051.1597,8838.512,41289.0,:W10,18009.547,8458.624,5844.1377,8596.7,40909.0,:W16,16604.846,8143.8203,5341.29,7921.0396,38011.0,:W17,14734.297,9552.829,6398.584,9519.291,40205.0,:W19,16174.025,8542.301,5936.4106,8575.266,39228.0,:W20,16946.842,8518.483,5438.498,8494.172,39398.0,:W22,16719.258,7685.8916,5411.7944,7706.054,37523.0,:W24,17471.354,8487.18,5784.1265,8893.333,40636.0,:W26,17156.896,6952.971,7635.1313,7157.006,38902.0
:W02,16966.656,8044.6885,5331.3604,7722.3027,38065.0,:W04,17630.54,8326.202,5578.2583,8494.998,40030.0,:W06,17179.727,8253.403,5492.8726,8233.995,39160.0,:W07,15991.563,9159.113,6482.818,9247.518,40881.0,:W09,17681.453,8995.578,6002.1523,8998.824,41678.0,:W10,16968.033,8321.407,5369.8525,8108.7104,38768.0,:W16,16220.251,7973.733,5136.6606,7892.349,37223.0,:W17,16459.006,8847.67,5882.334,8864.984,40054.0,:W19,16139.32,9018.284,6002.064,9137.341,40297.0,:W20,16699.586,7964.3486,5592.965,7901.1177,38158.0,:W22,16869.268,8316.104,5339.167,8235.454,38760.0,:W24,16275.38,7736.592,5582.315,7721.715,37316.0,:W26,17172.662,6658.739,7262.502,6803.088,37897.0
:W02,16946.729,8251.644,5484.6875,7991.9463,38675.0,:W04,17310.621,8831.562,5321.5684,8546.25,40010.0,:W06,16939.113,8494.859,5403.1846,8099.8525,38937.0,:W07,15752.465,8627.813,5899.2437,8409.469,38689.0,:W09,17712.91,9016.637,6170.668,9405.806,42306.0,:W10,17162.396,7936.7256,5566.456,8387.417,39053.0,:W16,17281.729,7899.1953,5614.174,7739.909,38535.0,:W17,16010.505,8825.003,5957.754,9099.729,39893.0,:W19,16385.559,9382.098,6234.463,9264.869,41267.0,:W20,17073.973,8261.495,5771.8364,7950.715,39058.0,:W22,16351.555,7686.8696,5203.8115,7718.766,36961.0,:W24,17397.453,8302.753,5714.8105,7804.9883,39220.0,:W26,15790.987,6774.215,7219.797,6603.9844,36389.0
:W02,17872.236,8629.945,5291.3047,8721.511,40515.0,:W04,17087.451,8133.5454,5673.4653,8295.552,39190.0,:W06,17434.725,8663.874,5921.9165,8280.477,40301.0,:W07,17129.45,8646.519,6094.4746,8551.559,40422.0,:W09,15972.888,8587.847,5904.843,8461.434,38927.0,:W10,17142.271,8348.168,5560.5513,8649.001,39700.0,:W16,17379.938,7903.9985,5652.64,8531.417,39468.0,:W17,17424.56,8852.151,6296.007,8807.28,41380.0,:W19,16292.935,8867.25,5936.655,8787.154,39884.0,:W20,17158.455,8265.424,5708.0728,8122.0654,39254.0,:W22,16887.791,8102.67,5521.1694,8193.38,38705.0,:W24,16983.816,8429.04,5638.3486,8126.7827,39178.0,:W26,16564.87,6826.7007,7573.774,6877.656,37843.0
:W02,17250.787,8000.0483,5572.692,8073.487,38897.0,:W04,16967.805,8307.054,5416.46,8944.683,39636.0,:W06,17137.307,8612.141,5627.009,7767.555,39144.0,:W07,14800.789,9292.052,6597.505,9356.654,40047.0,:W09,15725.041,9538.97,6382.704,9353.292,41000.0,:W10,16900.852,7919.431,5435.6567,7699.0635,37955.0,:W16,17136.893,8365.939,5390.3555,8561.8125,39455.0,:W17,16713.303,8941.622,6246.377,8931.703,40833.0,:W19,16594.521,9108.826,6202.0137,8953.658,40859.0,:W20,16966.963,7966.788,5580.043,8143.204,38657.0,:W22,16766.635,8589.241,5382.3057,8250.815,38989.0,:W24,16713.514,8168.258,5453.71,7763.5166,38099.0,:W26,17337.523,6942.559,7235.953,6919.9595,38436.0
:W02,17420.307,8486.459,5808.0884,7854.1543,39569.0,:W04,17115.744,8866.069,5749.9688,8902.224,40634.0,:W06,16633.234,7850.9175,5207.4556,7683.3853,37375.0,:W07,16051.869,8800.579,5866.1807,8838.379,39557.0,:W09,16371.818,8995.408,5989.918,8869.8545,40227.0,:W10,16967.97,8008.798,5530.1553,7987.0923,38494.0,:W16,16918.145,8437.748,5398.9663,8374.129,39129.0,:W17,16680.543,6863.9287,5636.535,9170.989,38352.0,:W19,16567.84,8339.559,5687.867,8715.721,39311.0,:W20,17388.387,8900.609,5569.155,8477.848,40336.0,:W22,17386.0,8436.662,5490.645,8693.695,40007.0,:W24,17546.969,8619.321,5599.757,8780.942,40547.0,:W26,16583.658,6619.7554,7251.0703,6834.521,37289.0
:W02,16360.34,7785.4067,5339.655,7958.6123,37444.0,:W04,16731.176,8016.4023,5351.779,8115.634,38215.0,:W06,17443.525,8402.755,5549.555,8841.158,40237.0,:W07,16306.253,8962.686,6127.515,8988.552,40385.0,:W09,16446.92,8992.633,5970.2593,8581.187,39991.0,:W10,17119.693,8609.673,5450.871,8739.762,39920.0,:W16,16872.254,8378.374,5676.3394,8019.0283,38946.0,:W17,16387.506,8767.299,5989.01,9157.1875,40301.0,:W19,15908.998,8678.802,6033.3325,8949.863,39571.0,:W20,17217.828,8364.552,5935.68,8111.943,39630.0,:W22,16523.115,8037.209,5528.2686,8013.406,38102.0,:W24,16575.062,8337.277,5512.9707,8084.695,38510.0,:W26,17064.002,6797.263,7210.2563,6701.4824,37773.0
:W02,16741.33,8417.6045,5438.3228,8164.735,38762.0,:W04,16020.165,7586.3833,5271.646,7359.8223,36238.0,:W06,16776.752,8104.0845,5641.5723,7975.5933,38498.0,:W07,14892.831,9381.03,6355.0024,9389.149,40018.0,:W09,14496.834,9299.219,6349.709,9313.233,39459.0,:W10,17913.404,8725.515,5859.6025,8762.473,41261.0,:W16,17826.223,8740.837,5866.019,8468.924,40902.0,:W17,17050.04,8967.623,5902.8306,8815.503,40736.0,:W19,16167.359,8924.706,6222.7524,9180.187,40495.0,:W20,17428.922,8202.555,5507.755,8681.777,39821.0,:W22,16889.467,7994.238,5582.57,7808.722,38275.0,:W24,16063.669,7583.343,5277.9727,7524.0107,36449.0,:W26,16719.604,6636.7046,7358.4146,6704.252,37419.0
:W02,17181.668,8920.628,5548.5156,9002.195,40653.0,:W04,17688.865,8688.877,5545.1445,8782.115,40705.0,:W06,17866.361,8650.433,5993.4272,8916.787,41427.0,:W07,17266.443,8866.194,5946.5244,9111.834,41191.0,:W09,16846.385,9012.506,5787.8125,8646.305,40293.0,:W10,16639.375,7986.723,5372.694,7738.2144,37737.0,:W16,16667.111,8081.2183,5393.959,7844.7124,37987.0,:W17,17361.352,9145.603,5932.2397,9021.808,41461.0,:W19,16410.14,8537.067,5617.4346,8291.358,38856.0,:W20,17039.918,8638.907,5465.85,8760.308,39905.0,:W22,17037.613,8057.985,5430.657,7991.741,38518.0,:W24,17099.6,7946.033,5522.5767,8068.7905,38637.0,:W26,15368.376,6467.106,7145.2427,6425.2817,35406.0
:W02,17050.645,7901.27,5195.5312,8262.5625,38410.0,:W04,17776.05,8741.852,5581.073,8379.025,40478.0,:W06,18238.934,8741.931,5941.719,8442.418,41365.0,:W07,16643.69,8751.043,5806.9946,8579.279,39781.0,:W09,16566.201,6571.88,5858.305,9012.615,38009.0,:W10,16316.459,7929.828,5065.179,7645.54,36957.0,:W16,17213.08,8607.971,5592.9023,8127.047,39541.0,:W17,15426.123,8394.776,5766.675,8740.425,38328.0,:W19,15211.686,8929.084,6430.2974,9446.934,40018.0,:W20,17177.998,7737.518,5476.267,8040.2124,38432.0,:W22,17049.195,8079.1616,5421.417,8125.2275,38675.0,:W24,15907.547,7585.747,5346.4185,7470.2974,36310.0,:W26,16867.426,6801.0703,7516.2183,6720.271,37905.0
:W02,17613.498,8462.3125,5997.867,8384.331,40458.0,:W04,17107.262,8459.258,5522.3525,8644.128,39733.0,:W06,17439.115,8485.489,5639.6377,8400.751,39965.0,:W07,16076.824,8721.214,6054.7666,9131.218,39984.0,:W09,16803.055,8319.492,5710.497,8313.978,39147.0,:W10,16594.033,7962.5713,5569.0483,7665.365,37791.0,:W16,17717.7,8701.59,5737.272,8906.436,41063.0,:W17,15473.582,9007.489,6024.9307,8650.99,39157.0,:W19,16234.976,8805.122,6173.881,9300.012,40514.0,:W20,17258.99,8289.074,5613.8315,7956.0957,39118.0,:W22,16132.37,7718.903,5204.232,7492.4985,36548.0,:W24,17188.95,8150.272,5748.7905,8010.983,39099.0,:W26,16101.613,6593.606,7317.1636,6623.601,36636.0
:W02,17678.895,8526.333,5626.434,8294.328,40126.0,:W04,17451.18,8641.657,5398.2563,8831.915,40323.0,:W06,16679.916,7695.201,5232.4546,7581.433,37189.0,:W07,15994.592,8698.275,5875.849,8506.269,39075.0,:W09,17038.45,8640.937,5781.438,8691.176,40152.0,:W10,16787.656,8107.2197,5581.7446,7914.376,38391.0,:W16,17104.48,8367.137,5545.7866,8565.6045,39583.0,:W17,16001.083,9024.173,5835.589,8932.144,39793.0,:W19,15554.889,8536.518,5685.223,8571.358,38348.0,:W20,17123.525,8111.801,5425.031,8118.6523,38779.0,:W22,16823.719,8078.1855,5455.667,8115.4336,38473.0,:W24,17567.787,8453.465,5729.1064,8209.649,39960.0,:W26,16543.846,6839.5864,7061.6216,6663.9507,37109.0
:W02,15834.302,7481.0063,5226.1,7387.586,35929.0,:W04,16570.533,7768.3926,5375.972,7736.1104,37451.0,:W06,17013.451,8686.082,5416.569,8682.898,39799.0,:W07,16860.904,8582.969,5707.5103,8926.621,40078.0,:W09,14083.537,9599.434,6427.1646,9384.852,39495.0,:W10,17117.145,8064.0273,5648.475,8275.342,39105.0,:W16,16563.879,7967.639,5446.2124,7735.263,37713.0,:W17,17579.953,9146.695,6045.021,8817.326,41589.0,:W19,16174.676,8827.104,6031.8564,8936.364,39970.0,:W20,17613.965,8933.931,5771.1196,8966.992,41286.0,:W22,18236.715,8799.435,5647.7314,8997.126,41681.0,:W24,17217.92,8329.399,5626.5303,8256.158,39430.0,:W26,17034.79,6961.6113,7196.6797,6637.9277,37831.0
:W02,17796.965,8749.157,6130.475,8449.415,41126.0,:W04,17121.09,8186.4146,5466.2354,7767.2617,38541.0,:W06,17376.844,7958.0806,5705.527,7873.5527,38914.0,:W07,17436.314,9008.165,5986.037,9019.49,41450.0,:W09,16377.318,8315.162,5451.955,8201.566,38346.0,:W10,16924.76,8209.561,5473.598,8186.0757,38794.0,:W16,16134.543,7726.2676,5267.1694,7733.0107,36861.0,:W17,16000.825,9416.253,6447.5566,9506.368,41371.0,:W19,17166.777,8986.436,6071.47,8924.308,41149.0,:W20,16944.04,7891.1055,5481.83,7733.0366,38050.0,:W22,15870.52,7599.0264,5113.596,7477.86,36061.0,:W24,16819.072,8401.96,5493.8604,8276.122,38991.0,:W26,16539.572,6864.364,7168.806,6649.2793,37222.0
:W02,17122.053,8232.362,5347.916,8381.677,39084.0,:W04,16163.0205,7644.5547,5124.307,7643.116,36575.0,:W06,17553.203,8602.634,5606.783,8404.384,40167.0,:W07,17665.957,8612.947,5940.1777,8899.905,41119.0,:W09,15016.116,9567.603,6396.8926,9153.391,40134.0,:W10,16961.084,8486.562,5427.3555,8097.9946,38973.0,:W16,16632.465,8298.789,5222.3115,8024.427,38178.0,:W17,16051.04,8690.181,5901.82,8733.964,39377.0,:W19,14693.605,9116.16,6458.2437,9334.01,39602.0,:W20,17291.646,8843.372,5571.488,8466.48,40173.0,:W22,17334.463,8210.794,5665.0864,8223.665,39434.0,:W24,17273.664,8574.323,5802.5356,8518.47,40169.0,:W26,16566.346,7152.377,7528.7075,6881.5815,38129.0
:W02,17378.295,8277.149,5740.667,8231.887,39628.0,:W04,17506.084,8518.161,5781.6187,8648.135,40454.0,:W06,16530.188,8225.31,5521.912,7893.5913,38171.0,:W07,16261.788,8775.33,5872.733,8721.146,39631.0,:W09,16256.093,9600.608,6039.8765,8966.415,40863.0,:W10,17465.201,8482.254,5606.465,8461.081,40015.0,:W16,17573.895,8381.7705,5893.3486,8543.985,40393.0,:W17,16646.049,8528.232,5813.687,8445.025,39433.0,:W19,16790.203,8585.812,5903.911,8774.086,40054.0,:W20,17067.562,8309.76,5587.033,8082.653,39047.0,:W22,16926.924,7858.05,5388.584,8057.448,38231.0,:W24,16663.807,8079.7363,5573.9746,8133.484,38451.0,:W26,17543.246,6873.072,7225.967,7021.7134,38664.0
:W02,16901.283,8269.645,5723.0835,8177.983,39072.0,:W04,17751.498,8621.529,5313.2017,8720.777,40407.0,:W06,18145.19,8491.212,5653.338,9294.269,41584.0,:W07,16725.408,9367.608,6106.6104,9003.382,41203.0,:W09,17181.287,8858.899,5878.6885,9371.119,41290.0,:W10,16779.271,7675.2,5294.0483,7960.4805,37709.0,:W16,16848.488,8205.179,5532.992,8190.3403,38777.0,:W17,16064.134,9166.95,5940.7764,8855.146,40027.0,:W19,16888.484,8890.291,5979.6045,8625.611,40384.0,:W20,17048.773,7845.7603,5498.9956,8131.477,38525.0,:W22,17255.451,8200.939,5435.8916,8377.716,39270.0,:W24,17752.924,8683.915,5836.103,8506.064,40779.0,:W26,16318.013,6756.847,7396.4487,6806.6973,37278.0
:W02,16218.363,7607.9688,5226.7314,7733.94,36787.0,:W04,16558.45,7637.7075,5439.4907,7640.354,37276.0,:W06,17581.68,8337.002,5784.1655,8165.1523,39868.0,:W07,16488.121,8883.133,6142.751,9010.982,40525.0,:W09,16441.844,9109.342,6052.425,9067.393,40671.0,:W10,17537.021,8957.626,5622.515,8614.842,40732.0,:W16,16462.969,7680.872,5327.6133,7893.5527,37365.0,:W17,14687.731,9359.87,6345.397,9340.004,39733.0,:W19,16069.666,8889.542,5818.055,8841.738,39619.0,:W20,17177.424,8430.741,5716.2705,8444.567,39769.0,:W22,16025.552,7663.134,5084.7603,7551.5654,36325.0,:W24,17452.203,8520.996,5514.9277,8439.873,39928.0,:W26,16406.135,6632.8066,7269.1626,6490.904,36799.0
:W02,17015.803,7983.591,5484.5327,7629.0737,38113.0,:W04,17331.164,8478.297,5348.7744,8426.763,39585.0,:W06,16935.537,8081.132,5529.215,8270.106,38816.0,:W07,17018.24,8670.924,5866.196,8770.632,40326.0,:W09,16980.986,8890.231,5744.5186,8540.269,40156.0,:W10,16461.668,7516.6006,5283.2397,7660.4893,36922.0,:W16,17220.35,8164.9287,5553.072,8374.645,39313.0,:W17,16687.191,9073.369,6131.518,9275.912,41168.0,:W19,15138.711,7224.7515,6131.6294,9585.903,38081.0,:W20,16839.92,8279.096,5373.44,7892.532,38385.0,:W22,17128.004,8267.805,5662.9956,8039.191,39098.0,:W24,17445.334,8102.023,5140.7026,8420.949,39109.0,:W26,16814.64,6834.099,7188.3647,6619.885,37457.0
:W02,16501.518,7949.6274,5260.8306,7552.0176,37264.0,:W04,18315.012,9578.495,5722.6875,9397.797,43014.0,:W06,17305.451,8004.9404,5648.337,8101.2754,39060.0,:W07,17531.283,9218.117,5989.6714,9178.939,41918.0,:W09,17083.477,8593.269,5640.797,8736.435,40054.0,:W10,17688.43,8550.68,5556.745,8868.16,40664.0,:W16,16887.238,7891.5474,5417.413,8007.8,38204.0,:W17,16393.113,9010.516,6067.5347,8992.839,40464.0,:W19,16042.93,8679.816,5809.3384,8863.909,39396.0,:W20,17086.65,8327.793,5411.0312,8238.527,39064.0,:W22,17623.596,8159.266,5456.9688,8452.167,39692.0,:W24,17038.252,8090.926,5289.038,8160.7686,38579.0,:W26,16780.166,6491.6714,7373.981,6682.1714,37328.0
:W02,16669.664,7730.5103,5292.6616,7719.1724,37412.0,:W04,16674.945,7862.294,5549.7324,7824.0347,37911.0,:W06,17054.363,8109.0864,5516.768,8274.789,38955.0,:W07,16100.38,8601.633,5787.09,8643.906,39133.0,:W09,16409.764,8823.85,5907.9043,8687.486,39829.0,:W10,17654.418,8985.167,5553.417,8741.992,40935.0,:W16,16272.158,7795.049,5406.925,7639.862,37114.0,:W17,15871.998,8282.134,5850.5957,8498.279,38503.0,:W19,16251.567,9451.473,6316.8115,9078.158,41098.0,:W20,16687.45,8007.936,5537.446,7837.161,38070.0,:W22,16710.203,8134.4536,5517.9653,8046.3926,38409.0,:W24,17844.094,8131.4683,5738.9653,8378.465,40093.0,:W26,16902.771,7009.2397,7326.6206,6695.364,37934.0
:W02,17644.537,8743.009,5715.267,8572.189,40675.0,:W04,17190.264,8503.737,5578.9214,8429.08,39702.0,:W06,18034.82,8839.196,5899.0146,9009.971,41783.0,:W07,15800.635,8516.964,5642.7275,8282.674,38243.0,:W09,16467.969,8773.867,5921.482,8963.6875,40127.0,:W10,17905.92,8482.2705,5743.9683,8521.837,40654.0,:W16,18346.021,9145.608,5891.685,9145.694,42529.0,:W17,16010.687,8665.431,5885.332,8708.569,39270.0,:W19,17445.957,9519.147,6030.9517,9029.919,42026.0,:W20,17022.23,8063.156,5492.6377,7978.9863,38557.0,:W22,17060.988,8203.231,5700.1855,8354.609,39319.0,:W24,17849.11,8840.513,5732.1045,8656.265,41078.0,:W26,16384.424,6636.352,7342.3228,6524.918,36888.0
:W02,17469.574,8584.856,5441.9297,8576.647,40073.0,:W04,16100.723,7729.1763,5353.529,7759.5923,36943.0,:W06,17360.41,8408.391,5461.3115,8649.892,39880.0,:W07,14851.228,9076.35,6517.077,9314.346,39759.0,:W09,15868.703,8850.882,5950.6855,8550.733,39221.0,:W10,17354.432,8248.51,5470.207,8008.8643,39082.0,:W16,17196.312,8284.322,5319.2476,8167.126,38967.0,:W17,17510.273,8693.89,5889.9062,8983.936,41078.0,:W19,15691.293,8426.833,5622.9688,8532.897,38274.0,:W20,16540.576,8111.113,5406.8564,7788.4624,37847.0,:W22,16618.232,8405.931,5305.249,8090.5938,38420.0,:W24,16865.531,7936.7314,5457.319,7793.411,38053.0,:W26,16919.03,6663.9546,7291.8125,6476.2227,37351.0
:W02,17691.326,9007.542,5970.445,9539.688,42209.0,:W04,16657.066,7865.8315,5340.125,8024.971,37888.0,:W06,16028.188,7229.7812,5281.8516,7680.185,36220.0,:W07,16726.615,8663.548,5817.397,8752.445,39960.0,:W09,15532.942,7269.2173,6328.6406,9861.205,38992.0,:W10,16739.96,8646.461,5723.9336,7893.6494,39004.0,:W16,16705.09,7633.962,5392.135,7735.808,37467.0,:W17,16358.633,8723.501,5965.6133,8937.25,39985.0,:W19,16920.63,8898.184,5821.8765,8665.298,40306.0,:W20,17043.516,8214.713,5519.0625,7922.704,38700.0,:W22,17787.584,8711.184,5833.6675,8500.556,40833.0,:W24,16456.547,7949.9526,5489.5596,8001.9536,37898.0,:W26,15897.989,7024.106,7258.1035,6555.785,36736.0
:W02,17489.61,8625.026,5796.497,8666.862,40578.0,:W04,16547.81,8040.889,5503.631,7880.6733,37973.0,:W06,16641.844,7594.621,5353.8584,7761.683,37352.0,:W07,15967.295,9361.035,6066.767,9227.899,40623.0,:W09,17162.451,8984.623,6045.0547,8695.868,40888.0,:W10,16893.314,8085.989,5576.2783,7875.413,38431.0,:W16,17766.834,8612.329,5884.1567,8420.69,40684.0,:W17,16099.383,9095.716,6033.4263,8743.478,39972.0,:W19,15983.184,8797.498,5837.7925,8326.519,38945.0,:W20,17171.562,8468.88,5711.286,8484.266,39836.0,:W22,17280.91,8091.569,5727.3384,8330.1875,39430.0,:W24,16736.295,7875.524,5458.9473,8153.23,38224.0,:W26,16809.74,6738.895,7352.5425,6644.828,37546.0
:W02,17277.3,8544.059,5625.911,8229.723,39677.0,:W04,16632.188,7839.7266,5448.0913,7790.997,37711.0,:W06,16841.951,8373.349,5414.2627,7963.4414,38593.0,:W07,16807.062,8911.907,6042.075,8826.971,40588.0,:W09,16310.367,8411.211,5684.7393,8701.6875,39108.0,:W10,16278.495,7719.566,5237.496,7983.4424,37219.0,:W16,16126.6875,7493.1406,4994.2026,7324.9727,35939.0,:W17,16087.59,8696.397,5828.4727,9087.553,39700.0,:W19,15858.676,8708.144,5988.29,9244.887,39800.0,:W20,17095.53,8517.2295,5377.1987,8527.049,39517.0,:W22,16994.166,8457.503,5368.555,8534.758,39355.0,:W24,17733.29,8876.39,5714.157,8983.156,41307.0,:W26,15815.918,6397.608,7366.8066,6689.6675,36270.0
:W02,15318.883,7350.244,5042.7075,7206.164,34918.0,:W04,17031.402,8355.801,5847.668,8282.127,39517.0,:W06,18021.09,9251.447,5802.1626,9504.303,42579.0,:W07,15927.48,8576.514,5732.434,8676.579,38913.0,:W09,16013.405,8889.994,5886.972,8275.624,39066.0,:W10,17157.826,8068.6484,5569.218,8091.31,38887.0,:W16,17633.494,8584.149,5573.6436,8745.716,40537.0,:W17,16036.118,8875.298,5787.65,8549.934,39249.0,:W19,16478.39,8959.317,6084.585,9121.708,40644.0,:W20,17509.318,8445.823,5593.107,8414.759,39963.0,:W22,17273.42,7993.1587,5764.5366,8038.893,39070.0,:W24,16833.432,7595.1,5467.525,7630.9526,37527.0,:W26,16951.912,6795.0737,7219.031,6828.978,37795.0
:W02,17700.049,9055.656,5847.8677,9004.437,41608.0,:W04,16613.488,7908.7437,5490.974,8019.7974,38033.0,:W06,17301.455,8193.68,5699.104,7949.7734,39144.0,:W07,16894.197,8676.081,5761.8125,8681.906,40014.0,:W09,17832.041,8920.704,6192.0854,8949.168,41894.0,:W10,16707.6,8104.4688,5813.0815,7875.849,38501.0,:W16,17481.295,8496.27,5794.2363,8687.201,40459.0,:W17,17094.502,8648.837,5958.4653,8900.1875,40602.0,:W19,16015.402,8764.521,5764.9326,8919.127,39464.0,:W20,17124.572,8500.012,5669.6016,8262.813,39557.0,:W22,16124.068,7981.0303,5268.5845,8053.3203,37427.0,:W24,17235.137,8202.543,5837.2617,8324.048,39599.0,:W26,16689.588,6931.386,7292.9097,6796.14,37710.0
:W02,17037.2,7928.577,5741.842,8275.374,38983.0,:W04,17747.418,8751.643,5815.4937,8733.456,41048.0,:W06,16660.725,8112.1235,5562.5596,7971.599,38307.0,:W07,17220.81,8879.437,6017.5186,8787.225,40905.0,:W09,15390.031,8114.1655,5626.317,8450.494,37581.0,:W10,17202.055,7867.0386,5780.434,8027.4814,38877.0,:W16,16400.48,7984.6895,5462.996,7756.8496,37605.0,:W17,15696.76,8695.657,5708.1787,8420.408,38521.0,:W19,16844.219,8964.019,6039.538,9013.229,40861.0,:W20,16913.398,8296.55,5514.794,8011.25,38736.0,:W22,17824.592,9048.776,5333.32,8506.327,40713.0,:W24,16540.254,7871.341,5362.8696,7916.5386,37691.0,:W26,16664.533,6577.3984,7285.8823,6730.1895,37258.0
:W02,16653.303,7899.1704,5290.4136,7938.1143,37781.0,:W04,17627.598,8158.472,5679.3276,8622.593,40088.0,:W06,17289.898,8458.2295,5547.0747,7810.8003,39106.0,:W07,15768.385,8543.877,5753.323,8827.408,38893.0,:W09,16431.814,8953.504,6099.133,8929.556,40414.0,:W10,17138.514,8654.078,5640.9395,7923.46,39357.0,:W16,17007.787,7991.5503,5524.7954,8080.8696,38605.0,:W17,16936.03,8999.585,6129.9253,9211.466,41277.0,:W19,16582.688,9009.005,6288.8467,9007.462,40888.0,:W20,17486.059,8210.362,5704.458,8068.1235,39469.0,:W22,17188.705,8601.995,5854.4673,8338.833,39984.0,:W24,16249.727,7939.0254,5159.0776,7822.1714,37170.0,:W26,17290.943,6777.352,7294.521,6695.1836,38058.0
:W02,17146.434,8341.574,5598.7397,8381.256,39468.0,:W04,16789.736,8046.533,5114.709,8231.023,38182.0,:W06,17353.227,8307.909,5729.8535,8236.018,39627.0,:W07,17608.004,9062.685,5750.506,6652.795,39074.0,:W09,15690.957,9338.999,6445.432,9508.62,40984.0,:W10,17010.066,8424.517,5421.1836,8133.235,38989.0,:W16,17908.508,8367.285,5508.3364,8138.8687,39923.0,:W17,16135.553,9433.888,6548.6885,9409.872,41528.0,:W19,15622.849,9095.219,5782.265,8399.673,38900.0,:W20,17563.201,8502.718,5596.2407,8755.84,40418.0,:W22,17556.023,8520.777,5767.733,8360.472,40205.0,:W24,16926.742,8120.118,5329.4727,8137.6694,38514.0,:W26,16265.352,6461.787,7138.404,6575.463,36441.0
:W02,17357.574,8177.2676,5552.4077,8675.758,39763.0,:W04,16962.37,8549.668,5762.795,8335.168,39610.0,:W06,16769.033,7629.4927,5655.538,7741.9434,37796.0,:W07,15620.49,9643.801,6335.806,9437.911,41038.0,:W09,16420.42,8467.92,5591.334,8612.322,39092.0,:W10,16641.59,7942.183,5247.709,7943.5156,37775.0,:W16,17312.506,8160.1113,5709.052,8013.3423,39195.0,:W17,16472.322,8864.539,5780.289,8521.845,39639.0,:W19,14676.96,9232.662,6502.912,9251.466,39664.0,:W20,17187.969,8088.7944,5237.796,8491.44,39006.0,:W22,17136.084,8134.951,5700.188,8050.779,39022.0,:W24,17733.217,8764.198,5500.042,8344.55,40342.0,:W26,16656.264,6748.0044,7286.47,6844.2583,37535.0
:W02,16671.969,7863.272,5395.109,7851.6553,37782.0,:W04,16534.635,7692.7793,5221.3594,7502.2256,36951.0,:W06,16041.741,7673.0977,5128.3525,7966.8145,36810.0,:W07,14873.711,9771.146,6712.391,9261.752,40619.0,:W09,16093.149,8674.67,5963.0176,8630.154,39361.0,:W10,16821.297,7727.1997,5551.5312,7665.976,37766.0,:W16,16717.598,8063.137,5334.7983,7812.4683,37928.0,:W17,16528.05,8812.671,5810.1465,8923.13,40074.0,:W19,16498.736,8618.797,5794.9463,8409.541,39322.0,:W20,16657.168,7549.0757,5615.38,7574.3755,37396.0,:W22,17877.56,8804.054,5700.6914,8796.698,41179.0,:W24,17170.588,8444.546,5506.171,8601.689,39723.0,:W26,16660.217,6804.645,7248.0645,7020.0513,37733.0
:W02,17218.525,8816.872,5810.5146,8691.088,40537.0,:W04,16478.111,7839.213,5453.0493,7852.6196,37623.0,:W06,16941.533,8165.27,5367.7275,8059.455,38534.0,:W07,16611.223,9013.104,5915.6235,9078.045,40618.0,:W09,16920.994,8971.558,6079.2744,8823.166,40795.0,:W10,17489.107,8673.256,5836.6846,8399.945,40399.0,:W16,16969.414,8633.262,5512.367,7885.9624,39001.0,:W17,16271.167,8983.097,5862.393,8857.349,39974.0,:W19,15905.789,8930.32,5805.571,8934.331,39576.0,:W20,15687.335,7429.624,5269.6636,7233.368,35620.0,:W22,17034.982,7846.3066,5683.5996,8053.1084,38618.0,:W24,17440.05,8089.587,5776.613,8318.744,39625.0,:W26,14887.503,6681.765,7172.387,6800.356,35542.0
:W02,17611.844,8484.831,5393.262,8368.057,39858.0,:W04,17220.89,8128.201,5295.081,8218.827,38863.0,:W06,16912.135,7861.669,5535.154,7887.042,38196.0,:W07,17132.0,8798.012,6126.24,8798.745,40855.0,:W09,17114.58,8842.153,5945.5845,8783.681,40686.0,:W10,18157.312,8463.258,5741.547,8808.883,41171.0,:W16,17627.16,8692.256,5594.1943,8641.394,40555.0,:W17,16586.021,9082.656,6196.403,9009.934,40875.0,:W19,16653.186,8425.822,5740.272,8537.74,39357.0,:W20,16852.076,8507.4795,5280.671,8370.775,39011.0,:W22,16869.85,8200.618,5551.6943,8178.8364,38801.0,:W24,16591.08,8049.2446,5230.1494,8098.537,37969.0,:W26,15880.612,6711.447,7220.2876,7010.652,36823.0
:W02,17524.643,8716.505,5701.3735,8662.488,40605.0,:W04,16776.383,7836.4854,5558.071,7753.045,37924.0,:W06,16649.6,8435.875,5542.537,8156.001,38784.0,:W07,15592.438,8677.967,5766.6704,8718.934,38756.0,:W09,15728.154,8700.892,5814.3457,8705.626,38949.0,:W10,16888.639,7811.964,5506.529,8150.8794,38358.0,:W16,17085.736,7806.324,5695.8984,8128.025,38716.0,:W17,17220.338,9128.716,5877.1987,8491.751,40718.0,:W19,15824.389,8778.506,5993.363,8582.731,39179.0,:W20,16574.652,7730.859,5350.1543,7924.33,37580.0,:W22,17341.434,8232.942,5508.357,8215.273,39298.0,:W24,16691.875,8107.5254,5370.382,8406.221,38576.0,:W26,16994.328,6779.1914,7377.57,6733.9106,37885.0
:W02,17580.598,8560.774,5614.7173,8900.909,40657.0,:W04,17053.35,7911.7837,5515.956,7917.9185,38399.0,:W06,16663.143,8359.213,5021.6167,8368.017,38412.0,:W07,14597.274,9190.431,6219.2256,9491.085,39498.0,:W09,16972.477,8810.117,5879.0566,8812.339,40474.0,:W10,17339.092,8708.295,5603.8755,8464.732,40116.0,:W16,16984.814,8080.184,5655.5894,8354.415,39075.0,:W17,17637.725,8954.79,6006.0146,8773.48,41372.0,:W19,15859.624,8627.702,5917.015,8993.659,39398.0,:W20,16799.482,8225.159,5462.628,7880.7344,38368.0,:W22,17391.865,8441.223,5868.173,8213.729,39915.0,:W24,16481.893,7796.6675,5186.4307,8021.0293,37486.0,:W26,17461.334,6782.9844,7362.273,6708.429,38315.0
:W02,16809.9,7962.2646,5433.6367,7960.1865,38166.0,:W04,17192.943,8574.277,5732.0317,8180.745,39680.0,:W06,17866.574,8765.061,5692.9263,8658.444,40983.0,:W07,16186.534,8651.543,5831.933,8794.001,39464.0,:W09,16512.385,8363.287,5886.425,8703.927,39466.0,:W10,17165.07,8161.885,5506.8364,8381.217,39215.0,:W16,16882.967,8207.773,5408.248,8192.017,38691.0,:W17,16394.186,8813.694,5575.0464,8734.065,39517.0,:W19,16496.273,8800.935,6126.389,8886.398,40310.0,:W20,16871.229,7894.1562,5617.428,8072.186,38455.0,:W22,17152.867,8053.1504,5686.676,8191.3145,39084.0,:W24,17824.848,8371.036,5817.302,8408.814,40422.0,:W26,16758.402,6448.031,7218.7007,6708.9067,37134.0
:W02,16974.541,8247.179,5312.438,8392.851,38927.0,:W04,17383.021,8697.402,5739.0947,8644.47,40464.0,:W06,17233.414,8680.421,5405.584,8449.571,39769.0,:W07,14679.318,9073.593,6193.41,9202.661,39149.0,:W09,17160.918,9037.914,5865.1367,8642.04,40706.0,:W10,17473.215,8108.73,5578.018,8367.046,39527.0,:W16,16845.46,7850.3403,5396.7275,8053.4805,38146.0,:W17,14978.666,8333.043,5637.6255,8279.669,37229.0,:W19,15994.941,9402.1045,6422.312,9410.655,41230.0,:W20,17532.197,8210.082,5607.387,8046.349,39396.0,:W22,17231.508,8046.939,5735.975,8099.5757,39114.0,:W24,16875.13,7915.8545,5279.2383,8253.781,38324.0,:W26,16083.043,6864.1875,7378.679,6618.0874,36944.0
:W02,16887.26,8360.213,5356.4595,7898.0615,38502.0,:W04,16568.047,7633.468,5418.673,7666.815,37287.0,:W06,16741.488,8152.0684,5659.385,8375.056,38928.0,:W07,15693.252,8302.985,5518.2505,8481.515,37996.0,:W09,17409.258,9247.837,5823.658,9012.257,41493.0,:W10,17098.836,8334.89,5709.44,8560.85,39704.0,:W16,17517.293,8248.944,5573.0586,8174.6963,39514.0,:W17,15254.511,8091.3203,5608.1553,8368.019,37322.0,:W19,16513.615,8798.32,6084.3154,9151.745,40548.0,:W20,17907.787,8534.859,6030.503,8351.856,40825.0,:W22,16792.582,7896.9717,5670.3823,7864.0654,38224.0,:W24,16628.688,7936.982,5511.2246,7780.1113,37857.0,:W26,16188.237,6714.3027,7142.8633,6737.6035,36783.0
:W02,17338.89,8567.39,5627.621,8616.109,40150.0,:W04,17664.701,9126.208,5462.866,8426.216,40680.0,:W06,16977.576,7914.9443,5405.147,7928.325,38226.0,:W07,16498.521,8923.402,6104.111,9214.968,40741.0,:W09,15826.186,8456.527,5995.5337,8853.742,39132.0,:W10,17890.123,8799.108,5763.8096,8673.964,41127.0,:W16,17090.137,8084.5386,5351.928,7964.393,38491.0,:W17,15388.367,8259.228,5742.6284,8182.7617,37573.0,:W19,16135.041,8383.018,5900.4355,8857.501,39276.0,:W20,16707.445,8070.9585,5286.8657,7764.7236,37830.0,:W22,16724.324,7936.5273,5735.752,7870.3965,38267.0,:W24,16826.006,8280.076,5230.2266,8284.696,38621.0,:W26,16322.095,6516.137,7085.4116,6704.353,36628.0
:W02,17186.184,8341.121,5278.127,8316.566,39122.0,:W04,17388.63,8401.007,5619.654,8526.712,39936.0,:W06,17336.445,8634.312,5793.4136,8332.845,40097.0,:W07,17751.58,8953.847,6063.593,9288.977,42058.0,:W09,17749.357,9010.626,6048.4297,9093.585,41902.0,:W10,17152.314,8574.493,5875.9775,8935.208,40538.0,:W16,17867.244,8683.802,5700.5015,8969.445,41221.0,:W17,17287.838,9048.304,5865.2554,8807.617,41009.0,:W19,15958.936,8960.395,6112.968,8450.7,39483.0,:W20,17269.129,8314.445,5473.0815,8268.338,39325.0,:W22,16645.945,7731.767,5280.7095,7911.58,37570.0,:W24,17452.531,8670.504,5360.4385,8355.531,39839.0,:W26,16399.633,7062.392,7338.924,6832.062,37633.0
:W02,17737.3,8844.746,5820.9575,8964.999,41368.0,:W04,17175.809,8009.917,5551.175,8100.101,38837.0,:W06,17344.887,8531.169,5683.4233,8352.517,39912.0,:W07,17624.705,8956.548,6020.373,9159.384,41761.0,:W09,15687.326,8562.795,5769.425,8488.46,38508.0,:W10,17416.633,8342.288,5660.9087,8244.185,39664.0,:W16,16636.09,8726.076,5529.202,8595.637,39487.0,:W17,15876.958,8610.005,5862.5635,8431.475,38781.0,:W19,15638.43,8668.112,5900.9517,8809.508,39017.0,:W20,16656.482,7647.7227,5282.4688,7735.3203,37322.0,:W22,16612.385,7790.5835,5617.5674,7884.464,37905.0,:W24,16596.863,8201.758,5560.5186,8228.871,38588.0,:W26,17482.328,6661.641,7321.9478,6628.0845,38094.0
:W02,16604.7,7919.6343,5410.279,8053.387,37988.0,:W04,17130.562,8174.1265,5718.743,8061.5635,39085.0,:W06,17309.871,7886.891,5791.432,8274.819,39263.0,:W07,14811.673,9782.164,6359.853,9316.318,40270.0,:W09,17762.361,9049.517,6124.0117,9132.122,42068.0,:W10,17014.604,8281.627,5826.9395,8529.834,39653.0,:W16,16642.348,7883.7134,5201.8545,7835.09,37563.0,:W17,16342.237,9080.507,5971.217,9309.031,40703.0,:W19,16507.447,8704.542,5725.5996,8565.411,39503.0,:W20,16709.027,8841.541,5368.708,8186.7266,39106.0,:W22,17859.92,8553.651,5684.573,8521.843,40620.0,:W24,17341.24,8081.344,5360.4595,8420.961,39204.0,:W26,16584.303,6638.3354,7338.6313,6620.703,37182.0
:W02,17758.69,8710.308,5790.252,8700.756,40960.0,:W04,17425.201,8128.5137,5556.1875,8281.095,39391.0,:W06,17265.607,8071.1006,5248.3604,8590.925,39176.0,:W07,17479.594,9410.112,5899.454,8955.847,41745.0,:W09,15869.529,8650.812,6047.9204,8784.747,39353.0,:W10,16992.602,7946.661,5467.7676,7756.9805,38164.0,:W16,16637.645,8422.101,5150.899,7781.3496,37992.0,:W17,14928.397,9284.924,6330.7725,9473.892,40018.0,:W19,16348.985,8661.098,5995.82,8885.093,39891.0,:W20,16603.53,7866.8086,5510.937,8030.7344,38012.0,:W22,17784.645,8412.282,5876.4995,8783.579,40857.0,:W24,17260.004,8230.576,5866.012,7961.415,39318.0,:W26,16675.16,6645.301,7523.28,6820.2593,37664.0
