iteration,q_PPPP,max_positive_conditional_regret
100,0.0,0.019407772
200,0.055,0.009805091
300,0.37,0.006536727
400,0.5275,0.0049025454
500,0.622,0.0039220364
600,0.685,0.0032683634
700,0.73,0.0028014544
800,0.76375,0.0024512727
900,0.79,0.002178909
1000,0.811,0.0019610182
1100,0.8281818,0.0017827437
1200,0.8425,0.0016341817
1300,0.8546154,0.0015084754
1400,0.865,0.0014007272
1500,0.874,0.0013073453
1600,0.881875,0.0012256363
1700,0.8888235,0.0011535401
1800,0.895,0.0010894545
1900,0.90052634,0.0010321147
2000,0.9055,9.805091E-4
2100,0.91,9.338181E-4
2200,0.91409093,8.9137186E-4
2300,0.9178261,8.5261656E-4
2400,0.92125,8.1709085E-4
2500,0.9244,7.8440725E-4
2600,0.92730767,7.542377E-4
2700,0.93,7.2630297E-4
2800,0.9325,7.003636E-4
2900,0.93482757,6.762131E-4
3000,0.937,6.536727E-4
3100,0.93903226,6.325865E-4
3200,0.9409375,6.1281817E-4
3300,0.94272727,5.942479E-4
3400,0.94441175,5.7677005E-4
3500,0.946,5.602909E-4
3600,0.9475,5.4472726E-4
3700,0.94891894,5.300049E-4
3800,0.95026314,5.1605736E-4
3900,0.95153844,5.0282513E-4
4000,0.95275,4.9025455E-4
4100,0.9539024,4.782971E-4
4200,0.955,4.6690906E-4
4300,0.9560465,4.560507E-4
4400,0.95704544,4.4568593E-4
4500,0.958,4.357818E-4
4600,0.958913,4.2630828E-4
4700,0.95978725,4.172379E-4
4800,0.960625,4.0854543E-4
4900,0.9614286,4.0020776E-4
5000,0.9622,3.9220363E-4
5100,0.96294117,3.8451335E-4
5200,0.96365386,3.7711885E-4
5300,0.9643396,3.700034E-4
5400,0.965,3.6315148E-4
5500,0.9656364,3.5654876E-4
5600,0.96625,3.501818E-4
5700,0.9668421,3.4403827E-4
5800,0.9674138,3.3810656E-4
5900,0.9679661,3.3237596E-4
6000,0.9685,3.2683634E-4
6100,0.9690164,3.2147838E-4
6200,0.96951616,3.1629324E-4
6300,0.97,3.112727E-4
6400,0.97046876,3.0640909E-4
6500,0.97092307,3.0169508E-4
6600,0.97136366,2.9712394E-4
6700,0.971791,2.9268928E-4
6800,0.9722059,2.8838502E-4
6900,0.9726087,2.842055E-4
7000,0.973,2.8014544E-4
7100,0.97338027,2.7619972E-4
7200,0.97375,2.7236363E-4
7300,0.9741096,2.686326E-4
7400,0.97445947,2.6500245E-4
7500,0.9748,2.6146907E-4
7600,0.9751316,2.5802868E-4
7700,0.97545457,2.5467767E-4
7800,0.9757692,2.5141257E-4
7900,0.97607595,2.4823015E-4
8000,0.976375,2.4512727E-4
8100,0.9766667,2.42101E-4
8200,0.97695124,2.3914855E-4
8300,0.97722894,2.3626724E-4
8400,0.9775,2.3345453E-4
8500,0.9777647,2.3070801E-4
8600,0.97802323,2.2802535E-4
8700,0.97827584,2.2540438E-4
8800,0.9785227,2.2284297E-4
8900,0.97876406,2.203391E-4
9000,0.979,2.178909E-4
9100,0.97923076,2.1549649E-4
9200,0.97945654,2.1315414E-4
9300,0.97967744,2.1086216E-4
9400,0.9798936,2.0861895E-4
9500,0.9801053,2.0642296E-4
9600,0.9803125,2.0427271E-4
9700,0.9805155,2.0216682E-4
9800,0.98071426,2.0010388E-4
9900,0.9809091,1.9808263E-4
10000,0.9811,1.9610181E-4
10100,0.9812871,1.9416021E-4
10200,0.9814706,1.9225667E-4
10300,0.9816505,1.903901E-4
10400,0.9818269,1.8855942E-4
10500,0.982,1.8676363E-4
10600,0.9821698,1.850017E-4
10700,0.98233646,1.8327271E-4
10800,0.9825,1.8157574E-4
10900,0.98266053,1.7990991E-4
11000,0.9828182,1.7827438E-4
11100,0.982973,1.766683E-4
11200,0.983125,1.750909E-4
11300,0.98327434,1.7354143E-4
11400,0.983421,1.7201914E-4
11500,0.9835652,1.7052332E-4
11600,0.9837069,1.6905328E-4
11700,0.9838461,1.6760838E-4
11800,0.98398304,1.6618798E-4
11900,0.9841176,1.6479143E-4
12000,0.98425,1.6341817E-4
12100,0.9843802,1.620676E-4
12200,0.9845082,1.6073919E-4
12300,0.98463416,1.5943237E-4
12400,0.9847581,1.5814662E-4
12500,0.98488,1.5688145E-4
12600,0.985,1.5563636E-4
12700,0.9851181,1.5441087E-4
12800,0.9852344,1.5320454E-4
12900,0.9853488,1.520169E-4
13000,0.98546153,1.5084754E-4
13100,0.9855725,1.4969603E-4
13200,0.98568183,1.4856197E-4
13300,0.9857895,1.4744497E-4
13400,0.9858955,1.4634464E-4
13500,0.986,1.452606E-4
13600,0.98610294,1.4419251E-4
13700,0.9862044,1.4314E-4
13800,0.98630434,1.4210276E-4
13900,0.98640287,1.4108044E-4
14000,0.9865,1.4007272E-4
14100,0.98659575,1.390793E-4
14200,0.98669016,1.3809986E-4
14300,0.9867832,1.3713414E-4
14400,0.986875,1.3618181E-4
14500,0.98696554,1.3524263E-4
14600,0.98705477,1.343163E-4
14700,0.98714286,1.3340259E-4
14800,0.9872297,1.3250123E-4
14900,0.9873154,1.3161195E-4
15000,0.9874,1.3073454E-4
15100,0.98748344,1.2986874E-4
15200,0.9875658,1.2901434E-4
15300,0.98764706,1.2817112E-4
15400,0.9877273,1.2733883E-4
15500,0.98780644,1.2651729E-4
15600,0.98788464,1.2570628E-4
15700,0.98796177,1.2490561E-4
15800,0.988038,1.2411507E-4
15900,0.9881132,1.2333447E-4
16000,0.9881875,1.2256364E-4
16100,0.98826087,1.2180237E-4
16200,0.98833334,1.210505E-4
16300,0.9884049,1.2030786E-4
16400,0.9884756,1.1957427E-4
16500,0.9885455,1.1884958E-4
16600,0.98861444,1.1813362E-4
16700,0.9886826,1.17426236E-4
16800,0.98875,1.16727264E-4
16900,0.98881656,1.1603657E-4
17000,0.98888236,1.1535401E-4
17100,0.9889474,1.1467942E-4
17200,0.98901165,1.1401268E-4
17300,0.9890751,1.1335365E-4
17400,0.98913795,1.1270219E-4
17500,0.9892,1.1205817E-4
17600,0.9892614,1.1142148E-4
17700,0.989322,1.1079198E-4
17800,0.989382,1.1016955E-4
17900,0.98944134,1.0955409E-4
18000,0.9895,1.0894545E-4
18100,0.989558,1.0834354E-4
18200,0.9896154,1.07748245E-4
18300,0.9896721,1.0715946E-4
18400,0.9897283,1.0657707E-4
18500,0.98978376,1.06000974E-4
18600,0.9898387,1.0543108E-4
18700,0.989893,1.0486728E-4
18800,0.9899468,1.04309474E-4
18900,0.99,1.0375757E-4
19000,0.99005264,1.0321148E-4
19100,0.99010473,1.026711E-4
19200,0.99015623,1.0213636E-4
19300,0.99020725,1.01607155E-4
19400,0.99025774,1.0108341E-4
19500,0.9903077,1.0056503E-4
19600,0.99035716,1.0005194E-4
19700,0.9904061,9.9544064E-5
19800,0.99045455,9.904132E-5
19900,0.99050254,9.854362E-5
20000,0.99055,9.805091E-5
20100,0.990597,9.756309E-5
20200,0.99064356,9.7080105E-5
20300,0.99068964,9.660188E-5
20400,0.9907353,9.612834E-5
20500,0.9907805,9.5659416E-5
20600,0.99082524,9.519505E-5
20700,0.9908696,9.473517E-5
20800,0.99091345,9.427971E-5
20900,0.99095696,9.382862E-5
21000,0.991,9.3381816E-5
21100,0.9910427,9.293925E-5
21200,0.99108493,9.250085E-5
21300,0.9911268,9.206658E-5
21400,0.9911682,9.163636E-5
21500,0.9912093,9.1210146E-5
21600,0.99125,9.078787E-5
21700,0.99129033,9.0369496E-5
21800,0.99133027,8.9954956E-5
21900,0.99136984,8.9544206E-5
22000,0.99140906,8.913719E-5
22100,0.991448,8.873385E-5
22200,0.9914865,8.833415E-5
22300,0.99152464,8.793803E-5
22400,0.9915625,8.754545E-5
22500,0.9916,8.715636E-5
22600,0.9916372,8.677071E-5
22700,0.991674,8.638846E-5
22800,0.99171054,8.600957E-5
22900,0.9917467,8.5633976E-5
23000,0.9917826,8.526166E-5
23100,0.9918182,8.4892556E-5
23200,0.9918535,8.452664E-5
23300,0.9918884,8.416387E-5
23400,0.9919231,8.380419E-5
23500,0.9919574,8.344758E-5
23600,0.9919915,8.309399E-5
23700,0.9920253,8.2743376E-5
23800,0.9920588,8.2395716E-5
23900,0.9920921,8.205097E-5
24000,0.992125,8.1709084E-5
24100,0.9921577,8.1370046E-5
24200,0.99219006,8.10338E-5
24300,0.99222225,8.070033E-5
24400,0.9922541,8.0369595E-5
24500,0.9922857,8.004155E-5
24600,0.9923171,7.9716185E-5
24700,0.9923482,7.9393445E-5
24800,0.992379,7.907331E-5
24900,0.99240965,7.8755744E-5
25000,0.99244,7.8440724E-5
25100,0.99247015,7.812821E-5
25200,0.9925,7.781818E-5
25300,0.99252963,7.7510595E-5
25400,0.9925591,7.720543E-5
25500,0.9925882,7.690267E-5
25600,0.9926172,7.660227E-5
25700,0.9926459,7.6304204E-5
25800,0.9926744,7.600845E-5
25900,0.9927027,7.571498E-5
26000,0.9927308,7.542377E-5
26100,0.99275863,7.513479E-5
26200,0.9927863,7.4848016E-5
26300,0.9928137,7.4563424E-5
26400,0.9928409,7.4280986E-5
26500,0.99286795,7.400068E-5
26600,0.9928947,7.3722484E-5
26700,0.99292135,7.344637E-5
26800,0.99294776,7.317232E-5
26900,0.992974,7.29003E-5
27000,0.993,7.26303E-5
27100,0.99302584,7.2362294E-5
27200,0.99305147,7.2096256E-5
27300,0.9930769,7.183216E-5
27400,0.9931022,7.157E-5
27500,0.9931273,7.130975E-5
27600,0.9931522,7.105138E-5
27700,0.9931769,7.079488E-5
27800,0.99320143,7.054022E-5
27900,0.9932258,7.028739E-5
28000,0.99325,7.003636E-5
28100,0.99327403,6.978712E-5
28200,0.9932979,6.953965E-5
28300,0.99332154,6.929393E-5
28400,0.9933451,6.904993E-5
28500,0.99336845,6.8807654E-5
28600,0.99339163,6.856707E-5
28700,0.99341464,6.8328154E-5
28800,0.9934375,6.809091E-5
28900,0.9934602,6.78553E-5
29000,0.99348277,6.762132E-5
29100,0.9935052,6.738894E-5
29200,0.9935274,6.715815E-5
29300,0.99354947,6.6928944E-5
29400,0.9935714,6.6701294E-5
29500,0.9935932,6.6475186E-5
29600,0.99361485,6.625061E-5
29700,0.99363637,6.602755E-5
29800,0.9936577,6.580597E-5
29900,0.9936789,6.558589E-5
30000,0.9937,6.536727E-5
30100,0.99372095,6.51501E-5
30200,0.99374175,6.493437E-5
30300,0.9937624,6.472007E-5
30400,0.9937829,6.450717E-5
30500,0.99380326,6.429567E-5
30600,0.9938235,6.408556E-5
30700,0.9938437,6.387681E-5
30800,0.99386364,6.366942E-5
30900,0.9938835,6.346337E-5
31000,0.9939032,6.3258645E-5
31100,0.9939228,6.3055246E-5
31200,0.9939423,6.285314E-5
31300,0.99396163,6.265233E-5
31400,0.9939809,6.2452804E-5
31500,0.994,6.225454E-5
31600,0.994019,6.205754E-5
31700,0.99403787,6.186177E-5
31800,0.9940566,6.166723E-5
31900,0.99407524,6.147392E-5
32000,0.9940938,6.128182E-5
32100,0.99411213,6.1090905E-5
32200,0.99413043,6.0901184E-5
32300,0.9941486,6.0712635E-5
32400,0.9941667,6.052525E-5
32500,0.9941846,6.0339018E-5
32600,0.99420244,6.015393E-5
32700,0.9942202,5.996997E-5
32800,0.9942378,5.9787137E-5
32900,0.9942553,5.9605412E-5
33000,0.9942727,5.942479E-5
33100,0.99429005,5.924526E-5
33200,0.9943072,5.906681E-5
33300,0.9943243,5.8889433E-5
33400,0.9943413,5.8713118E-5
33500,0.9943582,5.8537855E-5
33600,0.994375,5.8363632E-5
33700,0.9943917,5.8190446E-5
33800,0.9944083,5.8018286E-5
33900,0.99442476,5.784714E-5
34000,0.99444115,5.7677003E-5
34100,0.9944575,5.7507863E-5
34200,0.9944737,5.733971E-5
34300,0.9944898,5.717254E-5
34400,0.9945058,5.700634E-5
34500,0.99452174,5.6841105E-5
34600,0.9945376,5.6676825E-5
34700,0.9945533,5.651349E-5
34800,0.99456894,5.6351095E-5
34900,0.9945845,5.618963E-5
35000,0.9946,5.6029086E-5
35100,0.9946154,5.5869463E-5
35200,0.9946307,5.571074E-5
35300,0.9946459,5.555292E-5
35400,0.99466103,5.539599E-5
35500,0.99467605,5.5239947E-5
35600,0.994691,5.5084776E-5
35700,0.99470586,5.493048E-5
35800,0.9947207,5.4777043E-5
35900,0.99473536,5.462446E-5
36000,0.99475,5.4472726E-5
36100,0.99476457,5.432183E-5
36200,0.994779,5.417177E-5
36300,0.9947934,5.4022537E-5
36400,0.9948077,5.3874122E-5
36500,0.9948219,5.3726522E-5
36600,0.9948361,5.357973E-5
36700,0.99485016,5.3433734E-5
36800,0.9948641,5.3288535E-5
36900,0.99487805,5.3144122E-5
37000,0.9948919,5.3000487E-5
37100,0.99490565,5.285763E-5
37200,0.99491936,5.271554E-5
37300,0.99493295,5.257421E-5
37400,0.99494654,5.243364E-5
37500,0.99496,5.2293817E-5
37600,0.9949734,5.2154737E-5
37700,0.9949867,5.2016396E-5
37800,0.995,5.1878786E-5
37900,0.9950132,5.1741903E-5
38000,0.9950263,5.160574E-5
38100,0.99503934,5.147029E-5
38200,0.99505234,5.133555E-5
38300,0.9950653,5.1201518E-5
38400,0.99507815,5.106818E-5
38500,0.9950909,5.0935534E-5
38600,0.9951036,5.0803577E-5
38700,0.9951163,5.06723E-5
38800,0.99512887,5.0541705E-5
38900,0.9951414,5.0411774E-5
39000,0.99515384,5.0282513E-5
39100,0.99516624,5.0153914E-5
39200,0.9951786,5.002597E-5
39300,0.99519086,4.9898677E-5
39400,0.995203,4.9772032E-5
39500,0.9952152,4.9646027E-5
39600,0.9952273,4.952066E-5
39700,0.9952393,4.9395923E-5
39800,0.99525124,4.927181E-5
39900,0.99526316,4.9148322E-5
40000,0.995275,4.9025453E-5
40100,0.99528676,4.8903195E-5
40200,0.9952985,4.8781545E-5
40300,0.9953102,4.86605E-5
40400,0.9953218,4.8540052E-5
40500,0.9953333,4.84202E-5
40600,0.9953448,4.830094E-5
40700,0.99535626,4.818226E-5
40800,0.99536765,4.806417E-5
40900,0.995379,4.794665E-5
41000,0.99539024,4.7829708E-5
41100,0.99540144,4.7713336E-5
41200,0.99541265,4.7597525E-5
41300,0.99542373,4.7482277E-5
41400,0.99543476,4.7367586E-5
41500,0.9954458,4.725345E-5
41600,0.99545676,4.7139856E-5
41700,0.9954676,4.7026813E-5
41800,0.99547845,4.691431E-5
41900,0.99548924,4.6802343E-5
42000,0.9955,4.6690908E-5
42100,0.9955107,4.658E-5
42200,0.9955213,4.6469624E-5
42300,0.9955319,4.6359764E-5
42400,0.99554247,4.6250425E-5
42500,0.99555296,4.6141602E-5
42600,0.9955634,4.603329E-5
42700,0.99557376,4.592548E-5
42800,0.99558413,4.581818E-5
42900,0.9955944,4.571138E-5
43000,0.99560463,4.5605073E-5
43100,0.9956148,4.549926E-5
43200,0.995625,4.5393936E-5
43300,0.9956351,4.52891E-5
43400,0.99564517,4.5184748E-5
43500,0.9956552,4.5080877E-5
43600,0.99566513,4.4977478E-5
43700,0.9956751,4.4874556E-5
43800,0.9956849,4.4772103E-5
43900,0.99569476,4.4670116E-5
44000,0.99570453,4.4568595E-5
44100,0.9957143,4.446753E-5
44200,0.99572396,4.4366923E-5
44300,0.9957336,4.4266773E-5
44400,0.9957432,4.4167075E-5
44500,0.9957528,4.4067823E-5
44600,0.99576235,4.3969016E-5
44700,0.9957718,4.3870652E-5
44800,0.99578124,4.3772725E-5
44900,0.99579066,4.3675234E-5
45000,0.9958,4.357818E-5
45100,0.9958093,4.3481556E-5
45200,0.99581856,4.3385357E-5
45300,0.9958278,4.3289583E-5
45400,0.99583703,4.319423E-5
45500,0.99584615,4.30993E-5
45600,0.9958553,4.3004784E-5
45700,0.99586433,4.291068E-5
45800,0.9958734,4.2816988E-5
45900,0.99588233,4.2723706E-5
46000,0.99589133,4.263083E-5
46100,0.9959002,4.2538355E-5
46200,0.9959091,4.2446278E-5
46300,0.9959179,4.23546E-5
46400,0.99592674,4.226332E-5
46500,0.9959355,4.2172433E-5
46600,0.9959442,4.2081934E-5
46700,0.9959529,4.199182E-5
46800,0.99596155,4.1902094E-5
46900,0.99597013,4.1812753E-5
47000,0.9959787,4.172379E-5
47100,0.99598724,4.1635205E-5
47200,0.99599576,4.1546995E-5
47300,0.9960042,4.1459156E-5
47400,0.9960127,4.1371688E-5
47500,0.99602103,4.128459E-5
47600,0.99602944,4.1197858E-5
47700,0.9960377,4.111149E-5
47800,0.996046,4.1025483E-5
47900,0.9960543,4.0939834E-5
48000,0.9960625,4.0854542E-5
48100,0.9960707,4.0769606E-5
48200,0.99607885,4.0685023E-5
48300,0.99608696,4.060079E-5
48400,0.99609506,4.05169E-5
48500,0.9961031,4.0433362E-5
48600,0.9961111,4.0350165E-5
48700,0.9961191,4.026731E-5
48800,0.99612707,4.0184797E-5
48900,0.996135,4.010262E-5
49000,0.99614286,4.0020775E-5
49100,0.99615073,3.993927E-5
49200,0.99615854,3.9858092E-5
49300,0.99616635,3.9777242E-5
49400,0.9961741,3.9696723E-5
49500,0.99618185,3.9616527E-5
49600,0.99618953,3.9536655E-5
49700,0.99619716,3.9457103E-5
49800,0.9962048,3.9377872E-5
49900,0.9962124,3.929896E-5
50000,0.99622,3.9220362E-5
50100,0.99622756,3.9142076E-5
50200,0.9962351,3.9064103E-5
50300,0.9962425,3.8986444E-5
50400,0.99625,3.890909E-5
50500,0.9962574,3.883204E-5
50600,0.9962648,3.8755297E-5
50700,0.9962722,3.8678856E-5
50800,0.99627954,3.8602717E-5
50900,0.9962868,3.852688E-5
51000,0.99629414,3.8451333E-5
51100,0.99630135,3.837609E-5
51200,0.99630857,3.8301136E-5
51300,0.9963158,3.8226473E-5
51400,0.99632293,3.8152102E-5
51500,0.9963301,3.8078022E-5
51600,0.99633723,3.8004226E-5
51700,0.99634427,3.7930717E-5
51800,0.99635136,3.785749E-5
51900,0.9963584,3.778455E-5
52000,0.99636537,3.7711885E-5
52100,0.99637234,3.7639504E-5
52200,0.9963793,3.7567395E-5
52300,0.99638623,3.7495567E-5
52400,0.99639314,3.7424008E-5
52500,0.9964,3.7352725E-5
52600,0.99640685,3.7281712E-5
52700,0.99641365,3.7210968E-5
52800,0.99642044,3.7140493E-5
52900,0.99642724,3.7070284E-5
53000,0.996434,3.700034E-5
53100,0.99644065,3.693066E-5
53200,0.9964474,3.6861242E-5
53300,0.99645406,3.6792084E-5
53400,0.9964607,3.6723184E-5
53500,0.9964673,3.6654543E-5
53600,0.9964739,3.658616E-5
53700,0.99648046,3.6518028E-5
53800,0.99648696,3.645015E-5
53900,0.9964935,3.6382524E-5
54000,0.9965,3.631515E-5
54100,0.99650645,3.6248024E-5
54200,0.9965129,3.6181147E-5
54300,0.9965193,3.6114514E-5
54400,0.99652576,3.6048128E-5
54500,0.9965321,3.5981982E-5
54600,0.99653846,3.591608E-5
54700,0.9965448,3.5850422E-5
54800,0.9965511,3.5785E-5
54900,0.99655735,3.571982E-5
55000,0.9965636,3.5654873E-5
55100,0.9965699,3.5590165E-5
55200,0.9965761,3.552569E-5
55300,0.99658227,3.546145E-5
55400,0.99658847,3.539744E-5
55500,0.9965946,3.5333658E-5
55600,0.99660075,3.527011E-5
55700,0.9966068,3.5206787E-5
55800,0.9966129,3.5143694E-5
55900,0.996619,3.5080826E-5
56000,0.996625,3.501818E-5
56100,0.996631,3.495576E-5
56200,0.996637,3.489356E-5
56300,0.996643,3.483158E-5
56400,0.9966489,3.4769826E-5
56500,0.99665487,3.4708286E-5
56600,0.99666077,3.4646964E-5
56700,0.99666667,3.4585857E-5
56800,0.9966725,3.4524965E-5
56900,0.9966784,3.446429E-5
57000,0.9966842,3.4403827E-5
57100,0.99669003,3.4343575E-5
57200,0.9966958,3.4283534E-5
57300,0.9967016,3.42237E-5
57400,0.9967073,3.4164077E-5
57500,0.99671304,3.410466E-5
57600,0.99671876,3.4045454E-5
57700,0.9967244,3.398645E-5
57800,0.9967301,3.392765E-5
57900,0.99673575,3.386905E-5
58000,0.99674135,3.381066E-5
58100,0.996747,3.375246E-5
58200,0.99675256,3.369447E-5
58300,0.99675816,3.3636676E-5
58400,0.9967637,3.3579076E-5
58500,0.99676925,3.3521676E-5
58600,0.99677473,3.3464472E-5
58700,0.9967802,3.3407465E-5
58800,0.9967857,3.3350647E-5
58900,0.9967912,3.3294025E-5
59000,0.9967966,3.3237593E-5
59100,0.99680203,3.3181354E-5
59200,0.99680746,3.3125307E-5
59300,0.9968128,3.3069446E-5
59400,0.9968182,3.3013774E-5
59500,0.99682355,3.2958287E-5
59600,0.99682885,3.2902986E-5
59700,0.99683416,3.2847875E-5
59800,0.99683946,3.2792945E-5
59900,0.99684477,3.2738197E-5
60000,0.99685,3.2683634E-5
60100,0.99685526,3.2629254E-5
60200,0.99686044,3.257505E-5
60300,0.9968657,3.252103E-5
60400,0.9968709,3.2467186E-5
60500,0.99687606,3.241352E-5
60600,0.9968812,3.2360036E-5
60700,0.9968863,3.230672E-5
60800,0.99689144,3.2253585E-5
60900,0.99689656,3.2200627E-5
61000,0.99690163,3.2147836E-5
61100,0.9969067,3.2095224E-5
61200,0.99691176,3.204278E-5
61300,0.99691683,3.199051E-5
61400,0.99692184,3.1938405E-5
61500,0.99692684,3.1886473E-5
61600,0.9969318,3.183471E-5
61700,0.9969368,3.1783115E-5
61800,0.99694175,3.1731684E-5
61900,0.9969467,3.168042E-5
62000,0.99695164,3.1629323E-5
62100,0.9969565,3.157839E-5
62200,0.9969614,3.1527623E-5
62300,0.9969663,3.1477015E-5
62400,0.99697113,3.142657E-5
62500,0.996976,3.137629E-5
62600,0.99698085,3.1326166E-5
62700,0.9969857,3.1276206E-5
62800,0.99699044,3.1226402E-5
62900,0.9969952,3.1176758E-5
63000,0.997,3.112727E-5
63100,0.99700475,3.107794E-5
63200,0.9970095,3.102877E-5
63300,0.9970142,3.0979747E-5
63400,0.99701893,3.0930885E-5
63500,0.99702364,3.0882176E-5
63600,0.9970283,3.0833617E-5
63700,0.99703294,3.0785213E-5
63800,0.9970376,3.073696E-5
63900,0.99704224,3.0688858E-5
64000,0.9970469,3.064091E-5
64100,0.9970515,3.0593106E-5
64200,0.99705607,3.0545452E-5
64300,0.99706066,3.0497948E-5
64400,0.99706525,3.0450592E-5
64500,0.9970698,3.0403382E-5
64600,0.9970743,3.0356317E-5
64700,0.99707884,3.0309398E-5
64800,0.9970833,3.0262625E-5
64900,0.99708784,3.0215995E-5
65000,0.9970923,3.0169509E-5
65100,0.9970968,3.0123165E-5
65200,0.99710125,3.0076964E-5
65300,0.99710566,3.0030906E-5
65400,0.99711007,2.9984985E-5
65500,0.9971145,2.9939207E-5
65600,0.9971189,2.9893568E-5
65700,0.9971233,2.9848068E-5
65800,0.99712765,2.9802706E-5
65900,0.997132,2.9757482E-5
66000,0.99713635,2.9712395E-5
66100,0.9971407,2.9667444E-5
66200,0.997145,2.962263E-5
66300,0.99714935,2.957795E-5
66400,0.99715364,2.9533405E-5
66500,0.9971579,2.9488994E-5
66600,0.99716216,2.9444716E-5
66700,0.9971664,2.9400571E-5
66800,0.9971707,2.9356559E-5
66900,0.99717486,2.9312678E-5
67000,0.9971791,2.9268927E-5
67100,0.9971833,2.9225306E-5
67200,0.9971875,2.9181816E-5
67300,0.99719167,2.9138457E-5
67400,0.99719584,2.9095223E-5
67500,0.9972,2.905212E-5
67600,0.9972041,2.9009143E-5
67700,0.9972083,2.8966293E-5
67800,0.9972124,2.892357E-5
67900,0.9972165,2.8880973E-5
68000,0.9972206,2.8838502E-5
68100,0.9972247,2.8796154E-5
68200,0.99722874,2.8753931E-5
68300,0.9972328,2.8711831E-5
68400,0.99723685,2.8669854E-5
68500,0.9972409,2.8628001E-5
68600,0.9972449,2.858627E-5
68700,0.9972489,2.8544659E-5
68800,0.9972529,2.850317E-5
68900,0.9972569,2.8461802E-5
69000,0.99726087,2.8420553E-5
69100,0.99726486,2.8379422E-5
69200,0.9972688,2.8338412E-5
69300,0.99727273,2.829752E-5
69400,0.99727666,2.8256745E-5
69500,0.9972806,2.8216087E-5
69600,0.9972845,2.8175547E-5
69700,0.9972884,2.8135124E-5
69800,0.9972923,2.8094815E-5
69900,0.99729615,2.8054623E-5
70000,0.9973,2.8014543E-5
70100,0.99730384,2.797458E-5
70200,0.9973077,2.7934731E-5
70300,0.99731153,2.7894994E-5
70400,0.99731535,2.785537E-5
70500,0.99731916,2.7815859E-5
70600,0.9973229,2.777646E-5
70700,0.99732673,2.7737173E-5
70800,0.9973305,2.7697995E-5
70900,0.9973343,2.7658929E-5
71000,0.99733806,2.7619973E-5
71100,0.99734175,2.7581127E-5
71200,0.9973455,2.7542388E-5
71300,0.9973492,2.750376E-5
71400,0.99735296,2.746524E-5
71500,0.99735665,2.7426826E-5
71600,0.99736035,2.7388522E-5
71700,0.99736404,2.7350323E-5
71800,0.9973677,2.731223E-5
71900,0.9973714,2.7274244E-5
72000,0.997375,2.7236363E-5
72100,0.99737865,2.7198586E-5
72200,0.9973823,2.7160915E-5
72300,0.9973859,2.7123348E-5
72400,0.9973895,2.7085885E-5
72500,0.99739313,2.7048525E-5
72600,0.9973967,2.7011269E-5
72700,0.9974003,2.6974114E-5
72800,0.99740386,2.6937061E-5
72900,0.99740744,2.690011E-5
73000,0.99741095,2.6863261E-5
73100,0.9974145,2.6826512E-5
73200,0.99741805,2.6789865E-5
73300,0.99742156,2.6753316E-5
73400,0.9974251,2.6716867E-5
73500,0.9974286,2.6680518E-5
73600,0.99743205,2.6644268E-5
73700,0.99743557,2.6608115E-5
73800,0.997439,2.6572061E-5
73900,0.9974425,2.6536103E-5
74000,0.99744594,2.6500244E-5
74100,0.9974494,2.6464482E-5
74200,0.99745286,2.6428816E-5
74300,0.99745625,2.6393245E-5
74400,0.99745965,2.635777E-5
74500,0.9974631,2.632239E-5
74600,0.9974665,2.6287105E-5
74700,0.9974699,2.6251915E-5
74800,0.99747324,2.621682E-5
74900,0.99747664,2.6181817E-5
75000,0.99748,2.6146909E-5
75100,0.9974834,2.6112091E-5
75200,0.9974867,2.6077369E-5
75300,0.99749005,2.6042737E-5
75400,0.9974934,2.6008198E-5
75500,0.99749666,2.597375E-5
75600,0.9975,2.5939393E-5
75700,0.9975033,2.5905127E-5
75800,0.9975066,2.5870952E-5
75900,0.9975099,2.5836865E-5
76000,0.9975132,2.580287E-5
76100,0.99751645,2.5768963E-5
76200,0.9975197,2.5735146E-5
76300,0.99752295,2.5701416E-5
76400,0.99752617,2.5667776E-5
76500,0.9975294,2.5634223E-5
76600,0.99753267,2.5600759E-5
76700,0.9975358,2.556738E-5
76800,0.99753904,2.553409E-5
76900,0.99754226,2.5500885E-5
77000,0.9975455,2.5467767E-5
77100,0.99754864,2.5434736E-5
77200,0.9975518,2.5401789E-5
77300,0.99755496,2.5368927E-5
77400,0.9975581,2.533615E-5
77500,0.9975613,2.530346E-5
77600,0.99756444,2.5270852E-5
77700,0.9975676,2.5238329E-5
77800,0.9975707,2.5205887E-5
77900,0.9975738,2.5173531E-5
78000,0.99757695,2.5141257E-5
78100,0.99758005,2.5109066E-5
78200,0.9975831,2.5076957E-5
78300,0.9975862,2.504493E-5
78400,0.9975893,2.5012985E-5
78500,0.99759233,2.4981122E-5
78600,0.9975954,2.4949339E-5
78700,0.99759847,2.4917637E-5
78800,0.9976015,2.4886016E-5
78900,0.99760455,2.4854475E-5
79000,0.9976076,2.4823014E-5
79100,0.9976106,2.4791632E-5
79200,0.9976136,2.476033E-5
79300,0.99761665,2.4729106E-5
79400,0.9976196,2.4697962E-5
79500,0.99762267,2.4666893E-5
79600,0.99762565,2.4635905E-5
79700,0.9976286,2.4604995E-5
79800,0.99763155,2.4574161E-5
79900,0.99763453,2.4543406E-5
80000,0.9976375,2.4512727E-5
80100,0.99764043,2.4482124E-5
80200,0.9976434,2.4451598E-5
80300,0.99764633,2.4421146E-5
80400,0.99764925,2.4390773E-5
80500,0.9976522,2.4360474E-5
80600,0.9976551,2.433025E-5
80700,0.997658,2.43001E-5
80800,0.9976609,2.4270026E-5
80900,0.9976638,2.4240026E-5
81000,0.99766666,2.42101E-5
81100,0.9976695,2.4180248E-5
81200,0.99767244,2.415047E-5
81300,0.9976753,2.4120764E-5
81400,0.99767816,2.409113E-5
81500,0.99768096,2.4061572E-5
81600,0.9976838,2.4032084E-5
81700,0.9976867,2.400267E-5
81800,0.9976895,2.3973325E-5
81900,0.9976923,2.3944054E-5
82000,0.99769515,2.3914854E-5
82100,0.99769795,2.3885726E-5
82200,0.99770075,2.3856668E-5
82300,0.99770355,2.382768E-5
82400,0.9977063,2.3798762E-5
82500,0.9977091,2.3769917E-5
82600,0.99771184,2.3741139E-5
82700,0.99771464,2.3712431E-5
82800,0.9977174,2.3683793E-5
82900,0.9977201,2.3655224E-5
83000,0.99772286,2.3626724E-5
83100,0.9977256,2.3598292E-5
83200,0.99772835,2.3569928E-5
83300,0.9977311,2.3541634E-5
83400,0.99773383,2.3513407E-5
83500,0.9977365,2.3485247E-5
83600,0.99773926,2.3457154E-5
83700,0.99774194,2.342913E-5
83800,0.9977446,2.3401171E-5
83900,0.9977473,2.3373279E-5
84000,0.99775,2.3345454E-5
84100,0.99775267,2.3317694E-5
84200,0.99775535,2.329E-5
84300,0.99775803,2.3262373E-5
84400,0.99776065,2.3234812E-5
84500,0.99776334,2.3207314E-5
84600,0.99776596,2.3179882E-5
84700,0.9977686,2.3152515E-5
84800,0.9977712,2.3125212E-5
84900,0.9977738,2.3097975E-5
85000,0.99777645,2.3070801E-5
85100,0.9977791,2.304369E-5
85200,0.9977817,2.3016644E-5
85300,0.9977843,2.2989661E-5
85400,0.9977869,2.296274E-5
85500,0.9977895,2.2935885E-5
85600,0.99779207,2.290909E-5
85700,0.9977946,2.2882357E-5
85800,0.9977972,2.285569E-5
85900,0.99779975,2.2829081E-5
86000,0.9978023,2.2802536E-5
86100,0.9978049,2.2776052E-5
86200,0.99780744,2.274963E-5
86300,0.99780995,2.2723269E-5
86400,0.9978125,2.2696968E-5
86500,0.997815,2.2670729E-5
86600,0.9978176,2.264455E-5
86700,0.9978201,2.2618433E-5
86800,0.9978226,2.2592374E-5
86900,0.9978251,2.2566375E-5
87000,0.9978276,2.2540438E-5
87100,0.9978301,2.251456E-5
87200,0.9978326,2.2488739E-5
87300,0.99783504,2.2462978E-5
87400,0.99783754,2.2437278E-5
87500,0.99784,2.2411636E-5
87600,0.9978425,2.2386052E-5
87700,0.99784493,2.2360526E-5
87800,0.9978474,2.2335058E-5
87900,0.9978498,2.2309649E-5
88000,0.99785227,2.2284297E-5
88100,0.9978547,2.2259002E-5
88200,0.99785715,2.2233766E-5
88300,0.9978596,2.2208586E-5
88400,0.997862,2.2183462E-5
88500,0.9978644,2.2158396E-5
88600,0.9978668,2.2133387E-5
88700,0.9978692,2.2108434E-5
88800,0.99787164,2.2083537E-5
88900,0.997874,2.2058695E-5
89000,0.9978764,2.2033912E-5
89100,0.9978788,2.2009182E-5
89200,0.9978812,2.1984508E-5
89300,0.99788356,2.195989E-5
89400,0.9978859,2.1935326E-5
89500,0.99788827,2.1910817E-5
89600,0.99789065,2.1886362E-5
89700,0.997893,2.1861963E-5
89800,0.9978953,2.1837617E-5
89900,0.9978977,2.1813326E-5
90000,0.9979,2.178909E-5
90100,0.99790233,2.1764907E-5
90200,0.99790466,2.1740778E-5
90300,0.997907,2.1716702E-5
90400,0.9979093,2.1692678E-5
90500,0.9979116,2.1668708E-5
90600,0.9979139,2.1644792E-5
90700,0.9979162,2.1620926E-5
90800,0.9979185,2.1597116E-5
90900,0.9979208,2.1573356E-5
91000,0.9979231,2.154965E-5
91100,0.99792534,2.1525995E-5
91200,0.9979276,2.1502392E-5
91300,0.99792993,2.147884E-5
91400,0.9979322,2.145534E-5
91500,0.9979344,2.1431892E-5
91600,0.99793667,2.1408494E-5
91700,0.99793893,2.1385149E-5
91800,0.9979412,2.1361853E-5
91900,0.9979434,2.1338608E-5
92000,0.99794567,2.1315414E-5
92100,0.9979479,2.129227E-5
92200,0.99795014,2.1269178E-5
92300,0.99795234,2.1246133E-5
92400,0.99795455,2.1223139E-5
92500,0.99795675,2.1200196E-5
92600,0.99795896,2.11773E-5
92700,0.99796116,2.1154456E-5
92800,0.99796337,2.113166E-5
92900,0.9979656,2.1108914E-5
93000,0.9979677,2.1086216E-5
93100,0.9979699,2.1063566E-5
93200,0.99797213,2.1040967E-5
93300,0.9979743,2.1018415E-5
93400,0.9979764,2.099591E-5
93500,0.9979786,2.0973455E-5
93600,0.9979808,2.0951047E-5
93700,0.9979829,2.0928688E-5
93800,0.99798506,2.0906376E-5
93900,0.9979872,2.0884112E-5
94000,0.99798936,2.0861895E-5
94100,0.9979915,2.0839725E-5
94200,0.99799365,2.0817602E-5
94300,0.99799573,2.0795525E-5
94400,0.9979979,2.0773497E-5
94500,0.998,2.0751515E-5
94600,0.9980021,2.0729578E-5
94700,0.9980042,2.0707688E-5
94800,0.99800634,2.0685844E-5
94900,0.99800843,2.0664047E-5
95000,0.9980105,2.0642296E-5
95100,0.9980126,2.062059E-5
95200,0.9980147,2.0598929E-5
95300,0.9980168,2.0577314E-5
95400,0.99801886,2.0555744E-5
95500,0.99802095,2.053422E-5
95600,0.99802303,2.0512742E-5
95700,0.99802506,2.0491307E-5
95800,0.99802715,2.0469917E-5
95900,0.9980292,2.0448573E-5
96000,0.99803126,2.0427271E-5
96100,0.9980333,2.0406016E-5
96200,0.9980354,2.0384803E-5
96300,0.9980374,2.0363635E-5
96400,0.9980394,2.0342512E-5
96500,0.99804145,2.0321431E-5
96600,0.9980435,2.0300395E-5
96700,0.9980455,2.0279402E-5
96800,0.99804753,2.025845E-5
96900,0.99804956,2.0237545E-5
97000,0.9980515,2.0216681E-5
97100,0.99805355,2.0195861E-5
97200,0.9980556,2.0175083E-5
97300,0.99805754,2.0154348E-5
97400,0.9980596,2.0133655E-5
97500,0.99806154,2.0113006E-5
97600,0.9980635,2.0092399E-5
97700,0.99806553,2.0071833E-5
97800,0.9980675,2.005131E-5
97900,0.99806947,2.0030828E-5
98000,0.99807143,2.0010388E-5
98100,0.9980734,1.9989991E-5
98200,0.99807537,1.9969635E-5
98300,0.99807733,1.9949319E-5
98400,0.99807924,1.9929046E-5
98500,0.9980812,1.9908814E-5
98600,0.9980832,1.9888621E-5
98700,0.9980851,1.986847E-5
98800,0.99808705,1.9848361E-5
98900,0.99808896,1.9828292E-5
99000,0.9980909,1.9808263E-5
99100,0.99809283,1.9788275E-5
99200,0.99809474,1.9768328E-5
99300,0.9980967,1.974842E-5
99400,0.9980986,1.9728552E-5
99500,0.9981005,1.9708725E-5
99600,0.9981024,1.9688936E-5
99700,0.99810433,1.9669189E-5
99800,0.99810624,1.964948E-5
99900,0.9981081,1.9629812E-5
100000,0.99811,1.9610181E-5
